ADM3_PCODE,ADM3_EN,date,forecast_cases,step_ahead
ET070205,Misrak Badawacho,2025-01-01,157.75967,1
ET010215,Ahsea,2025-01-01,146.11153,1
ET010217,Hahayle,2025-01-01,74.00693,1
ET070204,Shashogo,2025-01-01,184.83884,1
ET070604,Humbo,2025-01-01,221.1474,1
ET070202,Gombora,2025-01-01,259.47565,1
ET070616,Tebela town,2025-01-01,60.517754,1
ET070606,Kindo Koyesha,2025-01-01,559.41144,1
ET160029,Chabe Gambeltu,2025-01-01,9.306641,1
ET010213,Axum town,2025-01-01,157.6296,1
ET070201,Misha,2025-01-01,5.043512,1
ET070603,Damot Woide,2025-01-01,187.92322,1
ET070605,Sodo Zuria,2025-01-01,250.0588,1
ET010214,Rama,2025-01-01,326.27768,1
ET070206,Soro,2025-01-01,180.60571,1
ET070104,Gedebano Gutazer Welene,2025-01-01,5.5440793,1
ET010308,Adigrat town,2025-01-01,16.868908,1
ET010216,Egela,2025-01-01,17.47317,1
ET010101,Tahtay Adiyabo,2025-01-01,863.3572,1
ET010112,Adi Hageray,2025-01-01,270.9287,1
ET070615,Boditi town,2025-01-01,173.54045,1
ET070504,Bule,2025-01-01,4.1460743,1
ET070609,Damot Sore,2025-01-01,200.55573,1
ET070306,Doyogena,2025-01-01,18.146852,1
ET010201,Chila,2025-01-01,383.6865,1
ET010109,Selekleka,2025-01-01,213.53699,1
ET070114,Welkite town,2025-01-01,216.52965,1
ET070109,Gumer,2025-01-01,2.0994804,1
ET070305,Hadero Tunto,2025-01-01,183.11397,1
ET070618,Gununo Hamus town,2025-01-01,164.53412,1
ET010202,Aheferom,2025-01-01,157.2006,1
ET070304,Kacha Bira,2025-01-01,127.36176,1
ET070505,Dila Zuria,2025-01-01,120.7296,1
ET010222,Tanqua Melashe,2025-01-01,201.88501,1
ET010108,Indasilassie town,2025-01-01,842.0584,1
ET010203,Edaga arbi,2025-01-01,102.39238,1
ET070612,Duguna Fango,2025-01-01,213.94069,1
ET010305,Hawzen,2025-01-01,161.36066,1
ET070506,Gedeb,2025-01-01,23.398598,1
ET160032,Bilate Zuria,2025-01-01,121.604576,1
ET070302,Angacha,2025-01-01,18.261202,1
ET070115,Butajira town,2025-01-01,150.46507,1
ET070108,Endiguagn,2025-01-01,5.9944367,1
ET160035,Chuko town,2025-01-01,50.22231,1
ET010304,Ganta Afeshum,2025-01-01,15.0669365,1
ET010301,Gulo Mekeda,2025-01-01,13.068746,1
ET010116,May Tsebri town,2025-01-01,41.838665,1
ET070307,Damboya,2025-01-01,24.39491,1
ET070610,Kindo Daddaye,2025-01-01,189.2292,1
ET070111,Enemor Ener,2025-01-01,84.557945,1
ET070312,Hadero town,2025-01-01,86.13973,1
ET010302,Erob,2025-01-01,39.66316,1
ET010113,Tsimbla,2025-01-01,876.8841,1
ET070501,Wenago,2025-01-01,38.374695,1
ET070310,Shinshincho town,2025-01-01,49.864635,1
ET160034,Daella,2025-01-01,2.1775737,1
ET010303,Saesie,2025-01-01,12.579907,1
ET010114,Endabaguna town,2025-01-01,238.38101,1
ET070112,Muhur Na Aklil,2025-01-01,11.68123,1
ET070301,Tembaro,2025-01-01,449.93396,1
ET070309,Adilo,2025-01-01,163.20818,1
ET070502,Yirgachefe,2025-01-01,25.030783,1
ET010111,Adi Daero,2025-01-01,197.7598,1
ET010115,Dima (TG),2025-01-01,31.178976,1
ET070308,Durame town,2025-01-01,99.603966,1
ET160033,Darara,2025-01-01,121.6863,1
ET160027,Chirone,2025-01-01,11.139894,1
ET070110,Cheha,2025-01-01,153.62431,1
ET070503,Kochere,2025-01-01,34.86513,1
ET070611,Damot Pullasa,2025-01-01,447.7383,1
ET070113,Geta,2025-01-01,1.7439624,1
ET010110,Seyemti Adyabo,2025-01-01,75.93863,1
ET070619,Hobicha Abaya,2025-01-01,191.04976,1
ET070207,Duna,2025-01-01,8.155734,1
ET010221,Keyhe tekli,2025-01-01,295.17453,1
ET010204,Adwa,2025-01-01,203.83742,1
ET070511,Gedeb town,2025-01-01,10.478167,1
ET070614,Areka town,2025-01-01,411.77567,1
ET070211,Hosaena town,2025-01-01,141.85756,1
ET010219,Emba Sieneti,2025-01-01,156.29063,1
ET010210,Abergele (TG),2025-01-01,480.77106,1
ET070106,Meskan,2025-01-01,12.677101,1
ET160036,Wondo-Genet town,2025-01-01,44.774418,1
ET070210,Gibe,2025-01-01,175.3314,1
ET070512,Yirgachefe town,2025-01-01,23.2129,1
ET010211,Abi Adi town,2025-01-01,159.60582,1
ET070607,Ofa,2025-01-01,151.09145,1
ET070209,Mirab Badowach,2025-01-01,156.66191,1
ET070119,Debub Sodo,2025-01-01,120.41598,1
ET010307,Atsbi,2025-01-01,27.518906,1
ET010103,Zana,2025-01-01,727.4299,1
ET010218,Endafelasi,2025-01-01,217.8449,1
ET010212,Adwa town,2025-01-01,184.47115,1
ET160030,Daye town,2025-01-01,23.409859,1
ET070208,Analemmo,2025-01-01,17.788292,1
ET070602,Damot Gale,2025-01-01,242.12943,1
ET070105,Sodo,2025-01-01,19.48679,1
ET070120,Enor Ener,2025-01-01,56.457886,1
ET010102,Laelay Adiabo,2025-01-01,290.5589,1
ET010209,Naeder,2025-01-01,199.36397,1
ET070617,Gesuba town,2025-01-01,186.25897,1
ET070118,Misrak Meskan,2025-01-01,27.721628,1
ET010104,Tahtay Koraro,2025-01-01,658.61053,1
ET160026,Teticha,2025-01-01,7.5969214,1
ET070217,Mirab Soro,2025-01-01,41.43721,1
ET010107,Sheraro town,2025-01-01,831.4477,1
ET070116,Emdebir town,2025-01-01,12.892332,1
ET010206,Tahtay Mayechew,2025-01-01,334.1273,1
ET070508,Chelelektu town,2025-01-01,117.52114,1
ET070608,Boloso Bombe,2025-01-01,496.724,1
ET070613,Sodo Town,2025-01-01,560.3258,1
ET010220,Enticho town,2025-01-01,7.40364,1
ET070216,Siraro Badawacho,2025-01-01,26.961052,1
ET070107,Mareko,2025-01-01,166.71873,1
ET070507,Dila town,2025-01-01,894.63116,1
ET010106,Tselemti,2025-01-01,32.527798,1
ET070117,Bui town,2025-01-01,4.7006874,1
ET070214,Jajura town,2025-01-01,14.906335,1
ET070509,Rape,2025-01-01,5.9566755,1
ET160031,Hokko,2025-01-01,34.02539,1
ET010105,Asgede,2025-01-01,894.21234,1
ET070213,Gimbichu town,2025-01-01,30.37976,1
ET160028,Shafamo,2025-01-01,4.878804,1
ET070212,Shone Town,2025-01-01,147.49678,1
ET070510,Churso,2025-01-01,13.434464,1
ET010306,Kelete Awelallo,2025-01-01,11.102892,1
ET070620,Kawo Koisha,2025-01-01,192.21931,1
ET010207,Adet,2025-01-01,343.33774,1
ET010208,Kola Temben,2025-01-01,622.71277,1
ET071503,Zala,2025-01-01,257.77124,1
ET160025,Dara Otilicho,2025-01-01,11.040495,1
ET041111,Harena Buluk,2025-01-01,24.61821,1
ET030904,Guangua,2025-01-01,539.91943,1
ET041110,Goba (OR),2025-01-01,2.4537103,1
ET041109,Sinana,2025-01-01,18.68765,1
ET030905,Fagta Lakoma,2025-01-01,24.01029,1
ET072401,Yem SP Woreda,2025-01-01,139.74687,1
ET030906,Jawi,2025-01-01,1906.5825,1
ET041106,Gasera,2025-01-01,21.414434,1
ET120308,Mengesh,2025-01-01,2379.6228,1
ET041104,Agarfa,2025-01-01,19.692774,1
ET030903,Ankasha,2025-01-01,148.51546,1
ET030907,Guagusa Shikudad,2025-01-01,115.353806,1
ET041098,Kumbi,2025-01-01,29.06805,1
ET030908,Ayehu Guwagusa,2025-01-01,772.951,1
ET110101,Anderacha,2025-01-01,39.216812,1
ET030996,Injibara town,2025-01-01,133.89706,1
ET041097,Deder town,2025-01-01,3.4683912,1
ET030997,Zigem,2025-01-01,551.4052,1
ET041089,Goro Muti,2025-01-01,16.364721,1
ET120206,Gambela town,2025-01-01,3302.3018,1
ET041019,Haromaya town,2025-01-01,10.447962,1
ET030998,Dangila town,2025-01-01,36.74658,1
ET041099,Aweday town,2025-01-01,13.125367,1
ET041112,Mena (Bale),2025-01-01,17.670477,1
ET072304,Derashe Special,2025-01-01,544.54083,1
ET120407,Itang,2025-01-01,1021.34186,1
ET041211,Dire,2025-01-01,9.879332,1
ET130102,Shenkor,2025-01-01,11.7944565,1
ET041210,Moyale (OR),2025-01-01,24.504648,1
ET041208,Arero,2025-01-01,31.07261,1
ET030801,Zequala,2025-01-01,189.12204,1
ET030803,Dehana,2025-01-01,247.61548,1
ET072102,Amaro,2025-01-01,199.26305,1
ET041207,Yabelo,2025-01-01,10.821845,1
ET030804,Gaz Gibla,2025-01-01,9.931905,1
ET041122,Dinsho,2025-01-01,1.1222111,1
ET030805,Abergele (AM),2025-01-01,264.64774,1
ET041120,Goba town,2025-01-01,4.957452,1
ET041119,Robe Town,2025-01-01,9.757017,1
ET130101,Sofi,2025-01-01,19.624353,1
ET030806,Sahila,2025-01-01,199.20442,1
ET072203,Burji Special,2025-01-01,37.6952,1
ET041116,Goro (Bale),2025-01-01,24.22323,1
ET030807,Sekota town,2025-01-01,177.99858,1
ET041115,Gura Damole,2025-01-01,23.13423,1
ET030808,Tsagbeji,2025-01-01,21.089905,1
ET041114,Berbere,2025-01-01,29.277775,1
ET041113,Meda Welabu,2025-01-01,12.257907,1
ET030901,Dangila,2025-01-01,278.6324,1
ET110102,Masha,2025-01-01,25.347517,1
ET030799,Adete town,2025-01-01,228.89825,1
ET041018,Meyu Muleke,2025-01-01,10.655127,1
ET041017,Golo Oda,2025-01-01,6.9801917,1
ET031108,Lay Armacho,2025-01-01,201.10608,1
ET041004,Babile (OR),2025-01-01,13.591199,1
ET041003,Gursum (OR),2025-01-01,5.367934,1
ET031109,Wegera,2025-01-01,160.01251,1
ET031110,Gonder Zuria,2025-01-01,2078.0146,1
ET110201,Saylem,2025-01-01,10.625879,1
ET041002,Jarso (East Hararghe),2025-01-01,529.51385,1
ET031111,East Dembia,2025-01-01,1608.2212,1
ET041001,Kombolcha,2025-01-01,10.898079,1
ET120202,Gambela Zuria,2025-01-01,702.0952,1
ET041005,Fedis,2025-01-01,111.96976,1
ET041000,Babile town,2025-01-01,10.791298,1
ET031115,Alefa,2025-01-01,727.50824,1
ET031116,West Belesa,2025-01-01,590.91034,1
ET110202,Gesha,2025-01-01,41.583454,1
ET040991,Gumbi Bordede,2025-01-01,15.403343,1
ET031117,East Belesa,2025-01-01,1779.022,1
ET040915,Hawi Gudina,2025-01-01,15.815004,1
ET031118,Gondar town,2025-01-01,1240.7037,1
ET040914,Bedesa,2025-01-01,4.410931,1
ET040913,Chiro Zuria,2025-01-01,5.0998616,1
ET120201,Abobo,2025-01-01,1290.0509,1
ET040998,Burqua Dhintu,2025-01-01,18.910877,1
ET120203,Gog,2025-01-01,754.7267,1
ET041006,Haro Maya,2025-01-01,82.46756,1
ET110105,Masha town,2025-01-01,18.184158,1
ET031001,Dewa Cheffa,2025-01-01,84.089874,1
ET041016,Girawa,2025-01-01,6.1118274,1
ET041015,Chinaksen,2025-01-01,6.2324314,1
ET031002,Bati,2025-01-01,29.423025,1
ET120205,Dima (GM),2025-01-01,651.34515,1
ET110103,Yeki,2025-01-01,763.82526,1
ET041014,Midhaga Tola,2025-01-01,12.970931,1
ET031003,Jilye Tumuga,2025-01-01,162.13084,1
ET041013,Bedeno,2025-01-01,10.79824,1
ET031004,Artuma Fursi,2025-01-01,48.123596,1
ET041012,Melka Balo,2025-01-01,7.920986,1
ET041011,Deder,2025-01-01,9.438324,1
ET031005,Dewa Harewa,2025-01-01,42.46354,1
ET031006,Kemisie town,2025-01-01,54.65337,1
ET120204,Jore,2025-01-01,251.00447,1
ET110104,Tepi,2025-01-01,2680.8904,1
ET041010,Goro Gutu,2025-01-01,7.8741164,1
ET041009,Meta,2025-01-01,8.633526,1
ET031099,Bati Town,2025-01-01,57.480072,1
ET041008,Kersa (East Hararge),2025-01-01,64.4575,1
ET041007,Kurfa Chele,2025-01-01,14.551243,1
ET031106,Chilga 1,2025-01-01,459.4165,1
ET031107,Tegede,2025-01-01,2369.4055,1
ET030999,Chagni town,2025-01-01,555.37897,1
ET041212,Teltale,2025-01-01,244.24419,1
ET072013,Misrak Siltie,2025-01-01,128.02948,1
ET030798,Bure town,2025-01-01,169.87651,1
ET030606,Enemay,2025-01-01,207.2484,1
ET041414,Negele town,2025-01-01,29.524122,1
ET041413,Gora Dola,2025-01-01,27.114687,1
ET030607,Debay Telatgen,2025-01-01,14.857718,1
ET041412,Saba Boru,2025-01-01,127.20324,1
ET140101,Akaki Kality,2025-01-01,29.447777,1
ET030608,Debre Elias,2025-01-01,343.56357,1
ET072005,Dalocha,2025-01-01,114.108765,1
ET041411,Ana Sora,2025-01-01,14.706844,1
ET030609,Michakel,2025-01-01,33.816204,1
ET041482,Aga Wayu,2025-01-01,44.732506,1
ET041410,Girja /Harenfema,2025-01-01,21.33698,1
ET030610,Guzamn,2025-01-01,578.6276,1
ET041408,Dama,2025-01-01,2.9127476,1
ET030611,Baso Liben,2025-01-01,1506.3494,1
ET130109,Abadir,2025-01-01,8.603647,1
ET072006,Sankura,2025-01-01,333.028,1
ET041407,Liben,2025-01-01,20.031965,1
ET030612,Awabel,2025-01-01,164.36882,1
ET041405,Odo Shakiso,2025-01-01,11.6889305,1
ET041404,Wadera,2025-01-01,26.29025,1
ET030613,Dejen,2025-01-01,199.49786,1
ET041409,Arda Jila,2025-01-01,8.400455,1
ET072004,Mierab Azenet Berbere,2025-01-01,2.315858,1
ET030605,Enarj Enawga,2025-01-01,35.361656,1
ET030604,Enebse Sarmder,2025-01-01,208.04556,1
ET072001,Alicho Woriro,2025-01-01,3.8356915,1
ET041518,Melka Soda,2025-01-01,139.7842,1
ET030521,Menze Keya Gabriel,2025-01-01,8.604939,1
ET041517,Gelana (West Guji),2025-01-01,377.43243,1
ET041515,Dugda Dawa,2025-01-01,45.28648,1
ET030522,Menze Lalo Midir,2025-01-01,5.2463813,1
ET041513,Abaya,2025-01-01,437.1786,1
ET030523,Siya Debirna Wayu,2025-01-01,2.3484976,1
ET072002,Siltie,2025-01-01,81.218796,1
ET030595,Shoa Robit,2025-01-01,138.4657,1
ET140103,Kolfe Keraniyo,2025-01-01,39.47759,1
ET041509,Hambela Wamena,2025-01-01,6.636786,1
ET041502,Kercha,2025-01-01,34.890087,1
ET041501,Bule Hora,2025-01-01,53.129044,1
ET030601,Bibugn,2025-01-01,29.50326,1
ET041499,Shakiso town,2025-01-01,145.72383,1
ET030602,Hulet Ej Enese,2025-01-01,243.64548,1
ET072003,Lanfero,2025-01-01,96.213745,1
ET030603,Goncha Siso Enebse,2025-01-01,152.3581,1
ET041497,Gumi Idalo,2025-01-01,41.673782,1
ET041492,Adola town,2025-01-01,21.472027,1
ET140102,Nifas Silk Lafto,2025-01-01,27.205109,1
ET041490,Haro Walabu,2025-01-01,3.2346733,1
ET041403,Adola,2025-01-01,24.18662,1
ET030614,Shebel Bernta,2025-01-01,178.50772,1
ET030615,Debre Markos town,2025-01-01,196.61652,1
ET072007,Misrak Azenet Berbere,2025-01-01,9.74206,1
ET041302,Wenchi,2025-01-01,16.438923,1
ET030708,Dembecha,2025-01-01,199.4468,1
ET041301,Ameya,2025-01-01,220.86066,1
ET041298,Wachile,2025-01-01,26.820576,1
ET030710,Bure (AM),2025-01-01,197.39049,1
ET041296,Yabelo town,2025-01-01,24.625584,1
ET030711,Wemberma,2025-01-01,496.4839,1
ET130104,Hakim,2025-01-01,9.039425,1
ET072011,Kibet town,2025-01-01,12.366422,1
ET041295,Elwaya,2025-01-01,56.040432,1
ET030712,Bahir Dar town,2025-01-01,4964.7515,1
ET041291,Dubluk,2025-01-01,9.467837,1
ET041290,Guchi,2025-01-01,19.741222,1
ET030713,Debub Achefer,2025-01-01,269.77133,1
ET030714,Finote Selam town,2025-01-01,1178.931,1
ET072012,Mito,2025-01-01,139.29102,1
ET041223,Gomole,2025-01-01,20.476542,1
ET030715,Debub Mecha,2025-01-01,54.34151,1
ET130103,Jinela,2025-01-01,11.712953,1
ET041220,Dhas,2025-01-01,15.89694,1
ET041219,Dilo,2025-01-01,55.588577,1
ET041216,Miyo,2025-01-01,17.629122,1
ET030718,Gonje,2025-01-01,223.33786,1
ET030707,Dega Damot,2025-01-01,184.88644,1
ET110203,Gewata,2025-01-01,132.71501,1
ET072010,Worabe town,2025-01-01,105.2449,1
ET130105,Erer (HR),2025-01-01,13.979041,1
ET041402,Bore,2025-01-01,5.5327344,1
ET130108,Aboker,2025-01-01,7.7771645,1
ET041401,Uraga,2025-01-01,4.6170754,1
ET041314,Sodo Daci,2025-01-01,10.109096,1
ET030616,Senan,2025-01-01,5.4544563,1
ET041312,Goro (SW Shewa),2025-01-01,246.39891,1
ET030617,Aneded,2025-01-01,148.85428,1
ET030619,Sedae,2025-01-01,20.807775,1
ET072008,Wulbareg,2025-01-01,144.28264,1
ET041311,Woliso town,2025-01-01,97.27294,1
ET030694,Mota Town,2025-01-01,40.377075,1
ET041310,Seden Sodo,2025-01-01,4.068846,1
ET130107,Amir Nur,2025-01-01,8.365955,1
ET041309,Becho (SW Shewa),2025-01-01,12.560975,1
ET041308,Tole,2025-01-01,9.000805,1
ET030701,Semen Achefer,2025-01-01,397.78488,1
ET030704,Mecha,2025-01-01,165.70735,1
ET072009,Tora town,2025-01-01,113.029274,1
ET041307,Kersana Malima,2025-01-01,9.160943,1
ET030705,Sekela,2025-01-01,250.90538,1
ET041305,Ilu,2025-01-01,12.569993,1
ET041304,Dawo,2025-01-01,12.514684,1
ET030706,Quarit,2025-01-01,181.93779,1
ET041303,Waliso,2025-01-01,15.077495,1
ET031119,Masero Denb /Central Armacho,2025-01-01,520.016,1
ET040912,Gemechis,2025-01-01,9.775419,1
ET031120,Tach Armacho,2025-01-01,1668.9772,1
ET040597,Liban Jawi,2025-01-01,25.864548,1
ET040297,Nekemte town,2025-01-01,380.99008,1
ET110306,Gidi Bench,2025-01-01,237.14049,1
ET110501,Gachit,2025-01-01,617.45593,1
ET040594,Meta Walkite,2025-01-01,27.631334,1
ET040301,Darimu,2025-01-01,2078.3625,1
ET040592,Cobi,2025-01-01,29.323818,1
ET040302,Alge Sachi,2025-01-01,188.78497,1
ET040590,Ejersa Lafo,2025-01-01,11.221632,1
ET040309,Yayu,2025-01-01,114.34843,1
ET040601,Wara Jarso,2025-01-01,39.154816,1
ET110307,Mizan Aman town,2025-01-01,760.5786,1
ET040310,Metu Zuria,2025-01-01,146.7283,1
ET040518,Jibat,2025-01-01,22.476866,1
ET110412,Gesa town,2025-01-01,18.359467,1
ET040517,Toke Kutaye,2025-01-01,19.498404,1
ET040311,Ale,2025-01-01,11.798839,1
ET040516,Abuna Ginde Beret,2025-01-01,30.75538,1
ET040312,Bure (OR),2025-01-01,267.6338,1
ET110308,Size town,2025-01-01,256.3732,1
ET040515,Ambo town,2025-01-01,34.153008,1
ET040313,Sale Nono,2025-01-01,71.824196,1
ET040519,Ifata,2025-01-01,19.161627,1
ET040217,Kiremu,2025-01-01,147.27962,1
ET040602,Dera (OR),2025-01-01,198.88828,1
ET040216,Wama Hagalo,2025-01-01,121.389984,1
ET040208,Gobu Seyo,2025-01-01,166.59612,1
ET040617,Aleltu,2025-01-01,1.9475157,1
ET040209,Sibu Sire,2025-01-01,132.44424,1
ET110303,Debub Bench,2025-01-01,962.59406,1
ET040615,Jida,2025-01-01,1.0216852,1
ET040210,Diga,2025-01-01,268.68732,1
ET040614,Yaya Gulele,2025-01-01,27.57602,1
ET040211,Sasiga,2025-01-01,349.15918,1
ET040613,Fiche town,2025-01-01,19.32594,1
ET110503,Gori Gesha,2025-01-01,167.55724,1
ET040610,Kimbibit,2025-01-01,1.5389321,1
ET040212,Leka Dulecha,2025-01-01,304.86502,1
ET110304,Shay Bench,2025-01-01,828.983,1
ET040609,Abichugna Gne'a,2025-01-01,1.1580312,1
ET040213,Guto Gida,2025-01-01,394.09445,1
ET040607,Debre Libanos,2025-01-01,3.2872484,1
ET040214,Jimma Arjo,2025-01-01,379.9989,1
ET040605,Degem,2025-01-01,17.04546,1
ET040604,Kuyu,2025-01-01,35.742466,1
ET040215,Nunu Kumba,2025-01-01,155.22662,1
ET110502,Menit Goldiye,2025-01-01,287.02075,1
ET110305,Semen Bench,2025-01-01,743.1065,1
ET040603,Hidabu Abote,2025-01-01,32.75539,1
ET040514,Meta Robi,2025-01-01,8.32157,1
ET040314,Becho (Ilu Aba Bora),2025-01-01,55.05353,1
ET040513,Adda Berga,2025-01-01,9.869357,1
ET040511,Ejere /Addis Alem,2025-01-01,9.786351,1
ET040404,Tiro Afeta,2025-01-01,87.13355,1
ET040405,Kersa (Jimma),2025-01-01,115.08163,1
ET110404,Gena,2025-01-01,325.16034,1
ET040495,Botor Tolay,2025-01-01,103.88726,1
ET040406,Mena (Jimma),2025-01-01,51.90946,1
ET040491,Omo Beyam,2025-01-01,83.77115,1
ET110408,Mari Mansa,2025-01-01,68.50778,1
ET040490,Mancho,2025-01-01,104.43579,1
ET040418,Jimma town,2025-01-01,623.7252,1
ET040407,Goma,2025-01-01,257.48904,1
ET110405,Isara,2025-01-01,140.56783,1
ET040408,Gera,2025-01-01,128.54669,1
ET040417,Agaro town,2025-01-01,83.81646,1
ET040409,Seka Chekorsa,2025-01-01,185.28572,1
ET040416,Gumay,2025-01-01,8.084597,1
ET040410,Dedo,2025-01-01,79.55515,1
ET040415,Chora (Jimma),2025-01-01,100.07972,1
ET110407,Tercha Zuriya,2025-01-01,246.07555,1
ET110406,Kachi,2025-01-01,39.41142,1
ET040414,Shebe Sambo,2025-01-01,203.19635,1
ET040411,Omo Nada,2025-01-01,408.8462,1
ET040413,Setema,2025-01-01,39.43174,1
ET040412,Sigmo,2025-01-01,62.78883,1
ET040499,Nono Benja,2025-01-01,496.11542,1
ET040701,Fentale,2025-01-01,440.2231,1
ET040500,Illu Galan,2025-01-01,278.77618,1
ET040501,Ginde Beret,2025-01-01,41.784027,1
ET110411,Tercha town,2025-01-01,486.77493,1
ET040315,Bilo Nopha,2025-01-01,108.61489,1
ET110401,Tocha,2025-01-01,50.780354,1
ET040510,Dendi,2025-01-01,11.158624,1
ET040316,Hurumu,2025-01-01,35.96049,1
ET040509,Tikur Enchini,2025-01-01,4.4246755,1
ET040317,Didu,2025-01-01,35.821617,1
ET040508,Nono,2025-01-01,185.80826,1
ET040507,Dano,2025-01-01,165.98438,1
ET040319,Halu /Huka,2025-01-01,79.071594,1
ET110410,Zabagazo,2025-01-01,356.02332,1
ET110402,Mareka,2025-01-01,109.82752,1
ET040506,Bako Tibe,2025-01-01,485.5294,1
ET040320,Metu town,2025-01-01,208.78326,1
ET040505,Cheliya,2025-01-01,27.393606,1
ET040324,Dorani,2025-01-01,35.095177,1
ET040504,Mida Kegn,2025-01-01,40.599155,1
ET040503,Ambo Zuria,2025-01-01,23.152973,1
ET040401,Limu Seka,2025-01-01,120.70261,1
ET040402,Limu Kosa,2025-01-01,77.09868,1
ET110403,Loma,2025-01-01,449.62726,1
ET040502,Jeldu,2025-01-01,12.073141,1
ET110409,Disa,2025-01-01,300.91696,1
ET040403,Sekoru,2025-01-01,164.35408,1
ET140104,Bole,2025-01-01,58.450325,1
ET110504,Menit Shasha,2025-01-01,438.35822,1
ET040207,Bila Seyo,2025-01-01,91.901215,1
ET040825,Asela town,2025-01-01,11.91608,1
ET120103,Jikawo,2025-01-01,639.0333,1
ET040824,Inkolo Wabe,2025-01-01,2.4181101,1
ET040103,Gimbi,2025-01-01,668.7978,1
ET110207,Cheta,2025-01-01,77.32673,1
ET040823,Bele Gesgar,2025-01-01,20.865108,1
ET040104,Lalo Asabi,2025-01-01,426.3681,1
ET040822,Diksis,2025-01-01,2.0260675,1
ET040105,Kiltu Kara,2025-01-01,488.62186,1
ET040821,Lude Hitosa,2025-01-01,4.91145,1
ET040102,Nejo,2025-01-01,818.9918,1
ET040820,Sire,2025-01-01,15.583832,1
ET120102,Lare,2025-01-01,468.9817,1
ET110208,Decha,2025-01-01,325.44482,1
ET040819,Guna,2025-01-01,4.3407474,1
ET040107,Ayira,2025-01-01,370.116,1
ET040818,Limu Bilbilo,2025-01-01,2.826641,1
ET040109,Gudetu Kondole,2025-01-01,1012.2047,1
ET040817,Munessa,2025-01-01,3.0683477,1
ET040816,Tiyo,2025-01-01,7.415391,1
ET040110,Boji Chekorsa,2025-01-01,410.25424,1
ET040111,Babo,2025-01-01,989.91376,1
ET040106,Boji Dirmeji,2025-01-01,344.2392,1
ET040893,Shanan Kolu,2025-01-01,31.107264,1
ET040101,Mana Sibu,2025-01-01,1659.8485,1
ET040894,Bekoji town,2025-01-01,3.6006296,1
ET040910,Boke,2025-01-01,12.607532,1
ET031121,Takusa,2025-01-01,931.5947,1
ET040909,Daro Lebu,2025-01-01,8.027295,1
ET040908,Habro,2025-01-01,13.415682,1
ET031122,Kinfaz Begela,2025-01-01,448.58926,1
ET110204,Gimbo,2025-01-01,132.92586,1
ET120105,Makuey,2025-01-01,457.2836,1
ET040907,Goba Koricha,2025-01-01,15.013378,1
ET031125,West Dembiya,2025-01-01,1422.674,1
ET040906,Anchar,2025-01-01,17.574368,1
ET031205,Adagn Ager Chaqo,2025-01-01,503.4199,1
ET040905,Chiro town,2025-01-01,18.276382,1
ET031206,Mirab Armacho,2025-01-01,1663.9526,1
ET110205,Adiyio,2025-01-01,63.949482,1
ET040904,Mesela,2025-01-01,7.1842237,1
ET031213,Metema,2025-01-01,2431.4932,1
ET040903,Tulo (OR),2025-01-01,12.276193,1
ET120104,Wantawo,2025-01-01,461.0855,1
ET040902,Doba,2025-01-01,6.0455537,1
ET031214,Quara,2025-01-01,2514.5408,1
ET040901,Mieso,2025-01-01,19.120018,1
ET031292,Gendawuha town,2025-01-01,662.9195,1
ET110206,Tullo,2025-01-01,65.62268,1
ET120101,Akobo,2025-01-01,115.39188,1
ET110209,Chena,2025-01-01,236.39603,1
ET040815,Degeluna Tijo,2025-01-01,2.159522,1
ET040814,Shirka,2025-01-01,13.023511,1
ET040198,Mendi town,2025-01-01,194.03957,1
ET040714,Adama town,2025-01-01,289.85455,1
ET110506,Surma,2025-01-01,297.51712,1
ET110213,Shisho Ande,2025-01-01,203.48994,1
ET040711,Liben Chukala,2025-01-01,16.296864,1
ET040199,Nejo town,2025-01-01,292.67084,1
ET040710,Bora (OR),2025-01-01,17.04959,1
ET040201,Limu (OR),2025-01-01,372.28604,1
ET040709,Bishoftu town,2025-01-01,62.427242,1
ET040202,Ibantu,2025-01-01,147.3885,1
ET040708,Adama Tulu Jido Kombolcha,2025-01-01,987.79565,1
ET040203,Gida Ayana,2025-01-01,389.51834,1
ET110301,Sheko,2025-01-01,444.50317,1
ET040707,Dugda,2025-01-01,177.6716,1
ET110505,Bero,2025-01-01,441.9678,1
ET040706,Ada'a,2025-01-01,9.429952,1
ET040204,Haro Limu,2025-01-01,242.18912,1
ET040705,Gimbichu,2025-01-01,9.980357,1
ET040205,Boneya Boshe,2025-01-01,386.1327,1
ET040704,Lome (OR),2025-01-01,96.247925,1
ET040206,Wayu Tuka,2025-01-01,185.54768,1
ET110302,Gurafereda,2025-01-01,725.6232,1
ET040703,Adama,2025-01-01,13.063235,1
ET040799,Metehara town,2025-01-01,265.40384,1
ET040702,Boset,2025-01-01,162.45393,1
ET040197,Leta Sibu,2025-01-01,277.6422,1
ET040193,Gimbi town,2025-01-01,350.77084,1
ET040112,Yubdo,2025-01-01,613.55774,1
ET040813,Tena,2025-01-01,3.4836156,1
ET040812,Robe,2025-01-01,17.252789,1
ET040113,Gaji,2025-01-01,252.14769,1
ET040114,Haru,2025-01-01,411.61804,1
ET110210,Bita,2025-01-01,172.31093,1
ET040811,Seru,2025-01-01,28.739428,1
ET110601,Konta,2025-01-01,1075.2649,1
ET040809,Chole,2025-01-01,16.109123,1
ET040115,Nole Kaba,2025-01-01,268.33444,1
ET040808,Sude,2025-01-01,14.811018,1
ET040807,Hitosa,2025-01-01,7.2447705,1
ET040116,Begi,2025-01-01,586.2436,1
ET110211,Bonga town,2025-01-01,392.07986,1
ET040117,Homa,2025-01-01,172.52748,1
ET040806,Ziway Dugda,2025-01-01,45.180676,1
ET040118,Sayo Nole,2025-01-01,249.67717,1
ET040804,Jeju,2025-01-01,15.553873,1
ET110507,Maji,2025-01-01,175.77692,1
ET040803,Golocha,2025-01-01,33.56342,1
ET040119,Guliso,2025-01-01,793.7717,1
ET110212,Goba (SP),2025-01-01,54.693703,1
ET040802,Aseko,2025-01-01,23.318726,1
ET040801,Merti,2025-01-01,216.9329,1
ET030520,Debre Berhan town,2025-01-01,9.066,1
ET041587,Bule Hora town,2025-01-01,27.005003,1
ET030519,Basona Worena,2025-01-01,3.4355614,1
ET020111,Asayita town,2025-01-01,193.27635,1
ET050608,Berocano,2025-01-01,56.129917,1
ET020198,Samera Logiya town,2025-01-01,143.30058,1
ET050607,Ferfer,2025-01-01,65.91421,1
ET020201,Erebti,2025-01-01,75.4096,1
ET071007,Ezo /Kogota,2025-01-01,33.48699,1
ET020202,Kunneba,2025-01-01,54.12414,1
ET050606,Mustahil,2025-01-01,79.57746,1
ET050605,Kelafo,2025-01-01,216.8206,1
ET160012,Malga,2025-01-01,12.096292,1
ET050696,Godey town,2025-01-01,90.32835,1
ET050604,Gode,2025-01-01,51.594013,1
ET050603,Danan,2025-01-01,166.432,1
ET020205,Berahile,2025-01-01,109.97924,1
ET071008,Dita,2025-01-01,24.022602,1
ET020206,Dalol,2025-01-01,131.7941,1
ET050602,Adadle,2025-01-01,154.33351,1
ET050601,East Imi,2025-01-01,50.205727,1
ET020207,Afdera,2025-01-01,59.746994,1
ET050599,Bodaley,2025-01-01,32.649612,1
ET160011,Gorche,2025-01-01,10.391909,1
ET050598,El-Ogaden,2025-01-01,44.871376,1
ET020203,Abaala,2025-01-01,48.36481,1
ET050698,Elale,2025-01-01,39.035206,1
ET160013,Wonosho,2025-01-01,10.868099,1
ET071006,Chencha Zuriya,2025-01-01,24.420225,1
ET020102,Elidar,2025-01-01,53.795723,1
ET050804,Elkare /Serer,2025-01-01,46.29428,1
ET020103,Asayita,2025-01-01,181.88911,1
ET160015,Bursa,2025-01-01,15.141754,1
ET050802,Charati,2025-01-01,255.42996,1
ET050799,Galhamur,2025-01-01,34.728386,1
ET020104,Afambo,2025-01-01,183.64062,1
ET071004,Boreda,2025-01-01,622.08154,1
ET050798,Lehel-Yucub,2025-01-01,24.179949,1
ET020105,Mile,2025-01-01,190.93027,1
ET050788,Daratole,2025-01-01,22.888155,1
ET020106,Chifra,2025-01-01,353.65417,1
ET050704,Warder,2025-01-01,28.683863,1
ET160014,Chire,2025-01-01,26.591244,1
ET050703,Galadi,2025-01-01,44.497204,1
ET020107,Dubti town,2025-01-01,75.609,1
ET071005,Mirab Abaya,2025-01-01,703.56415,1
ET050702,Bokh,2025-01-01,27.028786,1
ET020108,Kori,2025-01-01,47.40164,1
ET050701,Danod,2025-01-01,29.880314,1
ET020109,Adar,2025-01-01,293.9325,1
ET050699,Aba-Korow,2025-01-01,35.73031,1
ET020110,Gerani,2025-01-01,74.117714,1
ET020208,Bidu,2025-01-01,20.7418,1
ET071009,Daramalo,2025-01-01,599.2715,1
ET020209,Abaala town,2025-01-01,41.33401,1
ET050597,Higloley,2025-01-01,47.586227,1
ET160008,Bensa,2025-01-01,15.196056,1
ET050404,Hamero,2025-01-01,38.43629,1
ET050403,Salahad,2025-01-01,27.416155,1
ET020403,Teru,2025-01-01,103.25196,1
ET020404,Yalo,2025-01-01,329.18735,1
ET071013,Gerese,2025-01-01,216.22745,1
ET050402,Fik,2025-01-01,22.923588,1
ET050399,Dig,2025-01-01,22.99733,1
ET020405,Gulina,2025-01-01,657.38934,1
ET050395,Ararso,2025-01-01,9.751917,1
ET020501,Telalek,2025-01-01,284.78372,1
ET160007,Hulla,2025-01-01,22.583681,1
ET050394,Burqod,2025-01-01,32.063816,1
ET020502,Samurobi,2025-01-01,53.296867,1
ET071014,Bonke,2025-01-01,33.25958,1
ET050392,Daror,2025-01-01,54.600624,1
ET050382,Yocale,2025-01-01,17.82058,1
ET020503,Dawe,2025-01-01,67.75735,1
ET050307,Degahabur town,2025-01-01,33.95989,1
ET020504,Dalefage,2025-01-01,241.6503,1
ET050306,Bilcil-Bur,2025-01-01,12.568054,1
ET160006,Dara,2025-01-01,164.03354,1
ET020505,Hadelela,2025-01-01,231.92764,1
ET020402,Euwa,2025-01-01,261.45352,1
ET050805,West Imi,2025-01-01,98.494865,1
ET050407,Lagahida,2025-01-01,29.954124,1
ET020401,Awra (AF),2025-01-01,230.34079,1
ET050596,Lasdhankayre,2025-01-01,40.036896,1
ET020301,Amibara,2025-01-01,790.9769,1
ET050595,Goglo,2025-01-01,28.307236,1
ET020302,Awash,2025-01-01,224.51614,1
ET050592,Kebridehar town,2025-01-01,179.51,1
ET160010,Boricha,2025-01-01,346.22366,1
ET071010,Chencha,2025-01-01,17.160208,1
ET020303,Gewane,2025-01-01,63.295563,1
ET050586,Marsin,2025-01-01,28.145555,1
ET050504,Debeweyin,2025-01-01,70.850494,1
ET020304,Dulecha,2025-01-01,224.80109,1
ET050503,Shilabo,2025-01-01,165.61533,1
ET020305,Gelalu,2025-01-01,249.31004,1
ET050501,Shaygosh,2025-01-01,87.997406,1
ET020306,Arguba,2025-01-01,39.94149,1
ET160009,Aroresa,2025-01-01,12.035495,1
ET071011,Kemba,2025-01-01,239.73398,1
ET050499,Wangey,2025-01-01,22.840244,1
ET050498,Yahob,2025-01-01,32.3842,1
ET020307,Hanruka,2025-01-01,274.75833,1
ET050497,Qubi,2025-01-01,32.70258,1
ET020396,Awash town,2025-01-01,51.59902,1
ET050408,Meyumuluka,2025-01-01,21.915438,1
ET071012,Kemba town,2025-01-01,54.29802,1
ET071015,Arba Minch Zuria,2025-01-01,945.49976,1
ET071003,Selamber town,2025-01-01,343.09894,1
ET050806,Hargele,2025-01-01,185.45296,1
ET060305,Bambasi,2025-01-01,885.437,1
ET010403,Neqsege,2025-01-01,7.713804,1
ET060304,Sherkole,2025-01-01,2052.0244,1
ET010404,Emba Alaje,2025-01-01,6.1577992,1
ET060303,Assosa,2025-01-01,2261.9333,1
ET010405,Endamehoni,2025-01-01,6.6110263,1
ET160022,Leku town,2025-01-01,156.32164,1
ET060302,Kurmuk,2025-01-01,481.29816,1
ET070703,North Ari,2025-01-01,194.1311,1
ET060301,Menge,2025-01-01,768.0729,1
ET070702,South Ari,2025-01-01,242.97743,1
ET010406,Raya Azebo,2025-01-01,807.3837,1
ET010407,Raya Alamata,2025-01-01,177.33853,1
ET060206,Pawe,2025-01-01,2889.139,1
ET010408,Ofla,2025-01-01,12.010842,1
ET060205,Dibate,2025-01-01,936.9634,1
ET160021,Aleta Wondo town,2025-01-01,34.849083,1
ET070704,Hamer,2025-01-01,701.50793,1
ET060204,Mandura,2025-01-01,1157.167,1
ET010409,Maichew town,2025-01-01,6.0944695,1
ET060203,Wembera,2025-01-01,561.21594,1
ET010410,Korem town,2025-01-01,11.206331,1
ET060207,Bulen,2025-01-01,912.14044,1
ET010401,Selewa,2025-01-01,11.721073,1
ET060306,Bilidigilu,2025-01-01,301.27963,1
ET060307,Homosha,2025-01-01,243.07616,1
ET070621,Abela Abaya,2025-01-01,191.39233,1
ET070103,Ezha,2025-01-01,8.286276,1
ET070102,Abeshege,2025-01-01,146.09105,1
ET010310,Bizet,2025-01-01,5.146987,1
ET070101,Kebena,2025-01-01,139.82726,1
ET010311,Edaga Hamus town,2025-01-01,3.8531353,1
ET060508,Maokomo Special,2025-01-01,832.1128,1
ET010313,Freweyni town,2025-01-01,5.080912,1
ET070622,Bayera Koisha,2025-01-01,176.92863,1
ET060405,Mizyiga,2025-01-01,452.10352,1
ET010314,Tsaeda Emba,2025-01-01,20.04829,1
ET160024,Bura,2025-01-01,1.9256533,1
ET060404,Dembe,2025-01-01,446.97763,1
ET060403,Kamashi,2025-01-01,479.39478,1
ET010315,Atsbi town,2025-01-01,5.4512167,1
ET060400,Kamashi town,2025-01-01,484.9863,1
ET010316,Agulae,2025-01-01,14.22152,1
ET070701,Salamago,2025-01-01,1708.436,1
ET060309,Assosa town Administration,2025-01-01,907.437,1
ET010317,Geraleta,2025-01-01,6.7439547,1
ET060308,Undulu,2025-01-01,327.01193,1
ET010318,Zala Anbesa town,2025-01-01,2.5666168,1
ET160023,Hawela,2025-01-01,19.629408,1
ET060202,Guba,2025-01-01,689.1974,1
ET010411,Alamata town,2025-01-01,279.3773,1
ET060201,Dangur,2025-01-01,849.05414,1
ET010412,Mekhoni town,2025-01-01,13.757311,1
ET050999,Bokolmayo,2025-01-01,34.104424,1
ET050991,Deka Suftu,2025-01-01,41.701523,1
ET010509,May Gaba,2025-01-01,15.766119,1
ET050904,Guradamole,2025-01-01,43.347435,1
ET010601,Saharti,2025-01-01,167.77863,1
ET050903,Goro Baqaqsa,2025-01-01,46.141167,1
ET010603,Hintalo,2025-01-01,19.369707,1
ET160017,Bona Zuria,2025-01-01,19.613203,1
ET070709,Jinka town,2025-01-01,283.07272,1
ET050902,Dolo Ado,2025-01-01,71.86578,1
ET050901,Filtu,2025-01-01,24.935474,1
ET010605,Hagere Selam town,2025-01-01,7.8391857,1
ET050899,God-God,2025-01-01,52.66892,1
ET010606,Samre,2025-01-01,371.70706,1
ET050898,Kohle /Qoxle,2025-01-01,61.477245,1
ET010607,Adigudom,2025-01-01,10.954141,1
ET070711,Wub Ari,2025-01-01,47.415962,1
ET050809,Raso,2025-01-01,52.41781,1
ET010608,Wajirat,2025-01-01,17.442976,1
ET160016,Aleta Chuko,2025-01-01,294.91663,1
ET050808,Dolobay,2025-01-01,188.55835,1
ET050807,Barey,2025-01-01,172.99747,1
ET010701,Mekelle,2025-01-01,555.7943,1
ET010508,Korarit,2025-01-01,22.469112,1
ET020101,Dubti,2025-01-01,55.356678,1
ET070708,Nyngatom,2025-01-01,250.94487,1
ET051001,Ayun,2025-01-01,32.53929,1
ET070705,Bena Tsemay,2025-01-01,672.04315,1
ET060200,Gilgel Beles town,2025-01-01,1257.1438,1
ET160020,Yirgalem town,2025-01-01,486.9321,1
ET051198,Qada Duma,2025-01-01,172.14552,1
ET010413,Zata,2025-01-01,19.607626,1
ET051187,Mubarek,2025-01-01,45.032772,1
ET010414,Chercher,2025-01-01,225.79665,1
ET070706,Dasenech /Kuraz,2025-01-01,1953.6329,1
ET010501,Kafta Humera,2025-01-01,1788.7991,1
ET051104,Hudet,2025-01-01,127.776566,1
ET051096,Hararey,2025-01-01,35.2377,1
ET010502,Welkait,2025-01-01,596.24817,1
ET051095,Horshagah,2025-01-01,32.103,1
ET160019,Wondo-Genet,2025-01-01,483.3838,1
ET051006,Dihun,2025-01-01,35.121647,1
ET010503,Tsegede (TG),2025-01-01,198.6715,1
ET070707,Malie,2025-01-01,225.5142,1
ET010505,May Kadra,2025-01-01,35.767323,1
ET051005,Sagag,2025-01-01,38.9389,1
ET051003,Garbo,2025-01-01,32.934906,1
ET010506,Dansha town,2025-01-01,41.41168,1
ET051002,Elwayne,2025-01-01,42.506313,1
ET010507,Awra (TG),2025-01-01,54.094326,1
ET160018,Hawasa town,2025-01-01,5296.242,1
ET010309,Wukro town,2025-01-01,11.577967,1
ET050305,Gunagado,2025-01-01,37.60819,1
ET030101,Addi Arekay,2025-01-01,435.44785,1
ET030415,Were Ilu,2025-01-01,9.063835,1
ET030416,Wegde,2025-01-01,49.689064,1
ET071502,Denba Gofa,2025-01-01,248.65457,1
ET041807,Anfilo,2025-01-01,338.37714,1
ET140111,Lemi Kura,2025-01-01,61.602722,1
ET041806,Denbi Dollo town,2025-01-01,569.3266,1
ET041805,Sayo,2025-01-01,321.34744,1
ET030417,Kombolcha town,2025-01-01,41.111862,1
ET041804,Gawo Kebe,2025-01-01,1037.9392,1
ET030418,Dessie town,2025-01-01,109.75219,1
ET041808,Dale Sadi,2025-01-01,917.16565,1
ET030419,Mehal Sayint,2025-01-01,37.263626,1
ET041802,Yama Logi Welel,2025-01-01,112.642365,1
ET030420,Legehida,2025-01-01,3.2581356,1
ET140110,Gulele,2025-01-01,13.171735,1
ET041801,Hawa Galan,2025-01-01,915.9236,1
ET041799,Arsi Negele town,2025-01-01,259.59668,1
ET030421,Mekdela,2025-01-01,12.784354,1
ET071504,Uba Debre Tsehay,2025-01-01,621.3762,1
ET030422,Worebabu,2025-01-01,26.931467,1
ET041798,Bishan Guracha,2025-01-01,49.74736,1
ET041783,Heban Arsi,2025-01-01,242.91093,1
ET041803,Dale Wabera,2025-01-01,856.8211,1
ET030413,Kelela,2025-01-01,60.65368,1
ET041809,Gidami,2025-01-01,976.54266,1
ET041810,Jimma Horo,2025-01-01,344.3257,1
ET030404,Ambasel,2025-01-01,29.193024,1
ET030405,Thehulederie,2025-01-01,29.344835,1
ET071403,Atote Ulo,2025-01-01,121.72936,1
ET041907,Jimma Rare,2025-01-01,31.068573,1
ET030406,Delanta,2025-01-01,10.546969,1
ET041906,Jimma Genete,2025-01-01,21.838703,1
ET041905,Abay Chomen,2025-01-01,136.81337,1
ET030407,Kalu,2025-01-01,202.95175,1
ET041904,Ababo,2025-01-01,158.23521,1
ET150104,Malka Jabti /M.Jebdu),2025-01-01,32.817738,1
ET030408,Albuko,2025-01-01,78.152504,1
ET071404,Wera Djo,2025-01-01,179.88684,1
ET041903,Guduru,2025-01-01,152.7338,1
ET030409,Dessie Zuria,2025-01-01,30.088467,1
ET041902,Shambu town,2025-01-01,26.59769,1
ET041901,Horo,2025-01-01,13.304383,1
ET030410,Legambo,2025-01-01,21.304392,1
ET041812,Sedi Chenka,2025-01-01,562.64386,1
ET030411,Sayint,2025-01-01,175.06708,1
ET150103,Sabian,2025-01-01,260.7211,1
ET071501,Melekoza,2025-01-01,630.1601,1
ET041811,Lalo Kile,2025-01-01,1004.34827,1
ET030412,Borena /Debresina,2025-01-01,188.11687,1
ET030425,Degolo town,2025-01-01,3.611078,1
ET041711,Shashemene town,2025-01-01,730.33374,1
ET140109,Arada,2025-01-01,23.071392,1
ET041710,Adaba,2025-01-01,1.3818904,1
ET071508,Bulike town,2025-01-01,33.58959,1
ET041622,Bedele Zuria,2025-01-01,105.092354,1
ET030512,Kewet,2025-01-01,28.119123,1
ET041621,Bedele town,2025-01-01,106.37015,1
ET140106,Kirkos,2025-01-01,25.507345,1
ET041618,Meko,2025-01-01,75.465935,1
ET041608,Dedesa,2025-01-01,108.95346,1
ET030513,Angolelana Tera,2025-01-01,2.110554,1
ET030514,Assagirt,2025-01-01,9.025894,1
ET071509,Melo Gada,2025-01-01,131.29205,1
ET041607,Borecha,2025-01-01,151.8315,1
ET030515,Ankober,2025-01-01,23.05825,1
ET041606,Gechi,2025-01-01,101.94972,1
ET041605,Dabo Hana,2025-01-01,172.30435,1
ET030516,Hagere Mariam,2025-01-01,6.420947,1
ET140105,Lideta,2025-01-01,20.666533,1
ET041604,Dega,2025-01-01,51.460377,1
ET030517,Berehet,2025-01-01,33.36294,1
ET071601,Basketo SP Woreda,2025-01-01,732.224,1
ET041603,Chora (Buno Bedele),2025-01-01,51.98486,1
ET030518,Minjar Shenkora,2025-01-01,31.440159,1
ET041596,Birbirsa Kojowa,2025-01-01,33.268547,1
ET041594,Suro Berguda,2025-01-01,168.29599,1
ET030511,Mojan Wedera,2025-01-01,4.8420033,1
ET041908,Jarte Jardega,2025-01-01,16.872133,1
ET030510,Tarema Ber,2025-01-01,15.614741,1
ET030509,Menze Mama Midir,2025-01-01,4.47359,1
ET030501,Mida Woremo,2025-01-01,237.99564,1
ET071505,Gezei Gofa,2025-01-01,33.6364,1
ET030502,Merhabete,2025-01-01,47.044804,1
ET041709,Nenesebo,2025-01-01,22.49273,1
ET041708,Kokosa,2025-01-01,5.8079715,1
ET030503,Ensaro,2025-01-01,34.081898,1
ET041707,Dodola,2025-01-01,6.820685,1
ET030504,Moretna Jiru,2025-01-01,15.152501,1
ET041706,Gedeb Asasa,2025-01-01,4.0293684,1
ET140108,Addis Ketema,2025-01-01,14.72233,1
ET071506,O'yida,2025-01-01,131.62729,1
ET030505,Menze Gera Midir,2025-01-01,7.4277487,1
ET041705,Kore,2025-01-01,9.845847,1
ET041704,Kofele,2025-01-01,4.9239297,1
ET030506,Gishe Rabel,2025-01-01,3.461435,1
ET041703,Arsi Negele,2025-01-01,319.3875,1
ET030507,Antsokiya,2025-01-01,25.615923,1
ET030508,Eferatana Gidem,2025-01-01,26.960537,1
ET071507,Sawla town,2025-01-01,525.2113,1
ET041702,Shala,2025-01-01,224.09259,1
ET140107,Yeka,2025-01-01,21.20102,1
ET041701,Siraro,2025-01-01,520.2863,1
ET041700,Dodola town,2025-01-01,5.5425525,1
ET041623,Chwaka,2025-01-01,2436.0342,1
ET050304,Gashamo,2025-01-01,21.210756,1
ET150105,Legehare,2025-01-01,170.23175,1
ET041910,Abe Dongoro,2025-01-01,202.07137,1
ET050204,Shabeeley,2025-01-01,24.486776,1
ET160002,Hawassa Zuria,2025-01-01,461.45746,1
ET050203,Babile (SM),2025-01-01,24.322636,1
ET030206,Tach Gayint,2025-01-01,356.4864,1
ET071019,Kucha,2025-01-01,418.55188,1
ET030207,Semada,2025-01-01,501.11758,1
ET050202,Gursum (SM),2025-01-01,34.472786,1
ET050199,Gablalu,2025-01-01,54.212414,1
ET030208,East Esite,2025-01-01,645.7333,1
ET050198,Gota-Biki,2025-01-01,230.93214,1
ET030205,Lay Gayint,2025-01-01,274.27872,1
ET030209,Dera (AM),2025-01-01,1841.4193,1
ET160001,Shebe Dino,2025-01-01,36.863453,1
ET071021,Arba Minch town,2025-01-01,1077.29,1
ET030210,Debre Tabor town,2025-01-01,549.4509,1
ET050106,Hadhagala,2025-01-01,78.41893,1
ET050105,Afdem,2025-01-01,59.098553,1
ET030211,Andabet/ West Esite,2025-01-01,436.2619,1
ET050104,Erer (SM),2025-01-01,156.87315,1
ET030212,Guna Begemider,2025-01-01,183.45465,1
ET030213,Mena Meketewa,2025-01-01,178.35107,1
ET071205,Alle Special,2025-01-01,272.96628,1
ET050107,Miesso,2025-01-01,44.309105,1
ET050205,Aw-Bare,2025-01-01,24.037373,1
ET050206,Kebribeyah,2025-01-01,8.1613655,1
ET030203,Fogera,2025-01-01,1796.1394,1
ET050303,Aware,2025-01-01,30.863853,1
ET030102,Beyeda,2025-01-01,60.608635,1
ET050302,Degehabur,2025-01-01,26.313528,1
ET030103,Janamora,2025-01-01,449.02414,1
ET071016,Gacho Baba,2025-01-01,28.385078,1
ET160005,Aleta Wendo,2025-01-01,25.377039,1
ET050301,Degehamedo,2025-01-01,23.609163,1
ET050299,Harawo,2025-01-01,23.16844,1
ET030104,Debark,2025-01-01,170.45229,1
ET050297,Koran /Mulla,2025-01-01,11.769226,1
ET030105,Dabat,2025-01-01,217.99495,1
ET050296,Kebribayah town,2025-01-01,7.1105895,1
ET030119,Telemt,2025-01-01,444.55618,1
ET071017,Kucha Alpha,2025-01-01,269.39664,1
ET030198,Debark town,2025-01-01,26.592949,1
ET050295,Wajale town,2025-01-01,16.361982,1
ET050293,Jigjiga town,2025-01-01,8.330603,1
ET160003,Arbegona,2025-01-01,9.832066,1
ET050283,Tuliguled,2025-01-01,12.582232,1
ET030201,Ebenat,2025-01-01,652.6357,1
ET050207,Harshin,2025-01-01,6.918901,1
ET030202,Libokemekem,2025-01-01,2153.5796,1
ET071018,Garda Marta,2025-01-01,184.3578,1
ET050103,Shinile,2025-01-01,116.44179,1
ET150208,Biyoawale,2025-01-01,26.40123,1
ET050102,Dembel,2025-01-01,23.167082,1
ET050101,Ayisha,2025-01-01,55.5669,1
ET030310,Lasta,2025-01-01,211.42139,1
ET042011,Bereh,2025-01-01,1.3088229,1
ET150110,Gende Kore,2025-01-01,22.966415,1
ET071304,Kena,2025-01-01,160.34729,1
ET030311,Dawunt,2025-01-01,24.404388,1
ET042009,Sebeta town,2025-01-01,21.5747,1
ET042008,Dukem,2025-01-01,11.902806,1
ET030312,Gazo,2025-01-01,3.7881439,1
ET042006,Sebeta Hawas,2025-01-01,15.198394,1
ET030313,Angot,2025-01-01,5.3065863,1
ET042005,Sululta town,2025-01-01,2.2607424,1
ET030398,Lalibela town,2025-01-01,15.100569,1
ET071401,Kulito town,2025-01-01,136.14235,1
ET150109,Addis Ketema (DD),2025-01-01,25.474697,1
ET042004,Lege Tafo-Lege Dadi town,2025-01-01,1.6789337,1
ET042001,Burayu,2025-01-01,21.610643,1
ET030399,Kobo town,2025-01-01,227.42517,1
ET041912,Horo Buluk,2025-01-01,16.0596,1
ET030401,Argoba,2025-01-01,60.021408,1
ET041911,Choman Guduru,2025-01-01,31.668493,1
ET030402,Tenta,2025-01-01,8.083134,1
ET071402,Wera,2025-01-01,157.69266,1
ET030403,Kutaber,2025-01-01,12.34607,1
ET042012,Akaki,2025-01-01,10.258913,1
ET041909,Amuru,2025-01-01,149.1192,1
ET030309,Woldiya town,2025-01-01,41.97537,1
ET042014,Welmera,2025-01-01,7.4286714,1
ET030214,Sede Muja,2025-01-01,215.5544,1
ET042107,Ginir town,2025-01-01,27.752665,1
ET030293,Woreta town,2025-01-01,677.89276,1
ET030301,Bugna,2025-01-01,216.78711,1
ET071301,Karat town,2025-01-01,222.77701,1
ET042106,Dawe Ketchen,2025-01-01,20.926167,1
ET042105,Seweyna,2025-01-01,30.097464,1
ET030302,Raya Kobo,2025-01-01,196.8748,1
ET150207,Wahil,2025-01-01,16.045456,1
ET042104,Rayitu,2025-01-01,17.24174,1
ET042102,Lege Hida,2025-01-01,15.536164,1
ET030303,Gidan,2025-01-01,9.490123,1
ET030304,Meket,2025-01-01,182.97205,1
ET071302,Segen Zuria,2025-01-01,216.72137,1
ET042098,Gelana (Finfine),2025-01-01,9.336014,1
ET042020,Holeta town,2025-01-01,5.8627253,1
ET030305,Wadla,2025-01-01,12.230994,1
ET042018,Sendafa town,2025-01-01,1.9109879,1
ET150206,Jeldessa,2025-01-01,11.603968,1
ET042016,Mulo,2025-01-01,2.0763295,1
ET030307,Guba Lafto,2025-01-01,245.8152,1
ET030308,Habru,2025-01-01,140.29001,1
ET071303,Karat Zuria,2025-01-01,198.59572,1
ET042013,Sululta,2025-01-01,9.05057,1
ET160037,Loka Abaya,2025-01-01,458.23462,1
ET070205,Misrak Badawacho,2025-02-01,177.75185,2
ET010215,Ahsea,2025-02-01,93.248665,2
ET010217,Hahayle,2025-02-01,20.288158,2
ET070204,Shashogo,2025-02-01,221.13084,2
ET070604,Humbo,2025-02-01,144.51543,2
ET070202,Gombora,2025-02-01,138.0435,2
ET070616,Tebela town,2025-02-01,69.15798,2
ET070606,Kindo Koyesha,2025-02-01,546.7923,2
ET160029,Chabe Gambeltu,2025-02-01,18.946688,2
ET010213,Axum town,2025-02-01,79.99237,2
ET070201,Misha,2025-02-01,3.5418415,2
ET070603,Damot Woide,2025-02-01,114.53326,2
ET070605,Sodo Zuria,2025-02-01,103.11154,2
ET010214,Rama,2025-02-01,184.32439,2
ET070206,Soro,2025-02-01,153.3996,2
ET070104,Gedebano Gutazer Welene,2025-02-01,6.110459,2
ET010308,Adigrat town,2025-02-01,6.303487,2
ET010216,Egela,2025-02-01,9.136553,2
ET010101,Tahtay Adiyabo,2025-02-01,686.8202,2
ET010112,Adi Hageray,2025-02-01,181.39742,2
ET070615,Boditi town,2025-02-01,124.60415,2
ET070504,Bule,2025-02-01,11.5154085,2
ET070609,Damot Sore,2025-02-01,101.498474,2
ET070306,Doyogena,2025-02-01,13.170643,2
ET010201,Chila,2025-02-01,255.27191,2
ET010109,Selekleka,2025-02-01,162.32942,2
ET070114,Welkite town,2025-02-01,128.60562,2
ET070109,Gumer,2025-02-01,1.9193063,2
ET070305,Hadero Tunto,2025-02-01,121.345535,2
ET070618,Gununo Hamus town,2025-02-01,83.28404,2
ET010202,Aheferom,2025-02-01,75.71374,2
ET070304,Kacha Bira,2025-02-01,115.085365,2
ET070505,Dila Zuria,2025-02-01,206.82755,2
ET010222,Tanqua Melashe,2025-02-01,82.33216,2
ET010108,Indasilassie town,2025-02-01,552.48663,2
ET010203,Edaga arbi,2025-02-01,34.008755,2
ET070612,Duguna Fango,2025-02-01,170.15944,2
ET010305,Hawzen,2025-02-01,55.12254,2
ET070506,Gedeb,2025-02-01,27.895456,2
ET160032,Bilate Zuria,2025-02-01,114.20512,2
ET070302,Angacha,2025-02-01,18.322,2
ET070115,Butajira town,2025-02-01,123.08179,2
ET070108,Endiguagn,2025-02-01,4.3407087,2
ET160035,Chuko town,2025-02-01,57.07248,2
ET010304,Ganta Afeshum,2025-02-01,7.243325,2
ET010301,Gulo Mekeda,2025-02-01,8.278667,2
ET010116,May Tsebri town,2025-02-01,45.8408,2
ET070307,Damboya,2025-02-01,33.597454,2
ET070610,Kindo Daddaye,2025-02-01,132.37329,2
ET070111,Enemor Ener,2025-02-01,45.378956,2
ET070312,Hadero town,2025-02-01,66.838806,2
ET010302,Erob,2025-02-01,26.66523,2
ET010113,Tsimbla,2025-02-01,721.0954,2
ET070501,Wenago,2025-02-01,149.59465,2
ET070310,Shinshincho town,2025-02-01,38.421925,2
ET160034,Daella,2025-02-01,6.163494,2
ET010303,Saesie,2025-02-01,5.8826365,2
ET010114,Endabaguna town,2025-02-01,120.023926,2
ET070112,Muhur Na Aklil,2025-02-01,10.26952,2
ET070301,Tembaro,2025-02-01,551.27374,2
ET070309,Adilo,2025-02-01,159.70364,2
ET070502,Yirgachefe,2025-02-01,74.69842,2
ET010111,Adi Daero,2025-02-01,114.68644,2
ET010115,Dima (TG),2025-02-01,24.889074,2
ET070308,Durame town,2025-02-01,131.32649,2
ET160033,Darara,2025-02-01,109.789986,2
ET160027,Chirone,2025-02-01,9.929334,2
ET070110,Cheha,2025-02-01,99.55321,2
ET070503,Kochere,2025-02-01,94.4526,2
ET070611,Damot Pullasa,2025-02-01,286.78586,2
ET070113,Geta,2025-02-01,1.7420464,2
ET010110,Seyemti Adyabo,2025-02-01,38.33191,2
ET070619,Hobicha Abaya,2025-02-01,217.0019,2
ET070207,Duna,2025-02-01,5.616758,2
ET010221,Keyhe tekli,2025-02-01,128.16527,2
ET010204,Adwa,2025-02-01,94.18895,2
ET070511,Gedeb town,2025-02-01,8.511537,2
ET070614,Areka town,2025-02-01,311.59418,2
ET070211,Hosaena town,2025-02-01,111.34762,2
ET010219,Emba Sieneti,2025-02-01,48.103935,2
ET010210,Abergele (TG),2025-02-01,285.72498,2
ET070106,Meskan,2025-02-01,11.775724,2
ET160036,Wondo-Genet town,2025-02-01,33.605,2
ET070210,Gibe,2025-02-01,136.6578,2
ET070512,Yirgachefe town,2025-02-01,54.553806,2
ET010211,Abi Adi town,2025-02-01,43.777405,2
ET070607,Ofa,2025-02-01,102.87826,2
ET070209,Mirab Badowach,2025-02-01,106.70508,2
ET070119,Debub Sodo,2025-02-01,111.1046,2
ET010307,Atsbi,2025-02-01,9.414627,2
ET010103,Zana,2025-02-01,348.01392,2
ET010218,Endafelasi,2025-02-01,103.23404,2
ET010212,Adwa town,2025-02-01,80.707115,2
ET160030,Daye town,2025-02-01,40.654446,2
ET070208,Analemmo,2025-02-01,14.912008,2
ET070602,Damot Gale,2025-02-01,144.48587,2
ET070105,Sodo,2025-02-01,15.980637,2
ET070120,Enor Ener,2025-02-01,37.089157,2
ET010102,Laelay Adiabo,2025-02-01,205.6602,2
ET010209,Naeder,2025-02-01,110.93345,2
ET070617,Gesuba town,2025-02-01,131.39796,2
ET070118,Misrak Meskan,2025-02-01,20.52664,2
ET010104,Tahtay Koraro,2025-02-01,493.1194,2
ET160026,Teticha,2025-02-01,5.364737,2
ET070217,Mirab Soro,2025-02-01,54.728268,2
ET010107,Sheraro town,2025-02-01,579.93335,2
ET070116,Emdebir town,2025-02-01,8.445612,2
ET010206,Tahtay Mayechew,2025-02-01,167.05815,2
ET070508,Chelelektu town,2025-02-01,204.31366,2
ET070608,Boloso Bombe,2025-02-01,524.8798,2
ET070613,Sodo Town,2025-02-01,336.3191,2
ET010220,Enticho town,2025-02-01,2.706904,2
ET070216,Siraro Badawacho,2025-02-01,31.355286,2
ET070107,Mareko,2025-02-01,178.72626,2
ET070507,Dila town,2025-02-01,545.486,2
ET010106,Tselemti,2025-02-01,20.711996,2
ET070117,Bui town,2025-02-01,3.3798385,2
ET070214,Jajura town,2025-02-01,9.555754,2
ET070509,Rape,2025-02-01,10.383199,2
ET160031,Hokko,2025-02-01,53.890114,2
ET010105,Asgede,2025-02-01,618.4843,2
ET070213,Gimbichu town,2025-02-01,18.860456,2
ET160028,Shafamo,2025-02-01,2.4465272,2
ET070212,Shone Town,2025-02-01,105.4831,2
ET070510,Churso,2025-02-01,19.634668,2
ET010306,Kelete Awelallo,2025-02-01,5.3316817,2
ET070620,Kawo Koisha,2025-02-01,120.725975,2
ET010207,Adet,2025-02-01,177.32695,2
ET010208,Kola Temben,2025-02-01,322.47888,2
ET071503,Zala,2025-02-01,269.9354,2
ET160025,Dara Otilicho,2025-02-01,14.734104,2
ET041111,Harena Buluk,2025-02-01,51.176163,2
ET030904,Guangua,2025-02-01,412.0823,2
ET041110,Goba (OR),2025-02-01,4.905168,2
ET041109,Sinana,2025-02-01,11.737531,2
ET030905,Fagta Lakoma,2025-02-01,16.483223,2
ET072401,Yem SP Woreda,2025-02-01,87.91671,2
ET030906,Jawi,2025-02-01,1081.5591,2
ET041106,Gasera,2025-02-01,24.187727,2
ET120308,Mengesh,2025-02-01,1604.5537,2
ET041104,Agarfa,2025-02-01,14.249955,2
ET030903,Ankasha,2025-02-01,82.05225,2
ET030907,Guagusa Shikudad,2025-02-01,86.68532,2
ET041098,Kumbi,2025-02-01,53.489853,2
ET030908,Ayehu Guwagusa,2025-02-01,621.35223,2
ET110101,Anderacha,2025-02-01,92.26953,2
ET030996,Injibara town,2025-02-01,85.56868,2
ET041097,Deder town,2025-02-01,3.4582846,2
ET030997,Zigem,2025-02-01,518.8862,2
ET041089,Goro Muti,2025-02-01,22.41178,2
ET120206,Gambela town,2025-02-01,2924.1697,2
ET041019,Haromaya town,2025-02-01,7.4428253,2
ET030998,Dangila town,2025-02-01,31.566103,2
ET041099,Aweday town,2025-02-01,14.278312,2
ET041112,Mena (Bale),2025-02-01,33.486282,2
ET072304,Derashe Special,2025-02-01,610.43494,2
ET120407,Itang,2025-02-01,800.7656,2
ET041211,Dire,2025-02-01,13.335607,2
ET130102,Shenkor,2025-02-01,22.667963,2
ET041210,Moyale (OR),2025-02-01,32.852684,2
ET041208,Arero,2025-02-01,40.867214,2
ET030801,Zequala,2025-02-01,187.55582,2
ET030803,Dehana,2025-02-01,174.19434,2
ET072102,Amaro,2025-02-01,250.87762,2
ET041207,Yabelo,2025-02-01,17.269333,2
ET030804,Gaz Gibla,2025-02-01,6.152003,2
ET041122,Dinsho,2025-02-01,0.9699748,2
ET030805,Abergele (AM),2025-02-01,191.90536,2
ET041120,Goba town,2025-02-01,7.2580442,2
ET041119,Robe Town,2025-02-01,10.1155615,2
ET130101,Sofi,2025-02-01,33.939613,2
ET030806,Sahila,2025-02-01,189.53119,2
ET072203,Burji Special,2025-02-01,43.96741,2
ET041116,Goro (Bale),2025-02-01,28.489767,2
ET030807,Sekota town,2025-02-01,53.14721,2
ET041115,Gura Damole,2025-02-01,28.411964,2
ET030808,Tsagbeji,2025-02-01,8.547448,2
ET041114,Berbere,2025-02-01,36.630016,2
ET041113,Meda Welabu,2025-02-01,19.017538,2
ET030901,Dangila,2025-02-01,145.33974,2
ET110102,Masha,2025-02-01,44.08036,2
ET030799,Adete town,2025-02-01,267.40955,2
ET041018,Meyu Muleke,2025-02-01,27.41007,2
ET041017,Golo Oda,2025-02-01,25.817083,2
ET031108,Lay Armacho,2025-02-01,120.88208,2
ET041004,Babile (OR),2025-02-01,22.393694,2
ET041003,Gursum (OR),2025-02-01,8.575563,2
ET031109,Wegera,2025-02-01,121.114426,2
ET031110,Gonder Zuria,2025-02-01,1696.1483,2
ET110201,Saylem,2025-02-01,19.626684,2
ET041002,Jarso (East Hararghe),2025-02-01,510.991,2
ET031111,East Dembia,2025-02-01,1112.1427,2
ET041001,Kombolcha,2025-02-01,10.037672,2
ET120202,Gambela Zuria,2025-02-01,884.00476,2
ET041005,Fedis,2025-02-01,201.55287,2
ET041000,Babile town,2025-02-01,15.322026,2
ET031115,Alefa,2025-02-01,353.2143,2
ET031116,West Belesa,2025-02-01,528.266,2
ET110202,Gesha,2025-02-01,90.86827,2
ET040991,Gumbi Bordede,2025-02-01,16.30189,2
ET031117,East Belesa,2025-02-01,1300.022,2
ET040915,Hawi Gudina,2025-02-01,18.718102,2
ET031118,Gondar town,2025-02-01,697.32275,2
ET040914,Bedesa,2025-02-01,5.4894133,2
ET040913,Chiro Zuria,2025-02-01,8.407506,2
ET120201,Abobo,2025-02-01,1485.9409,2
ET040998,Burqua Dhintu,2025-02-01,45.784683,2
ET120203,Gog,2025-02-01,879.91785,2
ET041006,Haro Maya,2025-02-01,67.29879,2
ET110105,Masha town,2025-02-01,27.45158,2
ET031001,Dewa Cheffa,2025-02-01,69.257675,2
ET041016,Girawa,2025-02-01,16.369959,2
ET041015,Chinaksen,2025-02-01,5.9480343,2
ET031002,Bati,2025-02-01,27.22679,2
ET120205,Dima (GM),2025-02-01,852.8806,2
ET110103,Yeki,2025-02-01,776.61993,2
ET041014,Midhaga Tola,2025-02-01,28.978102,2
ET031003,Jilye Tumuga,2025-02-01,180.07608,2
ET041013,Bedeno,2025-02-01,14.188384,2
ET031004,Artuma Fursi,2025-02-01,38.0876,2
ET041012,Melka Balo,2025-02-01,18.388817,2
ET041011,Deder,2025-02-01,9.586938,2
ET031005,Dewa Harewa,2025-02-01,45.284374,2
ET031006,Kemisie town,2025-02-01,49.740044,2
ET120204,Jore,2025-02-01,302.93365,2
ET110104,Tepi,2025-02-01,2167.5403,2
ET041010,Goro Gutu,2025-02-01,17.358335,2
ET041009,Meta,2025-02-01,5.6411414,2
ET031099,Bati Town,2025-02-01,51.310005,2
ET041008,Kersa (East Hararge),2025-02-01,34.884087,2
ET041007,Kurfa Chele,2025-02-01,16.862972,2
ET031106,Chilga 1,2025-02-01,325.29916,2
ET031107,Tegede,2025-02-01,815.74054,2
ET030999,Chagni town,2025-02-01,414.93542,2
ET041212,Teltale,2025-02-01,238.61096,2
ET072013,Misrak Siltie,2025-02-01,109.14706,2
ET030798,Bure town,2025-02-01,117.61364,2
ET030606,Enemay,2025-02-01,192.59877,2
ET041414,Negele town,2025-02-01,38.49348,2
ET041413,Gora Dola,2025-02-01,41.654213,2
ET030607,Debay Telatgen,2025-02-01,10.741631,2
ET041412,Saba Boru,2025-02-01,153.34123,2
ET140101,Akaki Kality,2025-02-01,60.059914,2
ET030608,Debre Elias,2025-02-01,225.45679,2
ET072005,Dalocha,2025-02-01,110.081604,2
ET041411,Ana Sora,2025-02-01,23.914164,2
ET030609,Michakel,2025-02-01,25.660992,2
ET041482,Aga Wayu,2025-02-01,68.6773,2
ET041410,Girja /Harenfema,2025-02-01,54.342583,2
ET030610,Guzamn,2025-02-01,421.5045,2
ET041408,Dama,2025-02-01,4.0246387,2
ET030611,Baso Liben,2025-02-01,1037.9907,2
ET130109,Abadir,2025-02-01,14.13316,2
ET072006,Sankura,2025-02-01,361.499,2
ET041407,Liben,2025-02-01,34.617645,2
ET030612,Awabel,2025-02-01,179.6792,2
ET041405,Odo Shakiso,2025-02-01,48.0008,2
ET041404,Wadera,2025-02-01,24.77816,2
ET030613,Dejen,2025-02-01,169.12234,2
ET041409,Arda Jila,2025-02-01,10.55679,2
ET072004,Mierab Azenet Berbere,2025-02-01,1.6814127,2
ET030605,Enarj Enawga,2025-02-01,54.396263,2
ET030604,Enebse Sarmder,2025-02-01,205.00517,2
ET072001,Alicho Woriro,2025-02-01,2.6523035,2
ET041518,Melka Soda,2025-02-01,122.3644,2
ET030521,Menze Keya Gabriel,2025-02-01,7.67583,2
ET041517,Gelana (West Guji),2025-02-01,455.83737,2
ET041515,Dugda Dawa,2025-02-01,49.884182,2
ET030522,Menze Lalo Midir,2025-02-01,3.3201902,2
ET041513,Abaya,2025-02-01,767.8946,2
ET030523,Siya Debirna Wayu,2025-02-01,1.7530318,2
ET072002,Siltie,2025-02-01,79.02937,2
ET030595,Shoa Robit,2025-02-01,131.99391,2
ET140103,Kolfe Keraniyo,2025-02-01,35.118572,2
ET041509,Hambela Wamena,2025-02-01,9.298059,2
ET041502,Kercha,2025-02-01,108.30392,2
ET041501,Bule Hora,2025-02-01,89.77665,2
ET030601,Bibugn,2025-02-01,43.51264,2
ET041499,Shakiso town,2025-02-01,246.421,2
ET030602,Hulet Ej Enese,2025-02-01,186.94785,2
ET072003,Lanfero,2025-02-01,104.72537,2
ET030603,Goncha Siso Enebse,2025-02-01,144.77794,2
ET041497,Gumi Idalo,2025-02-01,48.365906,2
ET041492,Adola town,2025-02-01,47.16755,2
ET140102,Nifas Silk Lafto,2025-02-01,38.697014,2
ET041490,Haro Walabu,2025-02-01,5.923112,2
ET041403,Adola,2025-02-01,58.148037,2
ET030614,Shebel Bernta,2025-02-01,173.09697,2
ET030615,Debre Markos town,2025-02-01,104.40124,2
ET072007,Misrak Azenet Berbere,2025-02-01,8.1465845,2
ET041302,Wenchi,2025-02-01,12.596409,2
ET030708,Dembecha,2025-02-01,201.16093,2
ET041301,Ameya,2025-02-01,126.38262,2
ET041298,Wachile,2025-02-01,29.631369,2
ET030710,Bure (AM),2025-02-01,104.13504,2
ET041296,Yabelo town,2025-02-01,25.825031,2
ET030711,Wemberma,2025-02-01,391.46527,2
ET130104,Hakim,2025-02-01,19.876387,2
ET072011,Kibet town,2025-02-01,14.636839,2
ET041295,Elwaya,2025-02-01,56.786034,2
ET030712,Bahir Dar town,2025-02-01,4198.0557,2
ET041291,Dubluk,2025-02-01,13.677693,2
ET041290,Guchi,2025-02-01,30.911808,2
ET030713,Debub Achefer,2025-02-01,140.32506,2
ET030714,Finote Selam town,2025-02-01,898.31165,2
ET072012,Mito,2025-02-01,170.28485,2
ET041223,Gomole,2025-02-01,28.175205,2
ET030715,Debub Mecha,2025-02-01,47.272224,2
ET130103,Jinela,2025-02-01,22.747488,2
ET041220,Dhas,2025-02-01,28.663675,2
ET041219,Dilo,2025-02-01,52.61253,2
ET041216,Miyo,2025-02-01,28.78319,2
ET030718,Gonje,2025-02-01,237.46297,2
ET030707,Dega Damot,2025-02-01,135.15395,2
ET110203,Gewata,2025-02-01,240.29556,2
ET072010,Worabe town,2025-02-01,100.027954,2
ET130105,Erer (HR),2025-02-01,29.011969,2
ET041402,Bore,2025-02-01,11.941093,2
ET130108,Aboker,2025-02-01,12.845791,2
ET041401,Uraga,2025-02-01,8.96282,2
ET041314,Sodo Daci,2025-02-01,7.813022,2
ET030616,Senan,2025-02-01,5.668684,2
ET041312,Goro (SW Shewa),2025-02-01,142.94249,2
ET030617,Aneded,2025-02-01,152.67366,2
ET030619,Sedae,2025-02-01,20.880062,2
ET072008,Wulbareg,2025-02-01,117.1684,2
ET041311,Woliso town,2025-02-01,96.03704,2
ET030694,Mota Town,2025-02-01,38.68038,2
ET041310,Seden Sodo,2025-02-01,3.3039014,2
ET130107,Amir Nur,2025-02-01,15.821412,2
ET041309,Becho (SW Shewa),2025-02-01,11.026476,2
ET041308,Tole,2025-02-01,6.8985877,2
ET030701,Semen Achefer,2025-02-01,318.51514,2
ET030704,Mecha,2025-02-01,150.44456,2
ET072009,Tora town,2025-02-01,105.13059,2
ET041307,Kersana Malima,2025-02-01,6.613588,2
ET030705,Sekela,2025-02-01,147.37164,2
ET041305,Ilu,2025-02-01,10.455465,2
ET041304,Dawo,2025-02-01,10.416001,2
ET030706,Quarit,2025-02-01,107.42994,2
ET041303,Waliso,2025-02-01,15.154026,2
ET031119,Masero Denb /Central Armacho,2025-02-01,354.01422,2
ET040912,Gemechis,2025-02-01,18.964937,2
ET031120,Tach Armacho,2025-02-01,989.3088,2
ET040597,Liban Jawi,2025-02-01,22.911615,2
ET040297,Nekemte town,2025-02-01,209.95842,2
ET110306,Gidi Bench,2025-02-01,282.9955,2
ET110501,Gachit,2025-02-01,642.25433,2
ET040594,Meta Walkite,2025-02-01,19.98239,2
ET040301,Darimu,2025-02-01,1649.7351,2
ET040592,Cobi,2025-02-01,28.86406,2
ET040302,Alge Sachi,2025-02-01,430.1236,2
ET040590,Ejersa Lafo,2025-02-01,9.154449,2
ET040309,Yayu,2025-02-01,203.47432,2
ET040601,Wara Jarso,2025-02-01,32.66269,2
ET110307,Mizan Aman town,2025-02-01,1022.3792,2
ET040310,Metu Zuria,2025-02-01,377.16653,2
ET040518,Jibat,2025-02-01,15.849706,2
ET110412,Gesa town,2025-02-01,17.794783,2
ET040517,Toke Kutaye,2025-02-01,15.19939,2
ET040311,Ale,2025-02-01,40.59967,2
ET040516,Abuna Ginde Beret,2025-02-01,22.619995,2
ET040312,Bure (OR),2025-02-01,231.12779,2
ET110308,Size town,2025-02-01,174.34831,2
ET040515,Ambo town,2025-02-01,27.411383,2
ET040313,Sale Nono,2025-02-01,111.09141,2
ET040519,Ifata,2025-02-01,13.623232,2
ET040217,Kiremu,2025-02-01,98.877205,2
ET040602,Dera (OR),2025-02-01,158.51773,2
ET040216,Wama Hagalo,2025-02-01,79.89422,2
ET040208,Gobu Seyo,2025-02-01,90.98351,2
ET040617,Aleltu,2025-02-01,1.6303788,2
ET040209,Sibu Sire,2025-02-01,87.84065,2
ET110303,Debub Bench,2025-02-01,1721.8724,2
ET040615,Jida,2025-02-01,1.0137739,2
ET040210,Diga,2025-02-01,222.3876,2
ET040614,Yaya Gulele,2025-02-01,23.591536,2
ET040211,Sasiga,2025-02-01,237.16762,2
ET040613,Fiche town,2025-02-01,18.16777,2
ET110503,Gori Gesha,2025-02-01,193.45099,2
ET040610,Kimbibit,2025-02-01,1.1820465,2
ET040212,Leka Dulecha,2025-02-01,176.2333,2
ET110304,Shay Bench,2025-02-01,961.21484,2
ET040609,Abichugna Gne'a,2025-02-01,1.0244293,2
ET040213,Guto Gida,2025-02-01,294.56836,2
ET040607,Debre Libanos,2025-02-01,2.3337405,2
ET040214,Jimma Arjo,2025-02-01,254.7324,2
ET040605,Degem,2025-02-01,20.307953,2
ET040604,Kuyu,2025-02-01,36.698925,2
ET040215,Nunu Kumba,2025-02-01,77.10673,2
ET110502,Menit Goldiye,2025-02-01,327.15604,2
ET110305,Semen Bench,2025-02-01,778.20135,2
ET040603,Hidabu Abote,2025-02-01,27.11931,2
ET040514,Meta Robi,2025-02-01,7.1587396,2
ET040314,Becho (Ilu Aba Bora),2025-02-01,144.44812,2
ET040513,Adda Berga,2025-02-01,11.176468,2
ET040511,Ejere /Addis Alem,2025-02-01,7.0250072,2
ET040404,Tiro Afeta,2025-02-01,69.018036,2
ET040405,Kersa (Jimma),2025-02-01,77.53962,2
ET110404,Gena,2025-02-01,251.12407,2
ET040495,Botor Tolay,2025-02-01,112.66261,2
ET040406,Mena (Jimma),2025-02-01,71.39971,2
ET040491,Omo Beyam,2025-02-01,114.49629,2
ET110408,Mari Mansa,2025-02-01,117.89315,2
ET040490,Mancho,2025-02-01,139.00266,2
ET040418,Jimma town,2025-02-01,467.83252,2
ET040407,Goma,2025-02-01,188.76292,2
ET110405,Isara,2025-02-01,279.74948,2
ET040408,Gera,2025-02-01,165.04974,2
ET040417,Agaro town,2025-02-01,97.8946,2
ET040409,Seka Chekorsa,2025-02-01,136.14917,2
ET040416,Gumay,2025-02-01,17.607248,2
ET040410,Dedo,2025-02-01,83.255455,2
ET040415,Chora (Jimma),2025-02-01,120.8399,2
ET110407,Tercha Zuriya,2025-02-01,207.13045,2
ET110406,Kachi,2025-02-01,182.44078,2
ET040414,Shebe Sambo,2025-02-01,241.89124,2
ET040411,Omo Nada,2025-02-01,210.93764,2
ET040413,Setema,2025-02-01,61.245277,2
ET040412,Sigmo,2025-02-01,164.44423,2
ET040499,Nono Benja,2025-02-01,309.20456,2
ET040701,Fentale,2025-02-01,338.06378,2
ET040500,Illu Galan,2025-02-01,201.12488,2
ET040501,Ginde Beret,2025-02-01,46.47219,2
ET110411,Tercha town,2025-02-01,409.25638,2
ET040315,Bilo Nopha,2025-02-01,478.92093,2
ET110401,Tocha,2025-02-01,92.80999,2
ET040510,Dendi,2025-02-01,7.796231,2
ET040316,Hurumu,2025-02-01,81.884575,2
ET040509,Tikur Enchini,2025-02-01,5.432594,2
ET040317,Didu,2025-02-01,176.30348,2
ET040508,Nono,2025-02-01,155.47841,2
ET040507,Dano,2025-02-01,121.06852,2
ET040319,Halu /Huka,2025-02-01,207.34557,2
ET110410,Zabagazo,2025-02-01,373.96774,2
ET110402,Mareka,2025-02-01,110.9179,2
ET040506,Bako Tibe,2025-02-01,252.77548,2
ET040320,Metu town,2025-02-01,455.99304,2
ET040505,Cheliya,2025-02-01,19.074667,2
ET040324,Dorani,2025-02-01,194.7614,2
ET040504,Mida Kegn,2025-02-01,36.60829,2
ET040503,Ambo Zuria,2025-02-01,15.1354265,2
ET040401,Limu Seka,2025-02-01,164.62805,2
ET040402,Limu Kosa,2025-02-01,181.1509,2
ET110403,Loma,2025-02-01,304.45987,2
ET040502,Jeldu,2025-02-01,10.571263,2
ET110409,Disa,2025-02-01,142.51712,2
ET040403,Sekoru,2025-02-01,122.03768,2
ET140104,Bole,2025-02-01,52.486015,2
ET110504,Menit Shasha,2025-02-01,412.04102,2
ET040207,Bila Seyo,2025-02-01,92.33018,2
ET040825,Asela town,2025-02-01,11.252345,2
ET120103,Jikawo,2025-02-01,577.01056,2
ET040824,Inkolo Wabe,2025-02-01,1.5246453,2
ET040103,Gimbi,2025-02-01,599.65594,2
ET110207,Cheta,2025-02-01,118.5751,2
ET040823,Bele Gesgar,2025-02-01,26.636345,2
ET040104,Lalo Asabi,2025-02-01,461.26694,2
ET040822,Diksis,2025-02-01,1.5561416,2
ET040105,Kiltu Kara,2025-02-01,456.15286,2
ET040821,Lude Hitosa,2025-02-01,4.321613,2
ET040102,Nejo,2025-02-01,411.0124,2
ET040820,Sire,2025-02-01,9.998036,2
ET120102,Lare,2025-02-01,550.02527,2
ET110208,Decha,2025-02-01,363.78812,2
ET040819,Guna,2025-02-01,2.8090205,2
ET040107,Ayira,2025-02-01,428.00525,2
ET040818,Limu Bilbilo,2025-02-01,2.0099468,2
ET040109,Gudetu Kondole,2025-02-01,1098.1925,2
ET040817,Munessa,2025-02-01,3.2861204,2
ET040816,Tiyo,2025-02-01,6.8964353,2
ET040110,Boji Chekorsa,2025-02-01,467.29633,2
ET040111,Babo,2025-02-01,655.3506,2
ET040106,Boji Dirmeji,2025-02-01,364.5282,2
ET040893,Shanan Kolu,2025-02-01,34.067707,2
ET040101,Mana Sibu,2025-02-01,845.9223,2
ET040894,Bekoji town,2025-02-01,2.59989,2
ET040910,Boke,2025-02-01,27.792109,2
ET031121,Takusa,2025-02-01,944.25446,2
ET040909,Daro Lebu,2025-02-01,10.827272,2
ET040908,Habro,2025-02-01,24.337051,2
ET031122,Kinfaz Begela,2025-02-01,523.3186,2
ET110204,Gimbo,2025-02-01,163.11714,2
ET120105,Makuey,2025-02-01,514.408,2
ET040907,Goba Koricha,2025-02-01,22.784632,2
ET031125,West Dembiya,2025-02-01,1126.1724,2
ET040906,Anchar,2025-02-01,28.961359,2
ET031205,Adagn Ager Chaqo,2025-02-01,394.0905,2
ET040905,Chiro town,2025-02-01,16.889696,2
ET031206,Mirab Armacho,2025-02-01,1289.637,2
ET110205,Adiyio,2025-02-01,63.927197,2
ET040904,Mesela,2025-02-01,16.630793,2
ET031213,Metema,2025-02-01,1738.1606,2
ET040903,Tulo (OR),2025-02-01,13.122567,2
ET120104,Wantawo,2025-02-01,429.52902,2
ET040902,Doba,2025-02-01,9.915062,2
ET031214,Quara,2025-02-01,2241.132,2
ET040901,Mieso,2025-02-01,28.43571,2
ET031292,Gendawuha town,2025-02-01,652.62256,2
ET110206,Tullo,2025-02-01,74.941696,2
ET120101,Akobo,2025-02-01,155.71509,2
ET110209,Chena,2025-02-01,262.68015,2
ET040815,Degeluna Tijo,2025-02-01,1.9273497,2
ET040814,Shirka,2025-02-01,13.68468,2
ET040198,Mendi town,2025-02-01,127.54299,2
ET040714,Adama town,2025-02-01,208.72682,2
ET110506,Surma,2025-02-01,280.62042,2
ET110213,Shisho Ande,2025-02-01,192.5425,2
ET040711,Liben Chukala,2025-02-01,17.919868,2
ET040199,Nejo town,2025-02-01,170.30353,2
ET040710,Bora (OR),2025-02-01,16.770287,2
ET040201,Limu (OR),2025-02-01,385.44708,2
ET040709,Bishoftu town,2025-02-01,56.28698,2
ET040202,Ibantu,2025-02-01,87.74897,2
ET040708,Adama Tulu Jido Kombolcha,2025-02-01,492.81076,2
ET040203,Gida Ayana,2025-02-01,255.63625,2
ET110301,Sheko,2025-02-01,742.3397,2
ET040707,Dugda,2025-02-01,106.51958,2
ET110505,Bero,2025-02-01,498.01132,2
ET040706,Ada'a,2025-02-01,9.052769,2
ET040204,Haro Limu,2025-02-01,210.16766,2
ET040705,Gimbichu,2025-02-01,9.811808,2
ET040205,Boneya Boshe,2025-02-01,277.84576,2
ET040704,Lome (OR),2025-02-01,86.78872,2
ET040206,Wayu Tuka,2025-02-01,113.85256,2
ET110302,Gurafereda,2025-02-01,1398.3132,2
ET040703,Adama,2025-02-01,17.035372,2
ET040799,Metehara town,2025-02-01,234.57863,2
ET040702,Boset,2025-02-01,162.11082,2
ET040197,Leta Sibu,2025-02-01,217.36821,2
ET040193,Gimbi town,2025-02-01,323.4636,2
ET040112,Yubdo,2025-02-01,504.36536,2
ET040813,Tena,2025-02-01,1.977182,2
ET040812,Robe,2025-02-01,19.65995,2
ET040113,Gaji,2025-02-01,178.36682,2
ET040114,Haru,2025-02-01,389.80542,2
ET110210,Bita,2025-02-01,171.92307,2
ET040811,Seru,2025-02-01,39.255222,2
ET110601,Konta,2025-02-01,781.79156,2
ET040809,Chole,2025-02-01,15.646835,2
ET040115,Nole Kaba,2025-02-01,263.0602,2
ET040808,Sude,2025-02-01,8.71159,2
ET040807,Hitosa,2025-02-01,4.2865214,2
ET040116,Begi,2025-02-01,763.58234,2
ET110211,Bonga town,2025-02-01,331.2401,2
ET040117,Homa,2025-02-01,195.0365,2
ET040806,Ziway Dugda,2025-02-01,16.192873,2
ET040118,Sayo Nole,2025-02-01,389.89392,2
ET040804,Jeju,2025-02-01,11.645533,2
ET110507,Maji,2025-02-01,222.98053,2
ET040803,Golocha,2025-02-01,35.28278,2
ET040119,Guliso,2025-02-01,523.01,2
ET110212,Goba (SP),2025-02-01,83.651596,2
ET040802,Aseko,2025-02-01,32.80796,2
ET040801,Merti,2025-02-01,133.68864,2
ET030520,Debre Berhan town,2025-02-01,7.2156057,2
ET041587,Bule Hora town,2025-02-01,33.630154,2
ET030519,Basona Worena,2025-02-01,1.8294697,2
ET020111,Asayita town,2025-02-01,323.687,2
ET050608,Berocano,2025-02-01,56.130104,2
ET020198,Samera Logiya town,2025-02-01,237.40263,2
ET050607,Ferfer,2025-02-01,72.9903,2
ET020201,Erebti,2025-02-01,79.852394,2
ET071007,Ezo /Kogota,2025-02-01,25.597551,2
ET020202,Kunneba,2025-02-01,40.515194,2
ET050606,Mustahil,2025-02-01,85.60109,2
ET050605,Kelafo,2025-02-01,246.50938,2
ET160012,Malga,2025-02-01,9.605957,2
ET050696,Godey town,2025-02-01,95.128235,2
ET050604,Gode,2025-02-01,51.3352,2
ET050603,Danan,2025-02-01,199.60272,2
ET020205,Berahile,2025-02-01,226.91983,2
ET071008,Dita,2025-02-01,16.368069,2
ET020206,Dalol,2025-02-01,235.73492,2
ET050602,Adadle,2025-02-01,168.59737,2
ET050601,East Imi,2025-02-01,42.328606,2
ET020207,Afdera,2025-02-01,63.682674,2
ET050599,Bodaley,2025-02-01,38.41459,2
ET160011,Gorche,2025-02-01,9.617078,2
ET050598,El-Ogaden,2025-02-01,46.945892,2
ET020203,Abaala,2025-02-01,29.981897,2
ET050698,Elale,2025-02-01,41.656944,2
ET160013,Wonosho,2025-02-01,7.4423623,2
ET071006,Chencha Zuriya,2025-02-01,15.493729,2
ET020102,Elidar,2025-02-01,68.70976,2
ET050804,Elkare /Serer,2025-02-01,69.21218,2
ET020103,Asayita,2025-02-01,254.57115,2
ET160015,Bursa,2025-02-01,10.534499,2
ET050802,Charati,2025-02-01,223.02977,2
ET050799,Galhamur,2025-02-01,35.27563,2
ET020104,Afambo,2025-02-01,294.79938,2
ET071004,Boreda,2025-02-01,420.06726,2
ET050798,Lehel-Yucub,2025-02-01,24.158962,2
ET020105,Mile,2025-02-01,242.54219,2
ET050788,Daratole,2025-02-01,21.409355,2
ET020106,Chifra,2025-02-01,312.70844,2
ET050704,Warder,2025-02-01,27.481014,2
ET160014,Chire,2025-02-01,64.30026,2
ET050703,Galadi,2025-02-01,43.721214,2
ET020107,Dubti town,2025-02-01,116.8282,2
ET071005,Mirab Abaya,2025-02-01,646.8171,2
ET050702,Bokh,2025-02-01,27.106096,2
ET020108,Kori,2025-02-01,53.853264,2
ET050701,Danod,2025-02-01,27.93451,2
ET020109,Adar,2025-02-01,334.86035,2
ET050699,Aba-Korow,2025-02-01,43.017445,2
ET020110,Gerani,2025-02-01,81.301636,2
ET020208,Bidu,2025-02-01,28.496649,2
ET071009,Daramalo,2025-02-01,405.38937,2
ET020209,Abaala town,2025-02-01,32.3975,2
ET050597,Higloley,2025-02-01,44.906597,2
ET160008,Bensa,2025-02-01,50.30206,2
ET050404,Hamero,2025-02-01,48.379295,2
ET050403,Salahad,2025-02-01,31.841543,2
ET020403,Teru,2025-02-01,166.76566,2
ET020404,Yalo,2025-02-01,377.65262,2
ET071013,Gerese,2025-02-01,336.33948,2
ET050402,Fik,2025-02-01,52.243237,2
ET050399,Dig,2025-02-01,22.957174,2
ET020405,Gulina,2025-02-01,673.4521,2
ET050395,Ararso,2025-02-01,15.336324,2
ET020501,Telalek,2025-02-01,326.6348,2
ET160007,Hulla,2025-02-01,19.65829,2
ET050394,Burqod,2025-02-01,40.738297,2
ET020502,Samurobi,2025-02-01,47.64368,2
ET071014,Bonke,2025-02-01,47.810165,2
ET050392,Daror,2025-02-01,32.30827,2
ET050382,Yocale,2025-02-01,16.890322,2
ET020503,Dawe,2025-02-01,62.496014,2
ET050307,Degahabur town,2025-02-01,38.27047,2
ET020504,Dalefage,2025-02-01,242.90375,2
ET050306,Bilcil-Bur,2025-02-01,18.178888,2
ET160006,Dara,2025-02-01,157.56451,2
ET020505,Hadelela,2025-02-01,235.11852,2
ET020402,Euwa,2025-02-01,245.77875,2
ET050805,West Imi,2025-02-01,96.340355,2
ET050407,Lagahida,2025-02-01,34.66605,2
ET020401,Awra (AF),2025-02-01,289.76416,2
ET050596,Lasdhankayre,2025-02-01,43.278896,2
ET020301,Amibara,2025-02-01,902.27405,2
ET050595,Goglo,2025-02-01,30.600218,2
ET020302,Awash,2025-02-01,215.63766,2
ET050592,Kebridehar town,2025-02-01,223.17072,2
ET160010,Boricha,2025-02-01,291.00052,2
ET071010,Chencha,2025-02-01,14.725412,2
ET020303,Gewane,2025-02-01,60.433403,2
ET050586,Marsin,2025-02-01,28.629314,2
ET050504,Debeweyin,2025-02-01,70.89524,2
ET020304,Dulecha,2025-02-01,227.70067,2
ET050503,Shilabo,2025-02-01,196.62393,2
ET020305,Gelalu,2025-02-01,279.4424,2
ET050501,Shaygosh,2025-02-01,79.041245,2
ET020306,Arguba,2025-02-01,26.238234,2
ET160009,Aroresa,2025-02-01,60.33732,2
ET071011,Kemba,2025-02-01,211.77544,2
ET050499,Wangey,2025-02-01,26.943573,2
ET050498,Yahob,2025-02-01,44.144062,2
ET020307,Hanruka,2025-02-01,268.75766,2
ET050497,Qubi,2025-02-01,37.02835,2
ET020396,Awash town,2025-02-01,50.866398,2
ET050408,Meyumuluka,2025-02-01,55.939274,2
ET071012,Kemba town,2025-02-01,45.71825,2
ET071015,Arba Minch Zuria,2025-02-01,1101.5197,2
ET071003,Selamber town,2025-02-01,318.8461,2
ET050806,Hargele,2025-02-01,186.25774,2
ET060305,Bambasi,2025-02-01,695.6977,2
ET010403,Neqsege,2025-02-01,3.7404618,2
ET060304,Sherkole,2025-02-01,1865.9679,2
ET010404,Emba Alaje,2025-02-01,2.280591,2
ET060303,Assosa,2025-02-01,1488.6876,2
ET010405,Endamehoni,2025-02-01,2.329033,2
ET160022,Leku town,2025-02-01,173.15063,2
ET060302,Kurmuk,2025-02-01,345.03162,2
ET070703,North Ari,2025-02-01,175.4193,2
ET060301,Menge,2025-02-01,632.6805,2
ET070702,South Ari,2025-02-01,412.0933,2
ET010406,Raya Azebo,2025-02-01,627.24585,2
ET010407,Raya Alamata,2025-02-01,70.952324,2
ET060206,Pawe,2025-02-01,1562.2275,2
ET010408,Ofla,2025-02-01,4.3149505,2
ET060205,Dibate,2025-02-01,737.4073,2
ET160021,Aleta Wondo town,2025-02-01,35.217125,2
ET070704,Hamer,2025-02-01,559.01654,2
ET060204,Mandura,2025-02-01,997.4128,2
ET010409,Maichew town,2025-02-01,2.3978496,2
ET060203,Wembera,2025-02-01,515.735,2
ET010410,Korem town,2025-02-01,6.4581227,2
ET060207,Bulen,2025-02-01,523.0524,2
ET010401,Selewa,2025-02-01,4.163532,2
ET060306,Bilidigilu,2025-02-01,265.59628,2
ET060307,Homosha,2025-02-01,122.03943,2
ET070621,Abela Abaya,2025-02-01,164.15906,2
ET070103,Ezha,2025-02-01,5.9312935,2
ET070102,Abeshege,2025-02-01,89.67452,2
ET010310,Bizet,2025-02-01,2.7557392,2
ET070101,Kebena,2025-02-01,84.5151,2
ET010311,Edaga Hamus town,2025-02-01,1.4472364,2
ET060508,Maokomo Special,2025-02-01,781.7931,2
ET010313,Freweyni town,2025-02-01,2.031347,2
ET070622,Bayera Koisha,2025-02-01,86.320816,2
ET060405,Mizyiga,2025-02-01,235.03377,2
ET010314,Tsaeda Emba,2025-02-01,10.514328,2
ET160024,Bura,2025-02-01,5.5808377,2
ET060404,Dembe,2025-02-01,419.65182,2
ET060403,Kamashi,2025-02-01,269.91763,2
ET010315,Atsbi town,2025-02-01,2.5377996,2
ET060400,Kamashi town,2025-02-01,256.39557,2
ET010316,Agulae,2025-02-01,6.951088,2
ET070701,Salamago,2025-02-01,2245.9817,2
ET060309,Assosa town Administration,2025-02-01,612.16815,2
ET010317,Geraleta,2025-02-01,2.4250796,2
ET060308,Undulu,2025-02-01,263.2974,2
ET010318,Zala Anbesa town,2025-02-01,1.980602,2
ET160023,Hawela,2025-02-01,21.117533,2
ET060202,Guba,2025-02-01,589.91345,2
ET010411,Alamata town,2025-02-01,181.25311,2
ET060201,Dangur,2025-02-01,656.66187,2
ET010412,Mekhoni town,2025-02-01,4.0724745,2
ET050999,Bokolmayo,2025-02-01,33.813187,2
ET050991,Deka Suftu,2025-02-01,49.396446,2
ET010509,May Gaba,2025-02-01,13.144561,2
ET050904,Guradamole,2025-02-01,46.102592,2
ET010601,Saharti,2025-02-01,36.502846,2
ET050903,Goro Baqaqsa,2025-02-01,70.26066,2
ET010603,Hintalo,2025-02-01,8.368505,2
ET160017,Bona Zuria,2025-02-01,27.019224,2
ET070709,Jinka town,2025-02-01,327.07227,2
ET050902,Dolo Ado,2025-02-01,70.377045,2
ET050901,Filtu,2025-02-01,32.718872,2
ET010605,Hagere Selam town,2025-02-01,1.604271,2
ET050899,God-God,2025-02-01,58.46231,2
ET010606,Samre,2025-02-01,154.71962,2
ET050898,Kohle /Qoxle,2025-02-01,54.74171,2
ET010607,Adigudom,2025-02-01,3.7091582,2
ET070711,Wub Ari,2025-02-01,30.275112,2
ET050809,Raso,2025-02-01,62.230934,2
ET010608,Wajirat,2025-02-01,11.465219,2
ET160016,Aleta Chuko,2025-02-01,236.6605,2
ET050808,Dolobay,2025-02-01,176.07497,2
ET050807,Barey,2025-02-01,171.31985,2
ET010701,Mekelle,2025-02-01,291.45963,2
ET010508,Korarit,2025-02-01,19.547632,2
ET020101,Dubti,2025-02-01,63.97727,2
ET070708,Nyngatom,2025-02-01,238.00359,2
ET051001,Ayun,2025-02-01,43.82464,2
ET070705,Bena Tsemay,2025-02-01,795.3589,2
ET060200,Gilgel Beles town,2025-02-01,802.7709,2
ET160020,Yirgalem town,2025-02-01,278.53397,2
ET051198,Qada Duma,2025-02-01,176.3631,2
ET010413,Zata,2025-02-01,4.2740407,2
ET051187,Mubarek,2025-02-01,58.860798,2
ET010414,Chercher,2025-02-01,199.53203,2
ET070706,Dasenech /Kuraz,2025-02-01,1555.522,2
ET010501,Kafta Humera,2025-02-01,1003.84503,2
ET051104,Hudet,2025-02-01,166.08635,2
ET051096,Hararey,2025-02-01,39.82302,2
ET010502,Welkait,2025-02-01,454.40634,2
ET051095,Horshagah,2025-02-01,34.441345,2
ET160019,Wondo-Genet,2025-02-01,366.8442,2
ET051006,Dihun,2025-02-01,44.201584,2
ET010503,Tsegede (TG),2025-02-01,169.70018,2
ET070707,Malie,2025-02-01,238.43103,2
ET010505,May Kadra,2025-02-01,29.796547,2
ET051005,Sagag,2025-02-01,47.084953,2
ET051003,Garbo,2025-02-01,40.94262,2
ET010506,Dansha town,2025-02-01,36.80359,2
ET051002,Elwayne,2025-02-01,46.714737,2
ET010507,Awra (TG),2025-02-01,42.73838,2
ET160018,Hawasa town,2025-02-01,2076.5784,2
ET010309,Wukro town,2025-02-01,4.9582796,2
ET050305,Gunagado,2025-02-01,42.445816,2
ET030101,Addi Arekay,2025-02-01,321.21677,2
ET030415,Were Ilu,2025-02-01,7.177359,2
ET030416,Wegde,2025-02-01,59.41349,2
ET071502,Denba Gofa,2025-02-01,329.1602,2
ET041807,Anfilo,2025-02-01,501.36472,2
ET140111,Lemi Kura,2025-02-01,46.353752,2
ET041806,Denbi Dollo town,2025-02-01,508.9321,2
ET041805,Sayo,2025-02-01,219.79869,2
ET030417,Kombolcha town,2025-02-01,35.427097,2
ET041804,Gawo Kebe,2025-02-01,1171.3495,2
ET030418,Dessie town,2025-02-01,48.996468,2
ET041808,Dale Sadi,2025-02-01,658.2215,2
ET030419,Mehal Sayint,2025-02-01,52.598267,2
ET041802,Yama Logi Welel,2025-02-01,157.2279,2
ET030420,Legehida,2025-02-01,2.074225,2
ET140110,Gulele,2025-02-01,9.06517,2
ET041801,Hawa Galan,2025-02-01,811.42694,2
ET041799,Arsi Negele town,2025-02-01,146.68304,2
ET030421,Mekdela,2025-02-01,10.207272,2
ET071504,Uba Debre Tsehay,2025-02-01,718.89197,2
ET030422,Worebabu,2025-02-01,21.441925,2
ET041798,Bishan Guracha,2025-02-01,46.233063,2
ET041783,Heban Arsi,2025-02-01,133.15823,2
ET041803,Dale Wabera,2025-02-01,766.6119,2
ET030413,Kelela,2025-02-01,39.21382,2
ET041809,Gidami,2025-02-01,871.56866,2
ET041810,Jimma Horo,2025-02-01,369.656,2
ET030404,Ambasel,2025-02-01,22.978914,2
ET030405,Thehulederie,2025-02-01,16.099173,2
ET071403,Atote Ulo,2025-02-01,111.45582,2
ET041907,Jimma Rare,2025-02-01,22.086592,2
ET030406,Delanta,2025-02-01,7.3828154,2
ET041906,Jimma Genete,2025-02-01,30.002548,2
ET041905,Abay Chomen,2025-02-01,91.67581,2
ET030407,Kalu,2025-02-01,130.0309,2
ET041904,Ababo,2025-02-01,69.770325,2
ET150104,Malka Jabti /M.Jebdu),2025-02-01,28.664919,2
ET030408,Albuko,2025-02-01,31.678696,2
ET071404,Wera Djo,2025-02-01,135.10646,2
ET041903,Guduru,2025-02-01,72.49446,2
ET030409,Dessie Zuria,2025-02-01,13.47223,2
ET041902,Shambu town,2025-02-01,27.339674,2
ET041901,Horo,2025-02-01,26.747458,2
ET030410,Legambo,2025-02-01,6.9803023,2
ET041812,Sedi Chenka,2025-02-01,431.1199,2
ET030411,Sayint,2025-02-01,191.65982,2
ET150103,Sabian,2025-02-01,270.97925,2
ET071501,Melekoza,2025-02-01,627.7,2
ET041811,Lalo Kile,2025-02-01,881.02747,2
ET030412,Borena /Debresina,2025-02-01,205.0699,2
ET030425,Degolo town,2025-02-01,1.6855953,2
ET041711,Shashemene town,2025-02-01,326.44202,2
ET140109,Arada,2025-02-01,20.554838,2
ET041710,Adaba,2025-02-01,1.0219399,2
ET071508,Bulike town,2025-02-01,51.423923,2
ET041622,Bedele Zuria,2025-02-01,118.33928,2
ET030512,Kewet,2025-02-01,21.149256,2
ET041621,Bedele town,2025-02-01,131.26633,2
ET140106,Kirkos,2025-02-01,22.373442,2
ET041618,Meko,2025-02-01,157.8134,2
ET041608,Dedesa,2025-02-01,130.8384,2
ET030513,Angolelana Tera,2025-02-01,1.4569889,2
ET030514,Assagirt,2025-02-01,5.6963067,2
ET071509,Melo Gada,2025-02-01,161.37198,2
ET041607,Borecha,2025-02-01,163.96935,2
ET030515,Ankober,2025-02-01,20.08309,2
ET041606,Gechi,2025-02-01,107.592445,2
ET041605,Dabo Hana,2025-02-01,194.35951,2
ET030516,Hagere Mariam,2025-02-01,4.793239,2
ET140105,Lideta,2025-02-01,16.681507,2
ET041604,Dega,2025-02-01,122.39276,2
ET030517,Berehet,2025-02-01,29.616804,2
ET071601,Basketo SP Woreda,2025-02-01,809.94836,2
ET041603,Chora (Buno Bedele),2025-02-01,134.59442,2
ET030518,Minjar Shenkora,2025-02-01,29.759699,2
ET041596,Birbirsa Kojowa,2025-02-01,101.38853,2
ET041594,Suro Berguda,2025-02-01,218.87842,2
ET030511,Mojan Wedera,2025-02-01,4.0726476,2
ET041908,Jarte Jardega,2025-02-01,17.342455,2
ET030510,Tarema Ber,2025-02-01,18.682482,2
ET030509,Menze Mama Midir,2025-02-01,2.6054842,2
ET030501,Mida Woremo,2025-02-01,184.27113,2
ET071505,Gezei Gofa,2025-02-01,47.281265,2
ET030502,Merhabete,2025-02-01,40.518806,2
ET041709,Nenesebo,2025-02-01,31.278872,2
ET041708,Kokosa,2025-02-01,5.8960032,2
ET030503,Ensaro,2025-02-01,24.099892,2
ET041707,Dodola,2025-02-01,8.388465,2
ET030504,Moretna Jiru,2025-02-01,13.11386,2
ET041706,Gedeb Asasa,2025-02-01,3.3345623,2
ET140108,Addis Ketema,2025-02-01,14.828405,2
ET071506,O'yida,2025-02-01,114.86009,2
ET030505,Menze Gera Midir,2025-02-01,6.333763,2
ET041705,Kore,2025-02-01,9.442665,2
ET041704,Kofele,2025-02-01,4.0925226,2
ET030506,Gishe Rabel,2025-02-01,2.321041,2
ET041703,Arsi Negele,2025-02-01,170.64778,2
ET030507,Antsokiya,2025-02-01,15.139325,2
ET030508,Eferatana Gidem,2025-02-01,25.84627,2
ET071507,Sawla town,2025-02-01,632.60114,2
ET041702,Shala,2025-02-01,166.76407,2
ET140107,Yeka,2025-02-01,20.477299,2
ET041701,Siraro,2025-02-01,465.8831,2
ET041700,Dodola town,2025-02-01,6.5765567,2
ET041623,Chwaka,2025-02-01,2077.239,2
ET050304,Gashamo,2025-02-01,20.216032,2
ET150105,Legehare,2025-02-01,187.30576,2
ET041910,Abe Dongoro,2025-02-01,148.84036,2
ET050204,Shabeeley,2025-02-01,20.019703,2
ET160002,Hawassa Zuria,2025-02-01,367.0869,2
ET050203,Babile (SM),2025-02-01,47.447662,2
ET030206,Tach Gayint,2025-02-01,194.77803,2
ET071019,Kucha,2025-02-01,397.02368,2
ET030207,Semada,2025-02-01,555.7787,2
ET050202,Gursum (SM),2025-02-01,28.268059,2
ET050199,Gablalu,2025-02-01,47.522587,2
ET030208,East Esite,2025-02-01,644.3243,2
ET050198,Gota-Biki,2025-02-01,253.55437,2
ET030205,Lay Gayint,2025-02-01,295.5466,2
ET030209,Dera (AM),2025-02-01,1995.6761,2
ET160001,Shebe Dino,2025-02-01,32.56773,2
ET071021,Arba Minch town,2025-02-01,1756.3533,2
ET030210,Debre Tabor town,2025-02-01,534.2476,2
ET050106,Hadhagala,2025-02-01,69.69458,2
ET050105,Afdem,2025-02-01,56.041744,2
ET030211,Andabet/ West Esite,2025-02-01,391.92325,2
ET050104,Erer (SM),2025-02-01,146.17348,2
ET030212,Guna Begemider,2025-02-01,156.25307,2
ET030213,Mena Meketewa,2025-02-01,186.67412,2
ET071205,Alle Special,2025-02-01,407.93988,2
ET050107,Miesso,2025-02-01,46.63047,2
ET050205,Aw-Bare,2025-02-01,34.831,2
ET050206,Kebribeyah,2025-02-01,12.714441,2
ET030203,Fogera,2025-02-01,1914.387,2
ET050303,Aware,2025-02-01,28.227455,2
ET030102,Beyeda,2025-02-01,36.702248,2
ET050302,Degehabur,2025-02-01,31.327847,2
ET030103,Janamora,2025-02-01,260.8339,2
ET071016,Gacho Baba,2025-02-01,14.708402,2
ET160005,Aleta Wendo,2025-02-01,27.86187,2
ET050301,Degehamedo,2025-02-01,42.52893,2
ET050299,Harawo,2025-02-01,18.401133,2
ET030104,Debark,2025-02-01,121.093056,2
ET050297,Koran /Mulla,2025-02-01,16.612215,2
ET030105,Dabat,2025-02-01,199.00989,2
ET050296,Kebribayah town,2025-02-01,12.48587,2
ET030119,Telemt,2025-02-01,445.91577,2
ET071017,Kucha Alpha,2025-02-01,165.68309,2
ET030198,Debark town,2025-02-01,30.865818,2
ET050295,Wajale town,2025-02-01,9.667701,2
ET050293,Jigjiga town,2025-02-01,8.780895,2
ET160003,Arbegona,2025-02-01,18.113007,2
ET050283,Tuliguled,2025-02-01,13.05932,2
ET030201,Ebenat,2025-02-01,548.2439,2
ET050207,Harshin,2025-02-01,9.347647,2
ET030202,Libokemekem,2025-02-01,1633.0431,2
ET071018,Garda Marta,2025-02-01,342.5317,2
ET050103,Shinile,2025-02-01,80.370155,2
ET150208,Biyoawale,2025-02-01,23.304619,2
ET050102,Dembel,2025-02-01,21.1009,2
ET050101,Ayisha,2025-02-01,41.54864,2
ET030310,Lasta,2025-02-01,97.78552,2
ET042011,Bereh,2025-02-01,1.0581341,2
ET150110,Gende Kore,2025-02-01,26.326267,2
ET071304,Kena,2025-02-01,194.60739,2
ET030311,Dawunt,2025-02-01,15.868774,2
ET042009,Sebeta town,2025-02-01,22.072477,2
ET042008,Dukem,2025-02-01,7.1307516,2
ET030312,Gazo,2025-02-01,2.924886,2
ET042006,Sebeta Hawas,2025-02-01,11.12189,2
ET030313,Angot,2025-02-01,4.299623,2
ET042005,Sululta town,2025-02-01,1.2427243,2
ET030398,Lalibela town,2025-02-01,8.957076,2
ET071401,Kulito town,2025-02-01,103.87918,2
ET150109,Addis Ketema (DD),2025-02-01,27.803322,2
ET042004,Lege Tafo-Lege Dadi town,2025-02-01,1.8136607,2
ET042001,Burayu,2025-02-01,22.714207,2
ET030399,Kobo town,2025-02-01,210.78792,2
ET041912,Horo Buluk,2025-02-01,17.686409,2
ET030401,Argoba,2025-02-01,41.231255,2
ET041911,Choman Guduru,2025-02-01,36.221798,2
ET030402,Tenta,2025-02-01,4.5227284,2
ET071402,Wera,2025-02-01,125.77242,2
ET030403,Kutaber,2025-02-01,7.52971,2
ET042012,Akaki,2025-02-01,9.197761,2
ET041909,Amuru,2025-02-01,115.37663,2
ET030309,Woldiya town,2025-02-01,42.038334,2
ET042014,Welmera,2025-02-01,8.539777,2
ET030214,Sede Muja,2025-02-01,222.48178,2
ET042107,Ginir town,2025-02-01,21.403389,2
ET030293,Woreta town,2025-02-01,652.4539,2
ET030301,Bugna,2025-02-01,129.41258,2
ET071301,Karat town,2025-02-01,192.80838,2
ET042106,Dawe Ketchen,2025-02-01,25.889484,2
ET042105,Seweyna,2025-02-01,27.671001,2
ET030302,Raya Kobo,2025-02-01,145.4934,2
ET150207,Wahil,2025-02-01,21.428919,2
ET042104,Rayitu,2025-02-01,21.43687,2
ET042102,Lege Hida,2025-02-01,25.611893,2
ET030303,Gidan,2025-02-01,5.0741067,2
ET030304,Meket,2025-02-01,155.33354,2
ET071302,Segen Zuria,2025-02-01,183.41563,2
ET042098,Gelana (Finfine),2025-02-01,7.603093,2
ET042020,Holeta town,2025-02-01,4.9383464,2
ET030305,Wadla,2025-02-01,9.347515,2
ET042018,Sendafa town,2025-02-01,1.481125,2
ET150206,Jeldessa,2025-02-01,16.433828,2
ET042016,Mulo,2025-02-01,1.6796513,2
ET030307,Guba Lafto,2025-02-01,93.99759,2
ET030308,Habru,2025-02-01,147.93292,2
ET071303,Karat Zuria,2025-02-01,198.99329,2
ET042013,Sululta,2025-02-01,6.7709227,2
ET160037,Loka Abaya,2025-02-01,443.079,2
ET070205,Misrak Badawacho,2025-03-01,120.62683,3
ET010215,Ahsea,2025-03-01,41.602535,3
ET010217,Hahayle,2025-03-01,17.593023,3
ET070204,Shashogo,2025-03-01,105.17241,3
ET070604,Humbo,2025-03-01,97.49523,3
ET070202,Gombora,2025-03-01,109.60644,3
ET070616,Tebela town,2025-03-01,30.369173,3
ET070606,Kindo Koyesha,2025-03-01,358.25333,3
ET160029,Chabe Gambeltu,2025-03-01,28.96982,3
ET010213,Axum town,2025-03-01,35.4187,3
ET070201,Misha,2025-03-01,2.661928,3
ET070603,Damot Woide,2025-03-01,78.35879,3
ET070605,Sodo Zuria,2025-03-01,108.62074,3
ET010214,Rama,2025-03-01,88.852875,3
ET070206,Soro,2025-03-01,146.9373,3
ET070104,Gedebano Gutazer Welene,2025-03-01,5.0130134,3
ET010308,Adigrat town,2025-03-01,3.4696553,3
ET010216,Egela,2025-03-01,5.9535685,3
ET010101,Tahtay Adiyabo,2025-03-01,550.8034,3
ET010112,Adi Hageray,2025-03-01,171.74559,3
ET070615,Boditi town,2025-03-01,70.721695,3
ET070504,Bule,2025-03-01,6.2002625,3
ET070609,Damot Sore,2025-03-01,71.57875,3
ET070306,Doyogena,2025-03-01,10.385892,3
ET010201,Chila,2025-03-01,152.96666,3
ET010109,Selekleka,2025-03-01,95.187546,3
ET070114,Welkite town,2025-03-01,49.29501,3
ET070109,Gumer,2025-03-01,1.644401,3
ET070305,Hadero Tunto,2025-03-01,93.424194,3
ET070618,Gununo Hamus town,2025-03-01,104.50752,3
ET010202,Aheferom,2025-03-01,24.86104,3
ET070304,Kacha Bira,2025-03-01,72.84462,3
ET070505,Dila Zuria,2025-03-01,133.70834,3
ET010222,Tanqua Melashe,2025-03-01,25.313873,3
ET010108,Indasilassie town,2025-03-01,481.74774,3
ET010203,Edaga arbi,2025-03-01,17.79444,3
ET070612,Duguna Fango,2025-03-01,143.74275,3
ET010305,Hawzen,2025-03-01,29.034382,3
ET070506,Gedeb,2025-03-01,18.93813,3
ET160032,Bilate Zuria,2025-03-01,89.05707,3
ET070302,Angacha,2025-03-01,13.089096,3
ET070115,Butajira town,2025-03-01,70.18987,3
ET070108,Endiguagn,2025-03-01,3.7598453,3
ET160035,Chuko town,2025-03-01,35.392212,3
ET010304,Ganta Afeshum,2025-03-01,4.075126,3
ET010301,Gulo Mekeda,2025-03-01,4.9306493,3
ET010116,May Tsebri town,2025-03-01,36.952682,3
ET070307,Damboya,2025-03-01,15.856834,3
ET070610,Kindo Daddaye,2025-03-01,93.830376,3
ET070111,Enemor Ener,2025-03-01,31.296783,3
ET070312,Hadero town,2025-03-01,68.24938,3
ET010302,Erob,2025-03-01,18.229078,3
ET010113,Tsimbla,2025-03-01,425.69427,3
ET070501,Wenago,2025-03-01,88.229454,3
ET070310,Shinshincho town,2025-03-01,24.52391,3
ET160034,Daella,2025-03-01,7.058044,3
ET010303,Saesie,2025-03-01,4.043155,3
ET010114,Endabaguna town,2025-03-01,79.71327,3
ET070112,Muhur Na Aklil,2025-03-01,6.13276,3
ET070301,Tembaro,2025-03-01,329.933,3
ET070309,Adilo,2025-03-01,98.357544,3
ET070502,Yirgachefe,2025-03-01,49.40144,3
ET010111,Adi Daero,2025-03-01,62.834476,3
ET010115,Dima (TG),2025-03-01,15.660884,3
ET070308,Durame town,2025-03-01,71.36421,3
ET160033,Darara,2025-03-01,75.47119,3
ET160027,Chirone,2025-03-01,9.51702,3
ET070110,Cheha,2025-03-01,60.366383,3
ET070503,Kochere,2025-03-01,66.43824,3
ET070611,Damot Pullasa,2025-03-01,199.97008,3
ET070113,Geta,2025-03-01,2.2263007,3
ET010110,Seyemti Adyabo,2025-03-01,29.276134,3
ET070619,Hobicha Abaya,2025-03-01,149.30504,3
ET070207,Duna,2025-03-01,8.079359,3
ET010221,Keyhe tekli,2025-03-01,38.68433,3
ET010204,Adwa,2025-03-01,41.856834,3
ET070511,Gedeb town,2025-03-01,8.039539,3
ET070614,Areka town,2025-03-01,283.11874,3
ET070211,Hosaena town,2025-03-01,51.974377,3
ET010219,Emba Sieneti,2025-03-01,17.557018,3
ET010210,Abergele (TG),2025-03-01,117.66721,3
ET070106,Meskan,2025-03-01,5.948642,3
ET160036,Wondo-Genet town,2025-03-01,15.776746,3
ET070210,Gibe,2025-03-01,64.151886,3
ET070512,Yirgachefe town,2025-03-01,25.09476,3
ET010211,Abi Adi town,2025-03-01,15.25706,3
ET070607,Ofa,2025-03-01,92.67767,3
ET070209,Mirab Badowach,2025-03-01,61.706738,3
ET070119,Debub Sodo,2025-03-01,80.25481,3
ET010307,Atsbi,2025-03-01,5.353063,3
ET010103,Zana,2025-03-01,283.62112,3
ET010218,Endafelasi,2025-03-01,32.11448,3
ET010212,Adwa town,2025-03-01,40.548977,3
ET160030,Daye town,2025-03-01,24.868153,3
ET070208,Analemmo,2025-03-01,10.548237,3
ET070602,Damot Gale,2025-03-01,112.76801,3
ET070105,Sodo,2025-03-01,11.791977,3
ET070120,Enor Ener,2025-03-01,25.515306,3
ET010102,Laelay Adiabo,2025-03-01,179.60263,3
ET010209,Naeder,2025-03-01,28.045734,3
ET070617,Gesuba town,2025-03-01,119.72218,3
ET070118,Misrak Meskan,2025-03-01,9.789992,3
ET010104,Tahtay Koraro,2025-03-01,365.65073,3
ET160026,Teticha,2025-03-01,5.3101225,3
ET070217,Mirab Soro,2025-03-01,32.290794,3
ET010107,Sheraro town,2025-03-01,497.2041,3
ET070116,Emdebir town,2025-03-01,4.648924,3
ET010206,Tahtay Mayechew,2025-03-01,105.69749,3
ET070508,Chelelektu town,2025-03-01,145.91171,3
ET070608,Boloso Bombe,2025-03-01,311.1621,3
ET070613,Sodo Town,2025-03-01,244.37874,3
ET010220,Enticho town,2025-03-01,1.8631196,3
ET070216,Siraro Badawacho,2025-03-01,14.459846,3
ET070107,Mareko,2025-03-01,64.56873,3
ET070507,Dila town,2025-03-01,515.4911,3
ET010106,Tselemti,2025-03-01,17.420906,3
ET070117,Bui town,2025-03-01,2.1941514,3
ET070214,Jajura town,2025-03-01,6.982042,3
ET070509,Rape,2025-03-01,7.7372494,3
ET160031,Hokko,2025-03-01,54.813774,3
ET010105,Asgede,2025-03-01,515.3896,3
ET070213,Gimbichu town,2025-03-01,12.986405,3
ET160028,Shafamo,2025-03-01,2.486433,3
ET070212,Shone Town,2025-03-01,69.32151,3
ET070510,Churso,2025-03-01,26.012907,3
ET010306,Kelete Awelallo,2025-03-01,3.1424525,3
ET070620,Kawo Koisha,2025-03-01,64.088745,3
ET010207,Adet,2025-03-01,80.175674,3
ET010208,Kola Temben,2025-03-01,119.707794,3
ET071503,Zala,2025-03-01,157.51628,3
ET160025,Dara Otilicho,2025-03-01,10.029584,3
ET041111,Harena Buluk,2025-03-01,60.02756,3
ET030904,Guangua,2025-03-01,262.25464,3
ET041110,Goba (OR),2025-03-01,2.4541306,3
ET041109,Sinana,2025-03-01,16.713682,3
ET030905,Fagta Lakoma,2025-03-01,13.835026,3
ET072401,Yem SP Woreda,2025-03-01,71.58762,3
ET030906,Jawi,2025-03-01,640.1264,3
ET041106,Gasera,2025-03-01,17.828386,3
ET120308,Mengesh,2025-03-01,1592.9114,3
ET041104,Agarfa,2025-03-01,19.447535,3
ET030903,Ankasha,2025-03-01,79.85369,3
ET030907,Guagusa Shikudad,2025-03-01,67.569664,3
ET041098,Kumbi,2025-03-01,35.073982,3
ET030908,Ayehu Guwagusa,2025-03-01,500.95343,3
ET110101,Anderacha,2025-03-01,80.333336,3
ET030996,Injibara town,2025-03-01,68.364555,3
ET041097,Deder town,2025-03-01,3.6246083,3
ET030997,Zigem,2025-03-01,289.56335,3
ET041089,Goro Muti,2025-03-01,10.891658,3
ET120206,Gambela town,2025-03-01,2393.2473,3
ET041019,Haromaya town,2025-03-01,5.261667,3
ET030998,Dangila town,2025-03-01,17.499176,3
ET041099,Aweday town,2025-03-01,8.0891485,3
ET041112,Mena (Bale),2025-03-01,17.237318,3
ET072304,Derashe Special,2025-03-01,351.4945,3
ET120407,Itang,2025-03-01,789.8338,3
ET041211,Dire,2025-03-01,11.544471,3
ET130102,Shenkor,2025-03-01,8.0480585,3
ET041210,Moyale (OR),2025-03-01,30.445642,3
ET041208,Arero,2025-03-01,26.638433,3
ET030801,Zequala,2025-03-01,84.2812,3
ET030803,Dehana,2025-03-01,65.066345,3
ET072102,Amaro,2025-03-01,156.6283,3
ET041207,Yabelo,2025-03-01,11.758406,3
ET030804,Gaz Gibla,2025-03-01,3.3124516,3
ET041122,Dinsho,2025-03-01,1.1576151,3
ET030805,Abergele (AM),2025-03-01,81.01913,3
ET041120,Goba town,2025-03-01,3.78703,3
ET041119,Robe Town,2025-03-01,8.053758,3
ET130101,Sofi,2025-03-01,20.550472,3
ET030806,Sahila,2025-03-01,141.85764,3
ET072203,Burji Special,2025-03-01,31.899496,3
ET041116,Goro (Bale),2025-03-01,16.15593,3
ET030807,Sekota town,2025-03-01,17.664686,3
ET041115,Gura Damole,2025-03-01,20.69742,3
ET030808,Tsagbeji,2025-03-01,3.6852274,3
ET041114,Berbere,2025-03-01,13.413654,3
ET041113,Meda Welabu,2025-03-01,15.175546,3
ET030901,Dangila,2025-03-01,99.46144,3
ET110102,Masha,2025-03-01,33.886936,3
ET030799,Adete town,2025-03-01,188.4026,3
ET041018,Meyu Muleke,2025-03-01,17.920206,3
ET041017,Golo Oda,2025-03-01,16.62557,3
ET031108,Lay Armacho,2025-03-01,63.706093,3
ET041004,Babile (OR),2025-03-01,12.781709,3
ET041003,Gursum (OR),2025-03-01,6.852572,3
ET031109,Wegera,2025-03-01,86.38707,3
ET031110,Gonder Zuria,2025-03-01,1256.0396,3
ET110201,Saylem,2025-03-01,26.475166,3
ET041002,Jarso (East Hararghe),2025-03-01,295.0341,3
ET031111,East Dembia,2025-03-01,717.92114,3
ET041001,Kombolcha,2025-03-01,7.8706985,3
ET120202,Gambela Zuria,2025-03-01,738.3967,3
ET041005,Fedis,2025-03-01,107.346825,3
ET041000,Babile town,2025-03-01,9.886506,3
ET031115,Alefa,2025-03-01,200.51135,3
ET031116,West Belesa,2025-03-01,284.76758,3
ET110202,Gesha,2025-03-01,80.42417,3
ET040991,Gumbi Bordede,2025-03-01,15.311758,3
ET031117,East Belesa,2025-03-01,562.1266,3
ET040915,Hawi Gudina,2025-03-01,14.4228525,3
ET031118,Gondar town,2025-03-01,433.86728,3
ET040914,Bedesa,2025-03-01,3.0200367,3
ET040913,Chiro Zuria,2025-03-01,4.485397,3
ET120201,Abobo,2025-03-01,1052.1605,3
ET040998,Burqua Dhintu,2025-03-01,27.641672,3
ET120203,Gog,2025-03-01,651.5604,3
ET041006,Haro Maya,2025-03-01,47.779556,3
ET110105,Masha town,2025-03-01,24.104431,3
ET031001,Dewa Cheffa,2025-03-01,38.329662,3
ET041016,Girawa,2025-03-01,13.171035,3
ET041015,Chinaksen,2025-03-01,3.6614616,3
ET031002,Bati,2025-03-01,21.34102,3
ET120205,Dima (GM),2025-03-01,622.1216,3
ET110103,Yeki,2025-03-01,764.1276,3
ET041014,Midhaga Tola,2025-03-01,16.30346,3
ET031003,Jilye Tumuga,2025-03-01,103.13338,3
ET041013,Bedeno,2025-03-01,7.2097225,3
ET031004,Artuma Fursi,2025-03-01,35.954967,3
ET041012,Melka Balo,2025-03-01,13.674061,3
ET041011,Deder,2025-03-01,8.267835,3
ET031005,Dewa Harewa,2025-03-01,23.739073,3
ET031006,Kemisie town,2025-03-01,28.253101,3
ET120204,Jore,2025-03-01,311.3825,3
ET110104,Tepi,2025-03-01,1351.8141,3
ET041010,Goro Gutu,2025-03-01,9.19723,3
ET041009,Meta,2025-03-01,5.874441,3
ET031099,Bati Town,2025-03-01,26.685913,3
ET041008,Kersa (East Hararge),2025-03-01,32.347916,3
ET041007,Kurfa Chele,2025-03-01,8.273275,3
ET031106,Chilga 1,2025-03-01,301.8246,3
ET031107,Tegede,2025-03-01,667.95,3
ET030999,Chagni town,2025-03-01,301.1538,3
ET041212,Teltale,2025-03-01,254.86545,3
ET072013,Misrak Siltie,2025-03-01,50.164627,3
ET030798,Bure town,2025-03-01,87.871445,3
ET030606,Enemay,2025-03-01,112.09765,3
ET041414,Negele town,2025-03-01,23.646524,3
ET041413,Gora Dola,2025-03-01,25.663519,3
ET030607,Debay Telatgen,2025-03-01,7.8731704,3
ET041412,Saba Boru,2025-03-01,79.90016,3
ET140101,Akaki Kality,2025-03-01,34.857826,3
ET030608,Debre Elias,2025-03-01,157.85878,3
ET072005,Dalocha,2025-03-01,55.717045,3
ET041411,Ana Sora,2025-03-01,37.551617,3
ET030609,Michakel,2025-03-01,24.190634,3
ET041482,Aga Wayu,2025-03-01,38.054287,3
ET041410,Girja /Harenfema,2025-03-01,50.004032,3
ET030610,Guzamn,2025-03-01,240.29866,3
ET041408,Dama,2025-03-01,3.0199401,3
ET030611,Baso Liben,2025-03-01,545.773,3
ET130109,Abadir,2025-03-01,7.5667877,3
ET072006,Sankura,2025-03-01,176.02863,3
ET041407,Liben,2025-03-01,20.41667,3
ET030612,Awabel,2025-03-01,91.609474,3
ET041405,Odo Shakiso,2025-03-01,52.56982,3
ET041404,Wadera,2025-03-01,12.985464,3
ET030613,Dejen,2025-03-01,81.14912,3
ET041409,Arda Jila,2025-03-01,11.107416,3
ET072004,Mierab Azenet Berbere,2025-03-01,2.3089592,3
ET030605,Enarj Enawga,2025-03-01,31.038721,3
ET030604,Enebse Sarmder,2025-03-01,103.41821,3
ET072001,Alicho Woriro,2025-03-01,2.3387113,3
ET041518,Melka Soda,2025-03-01,95.68576,3
ET030521,Menze Keya Gabriel,2025-03-01,5.2502933,3
ET041517,Gelana (West Guji),2025-03-01,353.14813,3
ET041515,Dugda Dawa,2025-03-01,26.560797,3
ET030522,Menze Lalo Midir,2025-03-01,1.210967,3
ET041513,Abaya,2025-03-01,254.96439,3
ET030523,Siya Debirna Wayu,2025-03-01,1.1452341,3
ET072002,Siltie,2025-03-01,66.533035,3
ET030595,Shoa Robit,2025-03-01,109.55512,3
ET140103,Kolfe Keraniyo,2025-03-01,32.765827,3
ET041509,Hambela Wamena,2025-03-01,7.879901,3
ET041502,Kercha,2025-03-01,71.313866,3
ET041501,Bule Hora,2025-03-01,75.73316,3
ET030601,Bibugn,2025-03-01,30.291336,3
ET041499,Shakiso town,2025-03-01,124.00851,3
ET030602,Hulet Ej Enese,2025-03-01,87.98717,3
ET072003,Lanfero,2025-03-01,38.246105,3
ET030603,Goncha Siso Enebse,2025-03-01,77.7461,3
ET041497,Gumi Idalo,2025-03-01,40.337513,3
ET041492,Adola town,2025-03-01,32.16397,3
ET140102,Nifas Silk Lafto,2025-03-01,27.926632,3
ET041490,Haro Walabu,2025-03-01,4.8594766,3
ET041403,Adola,2025-03-01,59.595394,3
ET030614,Shebel Bernta,2025-03-01,83.61236,3
ET030615,Debre Markos town,2025-03-01,62.33705,3
ET072007,Misrak Azenet Berbere,2025-03-01,5.7358875,3
ET041302,Wenchi,2025-03-01,8.937089,3
ET030708,Dembecha,2025-03-01,101.694626,3
ET041301,Ameya,2025-03-01,89.41577,3
ET041298,Wachile,2025-03-01,28.77521,3
ET030710,Bure (AM),2025-03-01,86.25313,3
ET041296,Yabelo town,2025-03-01,22.367004,3
ET030711,Wemberma,2025-03-01,337.99512,3
ET130104,Hakim,2025-03-01,11.37311,3
ET072011,Kibet town,2025-03-01,9.233252,3
ET041295,Elwaya,2025-03-01,46.58711,3
ET030712,Bahir Dar town,2025-03-01,1958.8763,3
ET041291,Dubluk,2025-03-01,11.582996,3
ET041290,Guchi,2025-03-01,26.800434,3
ET030713,Debub Achefer,2025-03-01,105.43332,3
ET030714,Finote Selam town,2025-03-01,835.78796,3
ET072012,Mito,2025-03-01,69.54632,3
ET041223,Gomole,2025-03-01,18.924314,3
ET030715,Debub Mecha,2025-03-01,24.513823,3
ET130103,Jinela,2025-03-01,9.622388,3
ET041220,Dhas,2025-03-01,22.286232,3
ET041219,Dilo,2025-03-01,59.06641,3
ET041216,Miyo,2025-03-01,28.555601,3
ET030718,Gonje,2025-03-01,111.99587,3
ET030707,Dega Damot,2025-03-01,104.49661,3
ET110203,Gewata,2025-03-01,260.8875,3
ET072010,Worabe town,2025-03-01,64.25573,3
ET130105,Erer (HR),2025-03-01,12.053957,3
ET041402,Bore,2025-03-01,13.893652,3
ET130108,Aboker,2025-03-01,6.7500005,3
ET041401,Uraga,2025-03-01,9.968467,3
ET041314,Sodo Daci,2025-03-01,3.6580822,3
ET030616,Senan,2025-03-01,4.6178093,3
ET041312,Goro (SW Shewa),2025-03-01,104.60739,3
ET030617,Aneded,2025-03-01,65.37949,3
ET030619,Sedae,2025-03-01,11.583516,3
ET072008,Wulbareg,2025-03-01,55.911995,3
ET041311,Woliso town,2025-03-01,59.356487,3
ET030694,Mota Town,2025-03-01,29.574524,3
ET041310,Seden Sodo,2025-03-01,2.2506557,3
ET130107,Amir Nur,2025-03-01,7.38445,3
ET041309,Becho (SW Shewa),2025-03-01,8.5425825,3
ET041308,Tole,2025-03-01,4.597771,3
ET030701,Semen Achefer,2025-03-01,150.84143,3
ET030704,Mecha,2025-03-01,108.0979,3
ET072009,Tora town,2025-03-01,49.089436,3
ET041307,Kersana Malima,2025-03-01,5.2713103,3
ET030705,Sekela,2025-03-01,103.90554,3
ET041305,Ilu,2025-03-01,6.1922793,3
ET041304,Dawo,2025-03-01,5.4959445,3
ET030706,Quarit,2025-03-01,100.47501,3
ET041303,Waliso,2025-03-01,10.303585,3
ET031119,Masero Denb /Central Armacho,2025-03-01,199.3156,3
ET040912,Gemechis,2025-03-01,12.520906,3
ET031120,Tach Armacho,2025-03-01,498.2322,3
ET040597,Liban Jawi,2025-03-01,14.149181,3
ET040297,Nekemte town,2025-03-01,254.60672,3
ET110306,Gidi Bench,2025-03-01,306.01343,3
ET110501,Gachit,2025-03-01,440.63748,3
ET040594,Meta Walkite,2025-03-01,11.855486,3
ET040301,Darimu,2025-03-01,1953.2539,3
ET040592,Cobi,2025-03-01,15.610085,3
ET040302,Alge Sachi,2025-03-01,506.7162,3
ET040590,Ejersa Lafo,2025-03-01,6.918382,3
ET040309,Yayu,2025-03-01,143.36714,3
ET040601,Wara Jarso,2025-03-01,19.885227,3
ET110307,Mizan Aman town,2025-03-01,1589.3765,3
ET040310,Metu Zuria,2025-03-01,259.0888,3
ET040518,Jibat,2025-03-01,18.912119,3
ET110412,Gesa town,2025-03-01,12.6571865,3
ET040517,Toke Kutaye,2025-03-01,8.6424885,3
ET040311,Ale,2025-03-01,27.368923,3
ET040516,Abuna Ginde Beret,2025-03-01,22.66256,3
ET040312,Bure (OR),2025-03-01,110.73923,3
ET110308,Size town,2025-03-01,124.45629,3
ET040515,Ambo town,2025-03-01,12.621597,3
ET040313,Sale Nono,2025-03-01,100.93225,3
ET040519,Ifata,2025-03-01,7.6757035,3
ET040217,Kiremu,2025-03-01,69.68577,3
ET040602,Dera (OR),2025-03-01,89.490166,3
ET040216,Wama Hagalo,2025-03-01,37.19135,3
ET040208,Gobu Seyo,2025-03-01,76.39342,3
ET040617,Aleltu,2025-03-01,1.368444,3
ET040209,Sibu Sire,2025-03-01,62.752823,3
ET110303,Debub Bench,2025-03-01,1828.687,3
ET040615,Jida,2025-03-01,0.80594116,3
ET040210,Diga,2025-03-01,139.92644,3
ET040614,Yaya Gulele,2025-03-01,12.866759,3
ET040211,Sasiga,2025-03-01,146.1141,3
ET040613,Fiche town,2025-03-01,5.969095,3
ET110503,Gori Gesha,2025-03-01,166.2751,3
ET040610,Kimbibit,2025-03-01,0.85512215,3
ET040212,Leka Dulecha,2025-03-01,109.698456,3
ET110304,Shay Bench,2025-03-01,485.42126,3
ET040609,Abichugna Gne'a,2025-03-01,0.6942884,3
ET040213,Guto Gida,2025-03-01,208.8203,3
ET040607,Debre Libanos,2025-03-01,1.650547,3
ET040214,Jimma Arjo,2025-03-01,151.92427,3
ET040605,Degem,2025-03-01,9.14563,3
ET040604,Kuyu,2025-03-01,33.167904,3
ET040215,Nunu Kumba,2025-03-01,38.391598,3
ET110502,Menit Goldiye,2025-03-01,311.49316,3
ET110305,Semen Bench,2025-03-01,526.52496,3
ET040603,Hidabu Abote,2025-03-01,16.290035,3
ET040514,Meta Robi,2025-03-01,6.7940493,3
ET040314,Becho (Ilu Aba Bora),2025-03-01,93.8502,3
ET040513,Adda Berga,2025-03-01,7.761218,3
ET040511,Ejere /Addis Alem,2025-03-01,6.4085717,3
ET040404,Tiro Afeta,2025-03-01,33.678368,3
ET040405,Kersa (Jimma),2025-03-01,47.165188,3
ET110404,Gena,2025-03-01,93.88175,3
ET040495,Botor Tolay,2025-03-01,36.741623,3
ET040406,Mena (Jimma),2025-03-01,34.20586,3
ET040491,Omo Beyam,2025-03-01,43.77488,3
ET110408,Mari Mansa,2025-03-01,97.78781,3
ET040490,Mancho,2025-03-01,145.93314,3
ET040418,Jimma town,2025-03-01,167.07423,3
ET040407,Goma,2025-03-01,171.2933,3
ET110405,Isara,2025-03-01,140.03029,3
ET040408,Gera,2025-03-01,240.7371,3
ET040417,Agaro town,2025-03-01,52.734985,3
ET040409,Seka Chekorsa,2025-03-01,124.774315,3
ET040416,Gumay,2025-03-01,13.075861,3
ET040410,Dedo,2025-03-01,62.74953,3
ET040415,Chora (Jimma),2025-03-01,89.662636,3
ET110407,Tercha Zuriya,2025-03-01,141.89673,3
ET110406,Kachi,2025-03-01,97.50253,3
ET040414,Shebe Sambo,2025-03-01,315.44638,3
ET040411,Omo Nada,2025-03-01,106.47427,3
ET040413,Setema,2025-03-01,88.91208,3
ET040412,Sigmo,2025-03-01,125.85353,3
ET040499,Nono Benja,2025-03-01,220.72252,3
ET040701,Fentale,2025-03-01,313.52872,3
ET040500,Illu Galan,2025-03-01,142.9243,3
ET040501,Ginde Beret,2025-03-01,29.084091,3
ET110411,Tercha town,2025-03-01,277.24173,3
ET040315,Bilo Nopha,2025-03-01,298.99292,3
ET110401,Tocha,2025-03-01,57.138756,3
ET040510,Dendi,2025-03-01,5.6587605,3
ET040316,Hurumu,2025-03-01,74.834854,3
ET040509,Tikur Enchini,2025-03-01,3.5619996,3
ET040317,Didu,2025-03-01,158.34631,3
ET040508,Nono,2025-03-01,128.36539,3
ET040507,Dano,2025-03-01,94.583435,3
ET040319,Halu /Huka,2025-03-01,246.93903,3
ET110410,Zabagazo,2025-03-01,218.6848,3
ET110402,Mareka,2025-03-01,47.434746,3
ET040506,Bako Tibe,2025-03-01,158.5541,3
ET040320,Metu town,2025-03-01,262.0485,3
ET040505,Cheliya,2025-03-01,12.641312,3
ET040324,Dorani,2025-03-01,224.73978,3
ET040504,Mida Kegn,2025-03-01,30.444185,3
ET040503,Ambo Zuria,2025-03-01,9.998615,3
ET040401,Limu Seka,2025-03-01,114.39926,3
ET040402,Limu Kosa,2025-03-01,93.12842,3
ET110403,Loma,2025-03-01,221.03502,3
ET040502,Jeldu,2025-03-01,11.749909,3
ET110409,Disa,2025-03-01,93.32993,3
ET040403,Sekoru,2025-03-01,62.042435,3
ET140104,Bole,2025-03-01,26.14436,3
ET110504,Menit Shasha,2025-03-01,434.33197,3
ET040207,Bila Seyo,2025-03-01,92.13324,3
ET040825,Asela town,2025-03-01,4.899038,3
ET120103,Jikawo,2025-03-01,588.88367,3
ET040824,Inkolo Wabe,2025-03-01,1.6929642,3
ET040103,Gimbi,2025-03-01,668.72,3
ET110207,Cheta,2025-03-01,85.659805,3
ET040823,Bele Gesgar,2025-03-01,19.995834,3
ET040104,Lalo Asabi,2025-03-01,758.6191,3
ET040822,Diksis,2025-03-01,1.2346035,3
ET040105,Kiltu Kara,2025-03-01,515.66394,3
ET040821,Lude Hitosa,2025-03-01,3.6660771,3
ET040102,Nejo,2025-03-01,582.8417,3
ET040820,Sire,2025-03-01,6.1975284,3
ET120102,Lare,2025-03-01,429.12634,3
ET110208,Decha,2025-03-01,300.36862,3
ET040819,Guna,2025-03-01,3.6768787,3
ET040107,Ayira,2025-03-01,1033.4142,3
ET040818,Limu Bilbilo,2025-03-01,1.6735165,3
ET040109,Gudetu Kondole,2025-03-01,1301.603,3
ET040817,Munessa,2025-03-01,3.7249968,3
ET040816,Tiyo,2025-03-01,5.3275557,3
ET040110,Boji Chekorsa,2025-03-01,691.5498,3
ET040111,Babo,2025-03-01,973.49927,3
ET040106,Boji Dirmeji,2025-03-01,227.46953,3
ET040893,Shanan Kolu,2025-03-01,18.915956,3
ET040101,Mana Sibu,2025-03-01,960.4854,3
ET040894,Bekoji town,2025-03-01,1.074383,3
ET040910,Boke,2025-03-01,18.515535,3
ET031121,Takusa,2025-03-01,581.5461,3
ET040909,Daro Lebu,2025-03-01,5.2461576,3
ET040908,Habro,2025-03-01,13.741353,3
ET031122,Kinfaz Begela,2025-03-01,353.94046,3
ET110204,Gimbo,2025-03-01,186.66797,3
ET120105,Makuey,2025-03-01,511.64612,3
ET040907,Goba Koricha,2025-03-01,15.695564,3
ET031125,West Dembiya,2025-03-01,972.8227,3
ET040906,Anchar,2025-03-01,18.48525,3
ET031205,Adagn Ager Chaqo,2025-03-01,219.10992,3
ET040905,Chiro town,2025-03-01,6.3151956,3
ET031206,Mirab Armacho,2025-03-01,953.1622,3
ET110205,Adiyio,2025-03-01,46.976894,3
ET040904,Mesela,2025-03-01,7.351067,3
ET031213,Metema,2025-03-01,1444.7065,3
ET040903,Tulo (OR),2025-03-01,7.6979065,3
ET120104,Wantawo,2025-03-01,406.13815,3
ET040902,Doba,2025-03-01,6.354347,3
ET031214,Quara,2025-03-01,1763.2343,3
ET040901,Mieso,2025-03-01,16.090883,3
ET031292,Gendawuha town,2025-03-01,537.7086,3
ET110206,Tullo,2025-03-01,91.75423,3
ET120101,Akobo,2025-03-01,161.82869,3
ET110209,Chena,2025-03-01,252.77779,3
ET040815,Degeluna Tijo,2025-03-01,1.9324799,3
ET040814,Shirka,2025-03-01,11.138452,3
ET040198,Mendi town,2025-03-01,120.941696,3
ET040714,Adama town,2025-03-01,105.91554,3
ET110506,Surma,2025-03-01,252.30573,3
ET110213,Shisho Ande,2025-03-01,123.50361,3
ET040711,Liben Chukala,2025-03-01,8.0795965,3
ET040199,Nejo town,2025-03-01,447.5573,3
ET040710,Bora (OR),2025-03-01,6.798136,3
ET040201,Limu (OR),2025-03-01,291.88174,3
ET040709,Bishoftu town,2025-03-01,18.31976,3
ET040202,Ibantu,2025-03-01,104.35072,3
ET040708,Adama Tulu Jido Kombolcha,2025-03-01,323.1665,3
ET040203,Gida Ayana,2025-03-01,202.02869,3
ET110301,Sheko,2025-03-01,530.40717,3
ET040707,Dugda,2025-03-01,50.211807,3
ET110505,Bero,2025-03-01,352.9668,3
ET040706,Ada'a,2025-03-01,3.4978867,3
ET040204,Haro Limu,2025-03-01,181.76843,3
ET040705,Gimbichu,2025-03-01,5.50263,3
ET040205,Boneya Boshe,2025-03-01,208.3275,3
ET040704,Lome (OR),2025-03-01,26.242226,3
ET040206,Wayu Tuka,2025-03-01,107.46647,3
ET110302,Gurafereda,2025-03-01,995.04474,3
ET040703,Adama,2025-03-01,8.071275,3
ET040799,Metehara town,2025-03-01,134.95013,3
ET040702,Boset,2025-03-01,116.262474,3
ET040197,Leta Sibu,2025-03-01,319.7715,3
ET040193,Gimbi town,2025-03-01,341.34262,3
ET040112,Yubdo,2025-03-01,813.3914,3
ET040813,Tena,2025-03-01,2.1211152,3
ET040812,Robe,2025-03-01,18.113884,3
ET040113,Gaji,2025-03-01,275.73126,3
ET040114,Haru,2025-03-01,331.2763,3
ET110210,Bita,2025-03-01,219.05446,3
ET040811,Seru,2025-03-01,24.49147,3
ET110601,Konta,2025-03-01,632.00024,3
ET040809,Chole,2025-03-01,11.730282,3
ET040115,Nole Kaba,2025-03-01,418.9053,3
ET040808,Sude,2025-03-01,9.075933,3
ET040807,Hitosa,2025-03-01,2.9309733,3
ET040116,Begi,2025-03-01,723.75305,3
ET110211,Bonga town,2025-03-01,355.00415,3
ET040117,Homa,2025-03-01,427.0579,3
ET040806,Ziway Dugda,2025-03-01,8.592634,3
ET040118,Sayo Nole,2025-03-01,489.17715,3
ET040804,Jeju,2025-03-01,11.139623,3
ET110507,Maji,2025-03-01,208.8179,3
ET040803,Golocha,2025-03-01,15.157809,3
ET040119,Guliso,2025-03-01,1249.7183,3
ET110212,Goba (SP),2025-03-01,58.24072,3
ET040802,Aseko,2025-03-01,18.532423,3
ET040801,Merti,2025-03-01,101.005,3
ET030520,Debre Berhan town,2025-03-01,5.4260206,3
ET041587,Bule Hora town,2025-03-01,23.498966,3
ET030519,Basona Worena,2025-03-01,1.0887513,3
ET020111,Asayita town,2025-03-01,267.30423,3
ET050608,Berocano,2025-03-01,51.417034,3
ET020198,Samera Logiya town,2025-03-01,223.13412,3
ET050607,Ferfer,2025-03-01,71.20154,3
ET020201,Erebti,2025-03-01,79.8735,3
ET071007,Ezo /Kogota,2025-03-01,16.162231,3
ET020202,Kunneba,2025-03-01,30.987871,3
ET050606,Mustahil,2025-03-01,83.394516,3
ET050605,Kelafo,2025-03-01,208.74065,3
ET160012,Malga,2025-03-01,12.418212,3
ET050696,Godey town,2025-03-01,77.78741,3
ET050604,Gode,2025-03-01,48.333824,3
ET050603,Danan,2025-03-01,149.16151,3
ET020205,Berahile,2025-03-01,215.5693,3
ET071008,Dita,2025-03-01,14.048162,3
ET020206,Dalol,2025-03-01,198.48817,3
ET050602,Adadle,2025-03-01,133.74284,3
ET050601,East Imi,2025-03-01,36.68309,3
ET020207,Afdera,2025-03-01,70.25041,3
ET050599,Bodaley,2025-03-01,30.911957,3
ET160011,Gorche,2025-03-01,12.575814,3
ET050598,El-Ogaden,2025-03-01,37.478516,3
ET020203,Abaala,2025-03-01,25.116459,3
ET050698,Elale,2025-03-01,35.70991,3
ET160013,Wonosho,2025-03-01,8.43477,3
ET071006,Chencha Zuriya,2025-03-01,13.777001,3
ET020102,Elidar,2025-03-01,61.578934,3
ET050804,Elkare /Serer,2025-03-01,38.48499,3
ET020103,Asayita,2025-03-01,203.71004,3
ET160015,Bursa,2025-03-01,10.32798,3
ET050802,Charati,2025-03-01,200.42915,3
ET050799,Galhamur,2025-03-01,34.931576,3
ET020104,Afambo,2025-03-01,273.59424,3
ET071004,Boreda,2025-03-01,237.49355,3
ET050798,Lehel-Yucub,2025-03-01,25.004168,3
ET020105,Mile,2025-03-01,203.62206,3
ET050788,Daratole,2025-03-01,19.010448,3
ET020106,Chifra,2025-03-01,277.75662,3
ET050704,Warder,2025-03-01,28.171356,3
ET160014,Chire,2025-03-01,90.402374,3
ET050703,Galadi,2025-03-01,41.78881,3
ET020107,Dubti town,2025-03-01,107.93998,3
ET071005,Mirab Abaya,2025-03-01,346.7041,3
ET050702,Bokh,2025-03-01,26.348288,3
ET020108,Kori,2025-03-01,50.606953,3
ET050701,Danod,2025-03-01,23.789522,3
ET020109,Adar,2025-03-01,278.25372,3
ET050699,Aba-Korow,2025-03-01,30.99116,3
ET020110,Gerani,2025-03-01,75.60515,3
ET020208,Bidu,2025-03-01,30.083437,3
ET071009,Daramalo,2025-03-01,303.2956,3
ET020209,Abaala town,2025-03-01,25.210283,3
ET050597,Higloley,2025-03-01,41.110313,3
ET160008,Bensa,2025-03-01,44.657623,3
ET050404,Hamero,2025-03-01,35.828064,3
ET050403,Salahad,2025-03-01,23.444511,3
ET020403,Teru,2025-03-01,141.89261,3
ET020404,Yalo,2025-03-01,244.0202,3
ET071013,Gerese,2025-03-01,153.19638,3
ET050402,Fik,2025-03-01,33.797062,3
ET050399,Dig,2025-03-01,17.472666,3
ET020405,Gulina,2025-03-01,604.39777,3
ET050395,Ararso,2025-03-01,9.385514,3
ET020501,Telalek,2025-03-01,221.3717,3
ET160007,Hulla,2025-03-01,22.934494,3
ET050394,Burqod,2025-03-01,32.080784,3
ET020502,Samurobi,2025-03-01,37.25366,3
ET071014,Bonke,2025-03-01,24.487587,3
ET050392,Daror,2025-03-01,22.15311,3
ET050382,Yocale,2025-03-01,11.0722065,3
ET020503,Dawe,2025-03-01,49.125042,3
ET050307,Degahabur town,2025-03-01,25.739214,3
ET020504,Dalefage,2025-03-01,186.96051,3
ET050306,Bilcil-Bur,2025-03-01,10.24911,3
ET160006,Dara,2025-03-01,92.34638,3
ET020505,Hadelela,2025-03-01,181.36264,3
ET020402,Euwa,2025-03-01,220.7781,3
ET050805,West Imi,2025-03-01,77.265175,3
ET050407,Lagahida,2025-03-01,27.349016,3
ET020401,Awra (AF),2025-03-01,257.98447,3
ET050596,Lasdhankayre,2025-03-01,37.921196,3
ET020301,Amibara,2025-03-01,579.3399,3
ET050595,Goglo,2025-03-01,28.885973,3
ET020302,Awash,2025-03-01,144.35173,3
ET050592,Kebridehar town,2025-03-01,167.71175,3
ET160010,Boricha,2025-03-01,177.80263,3
ET071010,Chencha,2025-03-01,10.828222,3
ET020303,Gewane,2025-03-01,59.553097,3
ET050586,Marsin,2025-03-01,23.664036,3
ET050504,Debeweyin,2025-03-01,67.52708,3
ET020304,Dulecha,2025-03-01,158.27144,3
ET050503,Shilabo,2025-03-01,156.40343,3
ET020305,Gelalu,2025-03-01,234.83078,3
ET050501,Shaygosh,2025-03-01,79.29591,3
ET020306,Arguba,2025-03-01,15.591346,3
ET160009,Aroresa,2025-03-01,50.384422,3
ET071011,Kemba,2025-03-01,109.95407,3
ET050499,Wangey,2025-03-01,19.624762,3
ET050498,Yahob,2025-03-01,36.565403,3
ET020307,Hanruka,2025-03-01,211.2941,3
ET050497,Qubi,2025-03-01,27.516891,3
ET020396,Awash town,2025-03-01,38.7444,3
ET050408,Meyumuluka,2025-03-01,32.260548,3
ET071012,Kemba town,2025-03-01,22.477108,3
ET071015,Arba Minch Zuria,2025-03-01,825.37823,3
ET071003,Selamber town,2025-03-01,228.17662,3
ET050806,Hargele,2025-03-01,144.65587,3
ET060305,Bambasi,2025-03-01,694.7148,3
ET010403,Neqsege,2025-03-01,1.8035945,3
ET060304,Sherkole,2025-03-01,897.11865,3
ET010404,Emba Alaje,2025-03-01,1.3778867,3
ET060303,Assosa,2025-03-01,1336.2185,3
ET010405,Endamehoni,2025-03-01,1.2956408,3
ET160022,Leku town,2025-03-01,109.9965,3
ET060302,Kurmuk,2025-03-01,200.62154,3
ET070703,North Ari,2025-03-01,104.2355,3
ET060301,Menge,2025-03-01,480.81622,3
ET070702,South Ari,2025-03-01,316.21973,3
ET010406,Raya Azebo,2025-03-01,363.53772,3
ET010407,Raya Alamata,2025-03-01,47.970634,3
ET060206,Pawe,2025-03-01,630.2923,3
ET010408,Ofla,2025-03-01,3.0695531,3
ET060205,Dibate,2025-03-01,356.61932,3
ET160021,Aleta Wondo town,2025-03-01,14.798639,3
ET070704,Hamer,2025-03-01,822.4894,3
ET060204,Mandura,2025-03-01,423.33765,3
ET010409,Maichew town,2025-03-01,1.3076584,3
ET060203,Wembera,2025-03-01,491.42883,3
ET010410,Korem town,2025-03-01,4.2813573,3
ET060207,Bulen,2025-03-01,490.5284,3
ET010401,Selewa,2025-03-01,1.9238449,3
ET060306,Bilidigilu,2025-03-01,198.46669,3
ET060307,Homosha,2025-03-01,84.6134,3
ET070621,Abela Abaya,2025-03-01,119.95367,3
ET070103,Ezha,2025-03-01,4.995911,3
ET070102,Abeshege,2025-03-01,52.417435,3
ET010310,Bizet,2025-03-01,2.133632,3
ET070101,Kebena,2025-03-01,56.076706,3
ET010311,Edaga Hamus town,2025-03-01,0.9197956,3
ET060508,Maokomo Special,2025-03-01,531.46234,3
ET010313,Freweyni town,2025-03-01,0.92875785,3
ET070622,Bayera Koisha,2025-03-01,109.138054,3
ET060405,Mizyiga,2025-03-01,91.38287,3
ET010314,Tsaeda Emba,2025-03-01,6.6539364,3
ET160024,Bura,2025-03-01,6.4841805,3
ET060404,Dembe,2025-03-01,229.57018,3
ET060403,Kamashi,2025-03-01,159.2688,3
ET010315,Atsbi town,2025-03-01,1.2186062,3
ET060400,Kamashi town,2025-03-01,112.75393,3
ET010316,Agulae,2025-03-01,4.556247,3
ET070701,Salamago,2025-03-01,1457.2245,3
ET060309,Assosa town Administration,2025-03-01,417.38477,3
ET010317,Geraleta,2025-03-01,1.9769651,3
ET060308,Undulu,2025-03-01,201.08739,3
ET010318,Zala Anbesa town,2025-03-01,1.1145049,3
ET160023,Hawela,2025-03-01,15.350583,3
ET060202,Guba,2025-03-01,348.50165,3
ET010411,Alamata town,2025-03-01,78.91219,3
ET060201,Dangur,2025-03-01,389.2935,3
ET010412,Mekhoni town,2025-03-01,2.4449089,3
ET050999,Bokolmayo,2025-03-01,33.847977,3
ET050991,Deka Suftu,2025-03-01,34.382645,3
ET010509,May Gaba,2025-03-01,8.294504,3
ET050904,Guradamole,2025-03-01,38.31421,3
ET010601,Saharti,2025-03-01,17.383623,3
ET050903,Goro Baqaqsa,2025-03-01,55.462708,3
ET010603,Hintalo,2025-03-01,4.689518,3
ET160017,Bona Zuria,2025-03-01,27.314693,3
ET070709,Jinka town,2025-03-01,223.5032,3
ET050902,Dolo Ado,2025-03-01,60.54705,3
ET050901,Filtu,2025-03-01,20.401531,3
ET010605,Hagere Selam town,2025-03-01,1.0771435,3
ET050899,God-God,2025-03-01,51.580605,3
ET010606,Samre,2025-03-01,49.399967,3
ET050898,Kohle /Qoxle,2025-03-01,51.076855,3
ET010607,Adigudom,2025-03-01,2.5116518,3
ET070711,Wub Ari,2025-03-01,24.093733,3
ET050809,Raso,2025-03-01,44.057014,3
ET010608,Wajirat,2025-03-01,5.4005136,3
ET160016,Aleta Chuko,2025-03-01,127.3826,3
ET050808,Dolobay,2025-03-01,157.8742,3
ET050807,Barey,2025-03-01,140.30794,3
ET010701,Mekelle,2025-03-01,155.42978,3
ET010508,Korarit,2025-03-01,14.118718,3
ET020101,Dubti,2025-03-01,58.363125,3
ET070708,Nyngatom,2025-03-01,242.34935,3
ET051001,Ayun,2025-03-01,30.431173,3
ET070705,Bena Tsemay,2025-03-01,725.96136,3
ET060200,Gilgel Beles town,2025-03-01,314.92743,3
ET160020,Yirgalem town,2025-03-01,222.39894,3
ET051198,Qada Duma,2025-03-01,158.10036,3
ET010413,Zata,2025-03-01,2.7156513,3
ET051187,Mubarek,2025-03-01,41.04176,3
ET010414,Chercher,2025-03-01,138.719,3
ET070706,Dasenech /Kuraz,2025-03-01,1248.0253,3
ET010501,Kafta Humera,2025-03-01,837.17883,3
ET051104,Hudet,2025-03-01,127.15169,3
ET051096,Hararey,2025-03-01,38.115925,3
ET010502,Welkait,2025-03-01,309.32343,3
ET051095,Horshagah,2025-03-01,32.841095,3
ET160019,Wondo-Genet,2025-03-01,320.91318,3
ET051006,Dihun,2025-03-01,39.195847,3
ET010503,Tsegede (TG),2025-03-01,86.49997,3
ET070707,Malie,2025-03-01,142.82817,3
ET010505,May Kadra,2025-03-01,22.148869,3
ET051005,Sagag,2025-03-01,38.31333,3
ET051003,Garbo,2025-03-01,34.38784,3
ET010506,Dansha town,2025-03-01,25.127941,3
ET051002,Elwayne,2025-03-01,37.33987,3
ET010507,Awra (TG),2025-03-01,30.19725,3
ET160018,Hawasa town,2025-03-01,1929.1671,3
ET010309,Wukro town,2025-03-01,2.7159407,3
ET050305,Gunagado,2025-03-01,32.785393,3
ET030101,Addi Arekay,2025-03-01,264.13928,3
ET030415,Were Ilu,2025-03-01,3.9130692,3
ET030416,Wegde,2025-03-01,41.570847,3
ET071502,Denba Gofa,2025-03-01,112.54599,3
ET041807,Anfilo,2025-03-01,399.5959,3
ET140111,Lemi Kura,2025-03-01,22.256508,3
ET041806,Denbi Dollo town,2025-03-01,761.7684,3
ET041805,Sayo,2025-03-01,166.47614,3
ET030417,Kombolcha town,2025-03-01,28.465366,3
ET041804,Gawo Kebe,2025-03-01,861.74,3
ET030418,Dessie town,2025-03-01,44.612206,3
ET041808,Dale Sadi,2025-03-01,1214.6908,3
ET030419,Mehal Sayint,2025-03-01,33.553093,3
ET041802,Yama Logi Welel,2025-03-01,137.36154,3
ET030420,Legehida,2025-03-01,1.2067183,3
ET140110,Gulele,2025-03-01,5.7756143,3
ET041801,Hawa Galan,2025-03-01,486.35498,3
ET041799,Arsi Negele town,2025-03-01,83.09392,3
ET030421,Mekdela,2025-03-01,6.151677,3
ET071504,Uba Debre Tsehay,2025-03-01,412.68695,3
ET030422,Worebabu,2025-03-01,15.047397,3
ET041798,Bishan Guracha,2025-03-01,20.86183,3
ET041783,Heban Arsi,2025-03-01,112.39186,3
ET041803,Dale Wabera,2025-03-01,772.5221,3
ET030413,Kelela,2025-03-01,25.000282,3
ET041809,Gidami,2025-03-01,498.074,3
ET041810,Jimma Horo,2025-03-01,467.18494,3
ET030404,Ambasel,2025-03-01,12.002433,3
ET030405,Thehulederie,2025-03-01,15.419087,3
ET071403,Atote Ulo,2025-03-01,66.68476,3
ET041907,Jimma Rare,2025-03-01,19.544403,3
ET030406,Delanta,2025-03-01,4.8956337,3
ET041906,Jimma Genete,2025-03-01,23.730879,3
ET041905,Abay Chomen,2025-03-01,40.38292,3
ET030407,Kalu,2025-03-01,65.31935,3
ET041904,Ababo,2025-03-01,29.806713,3
ET150104,Malka Jabti /M.Jebdu),2025-03-01,19.304811,3
ET030408,Albuko,2025-03-01,19.164707,3
ET071404,Wera Djo,2025-03-01,61.978153,3
ET041903,Guduru,2025-03-01,40.292107,3
ET030409,Dessie Zuria,2025-03-01,7.177307,3
ET041902,Shambu town,2025-03-01,15.164775,3
ET041901,Horo,2025-03-01,23.503633,3
ET030410,Legambo,2025-03-01,7.1315274,3
ET041812,Sedi Chenka,2025-03-01,282.55258,3
ET030411,Sayint,2025-03-01,88.26598,3
ET150103,Sabian,2025-03-01,170.80287,3
ET071501,Melekoza,2025-03-01,499.85297,3
ET041811,Lalo Kile,2025-03-01,947.51544,3
ET030412,Borena /Debresina,2025-03-01,141.63661,3
ET030425,Degolo town,2025-03-01,0.98316973,3
ET041711,Shashemene town,2025-03-01,173.85701,3
ET140109,Arada,2025-03-01,10.730831,3
ET041710,Adaba,2025-03-01,1.4917089,3
ET071508,Bulike town,2025-03-01,20.574469,3
ET041622,Bedele Zuria,2025-03-01,79.971855,3
ET030512,Kewet,2025-03-01,16.659079,3
ET041621,Bedele town,2025-03-01,78.91979,3
ET140106,Kirkos,2025-03-01,17.06291,3
ET041618,Meko,2025-03-01,125.56963,3
ET041608,Dedesa,2025-03-01,104.08698,3
ET030513,Angolelana Tera,2025-03-01,0.94321287,3
ET030514,Assagirt,2025-03-01,3.6257036,3
ET071509,Melo Gada,2025-03-01,117.76915,3
ET041607,Borecha,2025-03-01,93.231636,3
ET030515,Ankober,2025-03-01,10.033787,3
ET041606,Gechi,2025-03-01,77.79702,3
ET041605,Dabo Hana,2025-03-01,89.31082,3
ET030516,Hagere Mariam,2025-03-01,3.332846,3
ET140105,Lideta,2025-03-01,14.038711,3
ET041604,Dega,2025-03-01,86.26699,3
ET030517,Berehet,2025-03-01,15.882226,3
ET071601,Basketo SP Woreda,2025-03-01,584.0951,3
ET041603,Chora (Buno Bedele),2025-03-01,87.46741,3
ET030518,Minjar Shenkora,2025-03-01,15.983015,3
ET041596,Birbirsa Kojowa,2025-03-01,55.992355,3
ET041594,Suro Berguda,2025-03-01,117.865105,3
ET030511,Mojan Wedera,2025-03-01,1.7419727,3
ET041908,Jarte Jardega,2025-03-01,8.994268,3
ET030510,Tarema Ber,2025-03-01,10.242155,3
ET030509,Menze Mama Midir,2025-03-01,1.5484837,3
ET030501,Mida Woremo,2025-03-01,74.82119,3
ET071505,Gezei Gofa,2025-03-01,30.68602,3
ET030502,Merhabete,2025-03-01,22.709919,3
ET041709,Nenesebo,2025-03-01,48.484802,3
ET041708,Kokosa,2025-03-01,10.296692,3
ET030503,Ensaro,2025-03-01,7.771046,3
ET041707,Dodola,2025-03-01,10.784403,3
ET030504,Moretna Jiru,2025-03-01,4.406062,3
ET041706,Gedeb Asasa,2025-03-01,2.139439,3
ET140108,Addis Ketema,2025-03-01,13.234775,3
ET071506,O'yida,2025-03-01,69.00869,3
ET030505,Menze Gera Midir,2025-03-01,4.6058836,3
ET041705,Kore,2025-03-01,11.020852,3
ET041704,Kofele,2025-03-01,6.5366364,3
ET030506,Gishe Rabel,2025-03-01,1.2519833,3
ET041703,Arsi Negele,2025-03-01,105.510216,3
ET030507,Antsokiya,2025-03-01,10.07616,3
ET030508,Eferatana Gidem,2025-03-01,19.046288,3
ET071507,Sawla town,2025-03-01,276.62994,3
ET041702,Shala,2025-03-01,95.113045,3
ET140107,Yeka,2025-03-01,15.872577,3
ET041701,Siraro,2025-03-01,289.0321,3
ET041700,Dodola town,2025-03-01,3.3944888,3
ET041623,Chwaka,2025-03-01,1255.6329,3
ET050304,Gashamo,2025-03-01,20.85527,3
ET150105,Legehare,2025-03-01,94.75791,3
ET041910,Abe Dongoro,2025-03-01,98.57503,3
ET050204,Shabeeley,2025-03-01,8.778951,3
ET160002,Hawassa Zuria,2025-03-01,256.461,3
ET050203,Babile (SM),2025-03-01,39.30975,3
ET030206,Tach Gayint,2025-03-01,101.392586,3
ET071019,Kucha,2025-03-01,190.29213,3
ET030207,Semada,2025-03-01,320.90814,3
ET050202,Gursum (SM),2025-03-01,13.357719,3
ET050199,Gablalu,2025-03-01,59.762383,3
ET030208,East Esite,2025-03-01,356.20142,3
ET050198,Gota-Biki,2025-03-01,225.1185,3
ET030205,Lay Gayint,2025-03-01,183.10681,3
ET030209,Dera (AM),2025-03-01,1051.9965,3
ET160001,Shebe Dino,2025-03-01,18.982567,3
ET071021,Arba Minch town,2025-03-01,1130.9446,3
ET030210,Debre Tabor town,2025-03-01,297.72772,3
ET050106,Hadhagala,2025-03-01,52.655106,3
ET050105,Afdem,2025-03-01,53.30252,3
ET030211,Andabet/ West Esite,2025-03-01,223.47997,3
ET050104,Erer (SM),2025-03-01,110.05357,3
ET030212,Guna Begemider,2025-03-01,63.60993,3
ET030213,Mena Meketewa,2025-03-01,80.17498,3
ET071205,Alle Special,2025-03-01,210.47836,3
ET050107,Miesso,2025-03-01,33.867348,3
ET050205,Aw-Bare,2025-03-01,16.310368,3
ET050206,Kebribeyah,2025-03-01,8.489681,3
ET030203,Fogera,2025-03-01,1354.6514,3
ET050303,Aware,2025-03-01,17.35917,3
ET030102,Beyeda,2025-03-01,34.346764,3
ET050302,Degehabur,2025-03-01,20.823542,3
ET030103,Janamora,2025-03-01,163.2586,3
ET071016,Gacho Baba,2025-03-01,18.631657,3
ET160005,Aleta Wendo,2025-03-01,18.772738,3
ET050301,Degehamedo,2025-03-01,31.181585,3
ET050299,Harawo,2025-03-01,12.266628,3
ET030104,Debark,2025-03-01,127.48183,3
ET050297,Koran /Mulla,2025-03-01,7.050384,3
ET030105,Dabat,2025-03-01,138.7358,3
ET050296,Kebribayah town,2025-03-01,7.724408,3
ET030119,Telemt,2025-03-01,349.2554,3
ET071017,Kucha Alpha,2025-03-01,51.87885,3
ET030198,Debark town,2025-03-01,18.072601,3
ET050295,Wajale town,2025-03-01,3.4949832,3
ET050293,Jigjiga town,2025-03-01,4.6128764,3
ET160003,Arbegona,2025-03-01,14.002751,3
ET050283,Tuliguled,2025-03-01,5.5557966,3
ET030201,Ebenat,2025-03-01,281.12506,3
ET050207,Harshin,2025-03-01,8.712389,3
ET030202,Libokemekem,2025-03-01,1043.6196,3
ET071018,Garda Marta,2025-03-01,171.41365,3
ET050103,Shinile,2025-03-01,47.12343,3
ET150208,Biyoawale,2025-03-01,10.849125,3
ET050102,Dembel,2025-03-01,13.265813,3
ET050101,Ayisha,2025-03-01,28.990063,3
ET030310,Lasta,2025-03-01,38.763184,3
ET042011,Bereh,2025-03-01,0.8433693,3
ET150110,Gende Kore,2025-03-01,16.218473,3
ET071304,Kena,2025-03-01,124.64408,3
ET030311,Dawunt,2025-03-01,8.474485,3
ET042009,Sebeta town,2025-03-01,13.651601,3
ET042008,Dukem,2025-03-01,3.9716473,3
ET030312,Gazo,2025-03-01,1.7425379,3
ET042006,Sebeta Hawas,2025-03-01,6.358249,3
ET030313,Angot,2025-03-01,1.7543991,3
ET042005,Sululta town,2025-03-01,0.90113693,3
ET030398,Lalibela town,2025-03-01,4.9770837,3
ET071401,Kulito town,2025-03-01,68.9847,3
ET150109,Addis Ketema (DD),2025-03-01,15.069246,3
ET042004,Lege Tafo-Lege Dadi town,2025-03-01,1.3458525,3
ET042001,Burayu,2025-03-01,14.160437,3
ET030399,Kobo town,2025-03-01,90.031166,3
ET041912,Horo Buluk,2025-03-01,12.849026,3
ET030401,Argoba,2025-03-01,24.438438,3
ET041911,Choman Guduru,2025-03-01,20.659044,3
ET030402,Tenta,2025-03-01,2.7814844,3
ET071402,Wera,2025-03-01,79.90473,3
ET030403,Kutaber,2025-03-01,4.6062126,3
ET042012,Akaki,2025-03-01,4.981513,3
ET041909,Amuru,2025-03-01,49.640503,3
ET030309,Woldiya town,2025-03-01,21.67583,3
ET042014,Welmera,2025-03-01,7.983581,3
ET030214,Sede Muja,2025-03-01,109.85916,3
ET042107,Ginir town,2025-03-01,13.83151,3
ET030293,Woreta town,2025-03-01,528.1967,3
ET030301,Bugna,2025-03-01,54.29968,3
ET071301,Karat town,2025-03-01,132.07512,3
ET042106,Dawe Ketchen,2025-03-01,23.027666,3
ET042105,Seweyna,2025-03-01,22.596165,3
ET030302,Raya Kobo,2025-03-01,115.63881,3
ET150207,Wahil,2025-03-01,12.267143,3
ET042104,Rayitu,2025-03-01,15.737742,3
ET042102,Lege Hida,2025-03-01,16.054089,3
ET030303,Gidan,2025-03-01,4.1215262,3
ET030304,Meket,2025-03-01,61.86961,3
ET071302,Segen Zuria,2025-03-01,126.39896,3
ET042098,Gelana (Finfine),2025-03-01,3.3865318,3
ET042020,Holeta town,2025-03-01,2.7077835,3
ET030305,Wadla,2025-03-01,9.961736,3
ET042018,Sendafa town,2025-03-01,0.8565764,3
ET150206,Jeldessa,2025-03-01,9.514232,3
ET042016,Mulo,2025-03-01,1.5811938,3
ET030307,Guba Lafto,2025-03-01,40.50131,3
ET030308,Habru,2025-03-01,105.6062,3
ET071303,Karat Zuria,2025-03-01,130.66226,3
ET042013,Sululta,2025-03-01,5.5455675,3
ET160037,Loka Abaya,2025-03-01,303.04318,3
ET070205,Misrak Badawacho,2025-04-01,71.691574,4
ET010215,Ahsea,2025-04-01,21.78918,4
ET010217,Hahayle,2025-04-01,12.011215,4
ET070204,Shashogo,2025-04-01,74.68905,4
ET070604,Humbo,2025-04-01,57.32545,4
ET070202,Gombora,2025-04-01,42.849667,4
ET070616,Tebela town,2025-04-01,21.86607,4
ET070606,Kindo Koyesha,2025-04-01,279.97766,4
ET160029,Chabe Gambeltu,2025-04-01,18.999193,4
ET010213,Axum town,2025-04-01,12.863438,4
ET070201,Misha,2025-04-01,1.4874725,4
ET070603,Damot Woide,2025-04-01,37.845245,4
ET070605,Sodo Zuria,2025-04-01,45.338726,4
ET010214,Rama,2025-04-01,52.416885,4
ET070206,Soro,2025-04-01,58.71836,4
ET070104,Gedebano Gutazer Welene,2025-04-01,4.577943,4
ET010308,Adigrat town,2025-04-01,2.3713584,4
ET010216,Egela,2025-04-01,3.2853205,4
ET010101,Tahtay Adiyabo,2025-04-01,358.71042,4
ET010112,Adi Hageray,2025-04-01,117.903496,4
ET070615,Boditi town,2025-04-01,25.866026,4
ET070504,Bule,2025-04-01,2.661976,4
ET070609,Damot Sore,2025-04-01,23.893892,4
ET070306,Doyogena,2025-04-01,5.2317276,4
ET010201,Chila,2025-04-01,62.590492,4
ET010109,Selekleka,2025-04-01,40.389854,4
ET070114,Welkite town,2025-04-01,22.14342,4
ET070109,Gumer,2025-04-01,1.1688039,4
ET070305,Hadero Tunto,2025-04-01,50.104874,4
ET070618,Gununo Hamus town,2025-04-01,29.002638,4
ET010202,Aheferom,2025-04-01,17.993397,4
ET070304,Kacha Bira,2025-04-01,60.12212,4
ET070505,Dila Zuria,2025-04-01,31.075077,4
ET010222,Tanqua Melashe,2025-04-01,10.291405,4
ET010108,Indasilassie town,2025-04-01,244.45006,4
ET010203,Edaga arbi,2025-04-01,10.657551,4
ET070612,Duguna Fango,2025-04-01,65.31767,4
ET010305,Hawzen,2025-04-01,23.763338,4
ET070506,Gedeb,2025-04-01,5.849494,4
ET160032,Bilate Zuria,2025-04-01,59.11352,4
ET070302,Angacha,2025-04-01,6.4989743,4
ET070115,Butajira town,2025-04-01,58.44032,4
ET070108,Endiguagn,2025-04-01,2.5244405,4
ET160035,Chuko town,2025-04-01,18.40243,4
ET010304,Ganta Afeshum,2025-04-01,2.077344,4
ET010301,Gulo Mekeda,2025-04-01,3.2814658,4
ET010116,May Tsebri town,2025-04-01,18.892622,4
ET070307,Damboya,2025-04-01,7.5931787,4
ET070610,Kindo Daddaye,2025-04-01,65.43292,4
ET070111,Enemor Ener,2025-04-01,13.483531,4
ET070312,Hadero town,2025-04-01,24.955713,4
ET010302,Erob,2025-04-01,15.835118,4
ET010113,Tsimbla,2025-04-01,228.40707,4
ET070501,Wenago,2025-04-01,19.798647,4
ET070310,Shinshincho town,2025-04-01,16.23808,4
ET160034,Daella,2025-04-01,4.1046233,4
ET010303,Saesie,2025-04-01,3.370188,4
ET010114,Endabaguna town,2025-04-01,35.14965,4
ET070112,Muhur Na Aklil,2025-04-01,4.5196285,4
ET070301,Tembaro,2025-04-01,216.34976,4
ET070309,Adilo,2025-04-01,66.525894,4
ET070502,Yirgachefe,2025-04-01,12.31556,4
ET010111,Adi Daero,2025-04-01,42.898422,4
ET010115,Dima (TG),2025-04-01,10.683663,4
ET070308,Durame town,2025-04-01,31.698437,4
ET160033,Darara,2025-04-01,53.535423,4
ET160027,Chirone,2025-04-01,6.244214,4
ET070110,Cheha,2025-04-01,30.38557,4
ET070503,Kochere,2025-04-01,16.09325,4
ET070611,Damot Pullasa,2025-04-01,125.7455,4
ET070113,Geta,2025-04-01,1.7998282,4
ET010110,Seyemti Adyabo,2025-04-01,16.504723,4
ET070619,Hobicha Abaya,2025-04-01,99.624344,4
ET070207,Duna,2025-04-01,3.240317,4
ET010221,Keyhe tekli,2025-04-01,19.455399,4
ET010204,Adwa,2025-04-01,19.43223,4
ET070511,Gedeb town,2025-04-01,2.2085361,4
ET070614,Areka town,2025-04-01,95.060036,4
ET070211,Hosaena town,2025-04-01,17.817686,4
ET010219,Emba Sieneti,2025-04-01,15.071827,4
ET010210,Abergele (TG),2025-04-01,58.069702,4
ET070106,Meskan,2025-04-01,3.589584,4
ET160036,Wondo-Genet town,2025-04-01,10.074542,4
ET070210,Gibe,2025-04-01,14.359702,4
ET070512,Yirgachefe town,2025-04-01,8.256681,4
ET010211,Abi Adi town,2025-04-01,6.0761976,4
ET070607,Ofa,2025-04-01,55.264446,4
ET070209,Mirab Badowach,2025-04-01,48.65822,4
ET070119,Debub Sodo,2025-04-01,49.214054,4
ET010307,Atsbi,2025-04-01,3.8641667,4
ET010103,Zana,2025-04-01,138.7982,4
ET010218,Endafelasi,2025-04-01,14.360938,4
ET010212,Adwa town,2025-04-01,19.629183,4
ET160030,Daye town,2025-04-01,11.503,4
ET070208,Analemmo,2025-04-01,5.04794,4
ET070602,Damot Gale,2025-04-01,62.77853,4
ET070105,Sodo,2025-04-01,7.324658,4
ET070120,Enor Ener,2025-04-01,8.593317,4
ET010102,Laelay Adiabo,2025-04-01,112.997154,4
ET010209,Naeder,2025-04-01,11.715299,4
ET070617,Gesuba town,2025-04-01,73.559685,4
ET070118,Misrak Meskan,2025-04-01,5.7164297,4
ET010104,Tahtay Koraro,2025-04-01,179.26723,4
ET160026,Teticha,2025-04-01,3.9634917,4
ET070217,Mirab Soro,2025-04-01,26.31418,4
ET010107,Sheraro town,2025-04-01,369.02762,4
ET070116,Emdebir town,2025-04-01,3.0229073,4
ET010206,Tahtay Mayechew,2025-04-01,50.875397,4
ET070508,Chelelektu town,2025-04-01,39.267605,4
ET070608,Boloso Bombe,2025-04-01,182.47751,4
ET070613,Sodo Town,2025-04-01,102.64815,4
ET010220,Enticho town,2025-04-01,1.2622292,4
ET070216,Siraro Badawacho,2025-04-01,8.3242,4
ET070107,Mareko,2025-04-01,21.491966,4
ET070507,Dila town,2025-04-01,90.232994,4
ET010106,Tselemti,2025-04-01,13.866054,4
ET070117,Bui town,2025-04-01,0.8713131,4
ET070214,Jajura town,2025-04-01,2.888445,4
ET070509,Rape,2025-04-01,2.2962809,4
ET160031,Hokko,2025-04-01,20.35753,4
ET010105,Asgede,2025-04-01,294.35257,4
ET070213,Gimbichu town,2025-04-01,4.44012,4
ET160028,Shafamo,2025-04-01,1.9499294,4
ET070212,Shone Town,2025-04-01,42.613903,4
ET070510,Churso,2025-04-01,8.426161,4
ET010306,Kelete Awelallo,2025-04-01,2.0451567,4
ET070620,Kawo Koisha,2025-04-01,45.678417,4
ET010207,Adet,2025-04-01,41.867054,4
ET010208,Kola Temben,2025-04-01,43.636604,4
ET071503,Zala,2025-04-01,70.53501,4
ET160025,Dara Otilicho,2025-04-01,4.6156936,4
ET041111,Harena Buluk,2025-04-01,14.586474,4
ET030904,Guangua,2025-04-01,93.60457,4
ET041110,Goba (OR),2025-04-01,1.3886851,4
ET041109,Sinana,2025-04-01,5.700194,4
ET030905,Fagta Lakoma,2025-04-01,6.9587445,4
ET072401,Yem SP Woreda,2025-04-01,38.0881,4
ET030906,Jawi,2025-04-01,415.1353,4
ET041106,Gasera,2025-04-01,4.512132,4
ET120308,Mengesh,2025-04-01,755.52856,4
ET041104,Agarfa,2025-04-01,7.2378883,4
ET030903,Ankasha,2025-04-01,34.02706,4
ET030907,Guagusa Shikudad,2025-04-01,30.65367,4
ET041098,Kumbi,2025-04-01,28.000189,4
ET030908,Ayehu Guwagusa,2025-04-01,232.30052,4
ET110101,Anderacha,2025-04-01,32.135487,4
ET030996,Injibara town,2025-04-01,38.04349,4
ET041097,Deder town,2025-04-01,1.3598477,4
ET030997,Zigem,2025-04-01,166.87901,4
ET041089,Goro Muti,2025-04-01,5.859154,4
ET120206,Gambela town,2025-04-01,1385.0552,4
ET041019,Haromaya town,2025-04-01,2.2423053,4
ET030998,Dangila town,2025-04-01,8.02991,4
ET041099,Aweday town,2025-04-01,3.8736317,4
ET041112,Mena (Bale),2025-04-01,7.051431,4
ET072304,Derashe Special,2025-04-01,162.12427,4
ET120407,Itang,2025-04-01,266.41846,4
ET041211,Dire,2025-04-01,7.5892944,4
ET130102,Shenkor,2025-04-01,4.9796915,4
ET041210,Moyale (OR),2025-04-01,23.43268,4
ET041208,Arero,2025-04-01,26.738651,4
ET030801,Zequala,2025-04-01,55.7805,4
ET030803,Dehana,2025-04-01,31.446426,4
ET072102,Amaro,2025-04-01,63.697193,4
ET041207,Yabelo,2025-04-01,7.0633945,4
ET030804,Gaz Gibla,2025-04-01,1.964609,4
ET041122,Dinsho,2025-04-01,0.67606837,4
ET030805,Abergele (AM),2025-04-01,50.76332,4
ET041120,Goba town,2025-04-01,1.7705272,4
ET041119,Robe Town,2025-04-01,5.02002,4
ET130101,Sofi,2025-04-01,11.210559,4
ET030806,Sahila,2025-04-01,108.57367,4
ET072203,Burji Special,2025-04-01,15.214255,4
ET041116,Goro (Bale),2025-04-01,11.22019,4
ET030807,Sekota town,2025-04-01,8.635551,4
ET041115,Gura Damole,2025-04-01,13.088693,4
ET030808,Tsagbeji,2025-04-01,1.7746469,4
ET041114,Berbere,2025-04-01,7.982091,4
ET041113,Meda Welabu,2025-04-01,6.533764,4
ET030901,Dangila,2025-04-01,37.18737,4
ET110102,Masha,2025-04-01,14.225386,4
ET030799,Adete town,2025-04-01,88.807335,4
ET041018,Meyu Muleke,2025-04-01,12.974902,4
ET041017,Golo Oda,2025-04-01,10.33985,4
ET031108,Lay Armacho,2025-04-01,25.760855,4
ET041004,Babile (OR),2025-04-01,8.091218,4
ET041003,Gursum (OR),2025-04-01,3.292161,4
ET031109,Wegera,2025-04-01,42.810287,4
ET031110,Gonder Zuria,2025-04-01,664.8797,4
ET110201,Saylem,2025-04-01,14.385084,4
ET041002,Jarso (East Hararghe),2025-04-01,169.0136,4
ET031111,East Dembia,2025-04-01,335.08557,4
ET041001,Kombolcha,2025-04-01,4.0355287,4
ET120202,Gambela Zuria,2025-04-01,405.8044,4
ET041005,Fedis,2025-04-01,75.657074,4
ET041000,Babile town,2025-04-01,4.699501,4
ET031115,Alefa,2025-04-01,84.969444,4
ET031116,West Belesa,2025-04-01,166.2028,4
ET110202,Gesha,2025-04-01,19.823067,4
ET040991,Gumbi Bordede,2025-04-01,11.6228075,4
ET031117,East Belesa,2025-04-01,387.6288,4
ET040915,Hawi Gudina,2025-04-01,5.9315763,4
ET031118,Gondar town,2025-04-01,208.15193,4
ET040914,Bedesa,2025-04-01,2.1970346,4
ET040913,Chiro Zuria,2025-04-01,2.857176,4
ET120201,Abobo,2025-04-01,519.0181,4
ET040998,Burqua Dhintu,2025-04-01,20.271482,4
ET120203,Gog,2025-04-01,365.6896,4
ET041006,Haro Maya,2025-04-01,21.897175,4
ET110105,Masha town,2025-04-01,12.175345,4
ET031001,Dewa Cheffa,2025-04-01,13.415033,4
ET041016,Girawa,2025-04-01,5.7759047,4
ET041015,Chinaksen,2025-04-01,1.6983092,4
ET031002,Bati,2025-04-01,7.770794,4
ET120205,Dima (GM),2025-04-01,278.89984,4
ET110103,Yeki,2025-04-01,272.8618,4
ET041014,Midhaga Tola,2025-04-01,13.721042,4
ET031003,Jilye Tumuga,2025-04-01,56.0263,4
ET041013,Bedeno,2025-04-01,3.2109673,4
ET031004,Artuma Fursi,2025-04-01,14.859121,4
ET041012,Melka Balo,2025-04-01,6.213091,4
ET041011,Deder,2025-04-01,4.7171545,4
ET031005,Dewa Harewa,2025-04-01,11.567532,4
ET031006,Kemisie town,2025-04-01,13.196049,4
ET120204,Jore,2025-04-01,148.8039,4
ET110104,Tepi,2025-04-01,742.85956,4
ET041010,Goro Gutu,2025-04-01,5.493176,4
ET041009,Meta,2025-04-01,1.9713212,4
ET031099,Bati Town,2025-04-01,9.554608,4
ET041008,Kersa (East Hararge),2025-04-01,17.231672,4
ET041007,Kurfa Chele,2025-04-01,3.8737772,4
ET031106,Chilga 1,2025-04-01,184.74254,4
ET031107,Tegede,2025-04-01,304.5066,4
ET030999,Chagni town,2025-04-01,128.36673,4
ET041212,Teltale,2025-04-01,143.73137,4
ET072013,Misrak Siltie,2025-04-01,22.151741,4
ET030798,Bure town,2025-04-01,34.495502,4
ET030606,Enemay,2025-04-01,73.779976,4
ET041414,Negele town,2025-04-01,19.536003,4
ET041413,Gora Dola,2025-04-01,17.95815,4
ET030607,Debay Telatgen,2025-04-01,4.9149256,4
ET041412,Saba Boru,2025-04-01,52.884464,4
ET140101,Akaki Kality,2025-04-01,17.452227,4
ET030608,Debre Elias,2025-04-01,65.85659,4
ET072005,Dalocha,2025-04-01,30.927002,4
ET041411,Ana Sora,2025-04-01,15.57159,4
ET030609,Michakel,2025-04-01,10.426693,4
ET041482,Aga Wayu,2025-04-01,22.669033,4
ET041410,Girja /Harenfema,2025-04-01,16.524591,4
ET030610,Guzamn,2025-04-01,109.03506,4
ET041408,Dama,2025-04-01,2.3396685,4
ET030611,Baso Liben,2025-04-01,344.67593,4
ET130109,Abadir,2025-04-01,3.4167016,4
ET072006,Sankura,2025-04-01,84.0815,4
ET041407,Liben,2025-04-01,17.229256,4
ET030612,Awabel,2025-04-01,54.206184,4
ET041405,Odo Shakiso,2025-04-01,14.336554,4
ET041404,Wadera,2025-04-01,7.10023,4
ET030613,Dejen,2025-04-01,48.43787,4
ET041409,Arda Jila,2025-04-01,6.7725725,4
ET072004,Mierab Azenet Berbere,2025-04-01,1.5652083,4
ET030605,Enarj Enawga,2025-04-01,19.983767,4
ET030604,Enebse Sarmder,2025-04-01,53.144157,4
ET072001,Alicho Woriro,2025-04-01,2.2723453,4
ET041518,Melka Soda,2025-04-01,47.477413,4
ET030521,Menze Keya Gabriel,2025-04-01,3.4045165,4
ET041517,Gelana (West Guji),2025-04-01,92.01185,4
ET041515,Dugda Dawa,2025-04-01,18.557701,4
ET030522,Menze Lalo Midir,2025-04-01,0.9335745,4
ET041513,Abaya,2025-04-01,76.66678,4
ET030523,Siya Debirna Wayu,2025-04-01,0.5925956,4
ET072002,Siltie,2025-04-01,37.276875,4
ET030595,Shoa Robit,2025-04-01,61.869728,4
ET140103,Kolfe Keraniyo,2025-04-01,11.846729,4
ET041509,Hambela Wamena,2025-04-01,3.1114335,4
ET041502,Kercha,2025-04-01,16.640053,4
ET041501,Bule Hora,2025-04-01,21.247993,4
ET030601,Bibugn,2025-04-01,19.374634,4
ET041499,Shakiso town,2025-04-01,44.375233,4
ET030602,Hulet Ej Enese,2025-04-01,52.352314,4
ET072003,Lanfero,2025-04-01,19.709354,4
ET030603,Goncha Siso Enebse,2025-04-01,53.749172,4
ET041497,Gumi Idalo,2025-04-01,32.950134,4
ET041492,Adola town,2025-04-01,11.346657,4
ET140102,Nifas Silk Lafto,2025-04-01,14.905752,4
ET041490,Haro Walabu,2025-04-01,2.3692734,4
ET041403,Adola,2025-04-01,20.000496,4
ET030614,Shebel Bernta,2025-04-01,37.107243,4
ET030615,Debre Markos town,2025-04-01,22.331432,4
ET072007,Misrak Azenet Berbere,2025-04-01,5.027654,4
ET041302,Wenchi,2025-04-01,5.106418,4
ET030708,Dembecha,2025-04-01,34.840202,4
ET041301,Ameya,2025-04-01,48.344902,4
ET041298,Wachile,2025-04-01,25.957348,4
ET030710,Bure (AM),2025-04-01,33.914555,4
ET041296,Yabelo town,2025-04-01,15.731564,4
ET030711,Wemberma,2025-04-01,99.41042,4
ET130104,Hakim,2025-04-01,5.0245266,4
ET072011,Kibet town,2025-04-01,6.044647,4
ET041295,Elwaya,2025-04-01,35.90559,4
ET030712,Bahir Dar town,2025-04-01,907.6187,4
ET041291,Dubluk,2025-04-01,9.598412,4
ET041290,Guchi,2025-04-01,16.627644,4
ET030713,Debub Achefer,2025-04-01,40.136208,4
ET030714,Finote Selam town,2025-04-01,300.38034,4
ET072012,Mito,2025-04-01,28.336048,4
ET041223,Gomole,2025-04-01,11.777114,4
ET030715,Debub Mecha,2025-04-01,10.284515,4
ET130103,Jinela,2025-04-01,4.9110293,4
ET041220,Dhas,2025-04-01,20.000864,4
ET041219,Dilo,2025-04-01,55.347965,4
ET041216,Miyo,2025-04-01,17.136679,4
ET030718,Gonje,2025-04-01,57.297794,4
ET030707,Dega Damot,2025-04-01,43.12164,4
ET110203,Gewata,2025-04-01,106.78397,4
ET072010,Worabe town,2025-04-01,28.34719,4
ET130105,Erer (HR),2025-04-01,6.3378477,4
ET041402,Bore,2025-04-01,6.7822824,4
ET130108,Aboker,2025-04-01,3.0432909,4
ET041401,Uraga,2025-04-01,2.5791361,4
ET041314,Sodo Daci,2025-04-01,2.6908908,4
ET030616,Senan,2025-04-01,2.4319377,4
ET041312,Goro (SW Shewa),2025-04-01,55.869167,4
ET030617,Aneded,2025-04-01,46.32884,4
ET030619,Sedae,2025-04-01,9.697078,4
ET072008,Wulbareg,2025-04-01,29.41864,4
ET041311,Woliso town,2025-04-01,23.830378,4
ET030694,Mota Town,2025-04-01,17.218826,4
ET041310,Seden Sodo,2025-04-01,1.6850791,4
ET130107,Amir Nur,2025-04-01,2.9872916,4
ET041309,Becho (SW Shewa),2025-04-01,4.3415065,4
ET041308,Tole,2025-04-01,2.1198034,4
ET030701,Semen Achefer,2025-04-01,79.7778,4
ET030704,Mecha,2025-04-01,43.104874,4
ET072009,Tora town,2025-04-01,26.36169,4
ET041307,Kersana Malima,2025-04-01,3.0283456,4
ET030705,Sekela,2025-04-01,43.171963,4
ET041305,Ilu,2025-04-01,3.1308014,4
ET041304,Dawo,2025-04-01,3.9260588,4
ET030706,Quarit,2025-04-01,31.652565,4
ET041303,Waliso,2025-04-01,5.6466384,4
ET031119,Masero Denb /Central Armacho,2025-04-01,160.65726,4
ET040912,Gemechis,2025-04-01,6.6144743,4
ET031120,Tach Armacho,2025-04-01,255.6338,4
ET040597,Liban Jawi,2025-04-01,5.8220544,4
ET040297,Nekemte town,2025-04-01,106.75933,4
ET110306,Gidi Bench,2025-04-01,83.50458,4
ET110501,Gachit,2025-04-01,171.83913,4
ET040594,Meta Walkite,2025-04-01,6.145998,4
ET040301,Darimu,2025-04-01,546.7764,4
ET040592,Cobi,2025-04-01,10.388846,4
ET040302,Alge Sachi,2025-04-01,99.9236,4
ET040590,Ejersa Lafo,2025-04-01,3.92681,4
ET040309,Yayu,2025-04-01,43.218925,4
ET040601,Wara Jarso,2025-04-01,13.733727,4
ET110307,Mizan Aman town,2025-04-01,614.94867,4
ET040310,Metu Zuria,2025-04-01,73.48337,4
ET040518,Jibat,2025-04-01,9.37794,4
ET110412,Gesa town,2025-04-01,7.3930597,4
ET040517,Toke Kutaye,2025-04-01,5.583761,4
ET040311,Ale,2025-04-01,13.357159,4
ET040516,Abuna Ginde Beret,2025-04-01,10.826678,4
ET040312,Bure (OR),2025-04-01,47.47224,4
ET110308,Size town,2025-04-01,47.650337,4
ET040515,Ambo town,2025-04-01,9.358276,4
ET040313,Sale Nono,2025-04-01,37.924904,4
ET040519,Ifata,2025-04-01,4.3971844,4
ET040217,Kiremu,2025-04-01,20.56292,4
ET040602,Dera (OR),2025-04-01,40.731506,4
ET040216,Wama Hagalo,2025-04-01,20.84117,4
ET040208,Gobu Seyo,2025-04-01,37.935177,4
ET040617,Aleltu,2025-04-01,0.90218616,4
ET040209,Sibu Sire,2025-04-01,24.662342,4
ET110303,Debub Bench,2025-04-01,607.35846,4
ET040615,Jida,2025-04-01,0.45664078,4
ET040210,Diga,2025-04-01,44.338978,4
ET040614,Yaya Gulele,2025-04-01,9.247935,4
ET040211,Sasiga,2025-04-01,50.82895,4
ET040613,Fiche town,2025-04-01,2.7364254,4
ET110503,Gori Gesha,2025-04-01,76.9943,4
ET040610,Kimbibit,2025-04-01,0.5181082,4
ET040212,Leka Dulecha,2025-04-01,43.712795,4
ET110304,Shay Bench,2025-04-01,143.60059,4
ET040609,Abichugna Gne'a,2025-04-01,0.42776304,4
ET040213,Guto Gida,2025-04-01,84.82056,4
ET040607,Debre Libanos,2025-04-01,1.3554971,4
ET040214,Jimma Arjo,2025-04-01,45.967857,4
ET040605,Degem,2025-04-01,4.2136707,4
ET040604,Kuyu,2025-04-01,14.036257,4
ET040215,Nunu Kumba,2025-04-01,19.068897,4
ET110502,Menit Goldiye,2025-04-01,128.22273,4
ET110305,Semen Bench,2025-04-01,162.35544,4
ET040603,Hidabu Abote,2025-04-01,7.2733884,4
ET040514,Meta Robi,2025-04-01,4.3569245,4
ET040314,Becho (Ilu Aba Bora),2025-04-01,31.041327,4
ET040513,Adda Berga,2025-04-01,5.6982617,4
ET040511,Ejere /Addis Alem,2025-04-01,3.1747992,4
ET040404,Tiro Afeta,2025-04-01,19.799534,4
ET040405,Kersa (Jimma),2025-04-01,22.10259,4
ET110404,Gena,2025-04-01,51.82888,4
ET040495,Botor Tolay,2025-04-01,21.309563,4
ET040406,Mena (Jimma),2025-04-01,21.180967,4
ET040491,Omo Beyam,2025-04-01,28.953627,4
ET110408,Mari Mansa,2025-04-01,26.333906,4
ET040490,Mancho,2025-04-01,50.63773,4
ET040418,Jimma town,2025-04-01,86.94235,4
ET040407,Goma,2025-04-01,130.36435,4
ET110405,Isara,2025-04-01,42.030888,4
ET040408,Gera,2025-04-01,120.50133,4
ET040417,Agaro town,2025-04-01,32.562084,4
ET040409,Seka Chekorsa,2025-04-01,72.92156,4
ET040416,Gumay,2025-04-01,6.3708587,4
ET040410,Dedo,2025-04-01,32.48609,4
ET040415,Chora (Jimma),2025-04-01,37.475334,4
ET110407,Tercha Zuriya,2025-04-01,73.74603,4
ET110406,Kachi,2025-04-01,31.976099,4
ET040414,Shebe Sambo,2025-04-01,205.99261,4
ET040411,Omo Nada,2025-04-01,52.481323,4
ET040413,Setema,2025-04-01,36.051914,4
ET040412,Sigmo,2025-04-01,46.179985,4
ET040499,Nono Benja,2025-04-01,77.45663,4
ET040701,Fentale,2025-04-01,231.59798,4
ET040500,Illu Galan,2025-04-01,60.18227,4
ET040501,Ginde Beret,2025-04-01,16.211843,4
ET110411,Tercha town,2025-04-01,166.95192,4
ET040315,Bilo Nopha,2025-04-01,80.10406,4
ET110401,Tocha,2025-04-01,24.827578,4
ET040510,Dendi,2025-04-01,3.1153681,4
ET040316,Hurumu,2025-04-01,23.6292,4
ET040509,Tikur Enchini,2025-04-01,2.9761777,4
ET040317,Didu,2025-04-01,49.60325,4
ET040508,Nono,2025-04-01,52.758503,4
ET040507,Dano,2025-04-01,41.831314,4
ET040319,Halu /Huka,2025-04-01,91.4862,4
ET110410,Zabagazo,2025-04-01,134.57576,4
ET110402,Mareka,2025-04-01,23.851711,4
ET040506,Bako Tibe,2025-04-01,65.60313,4
ET040320,Metu town,2025-04-01,91.97728,4
ET040505,Cheliya,2025-04-01,7.633546,4
ET040324,Dorani,2025-04-01,71.322235,4
ET040504,Mida Kegn,2025-04-01,27.68037,4
ET040503,Ambo Zuria,2025-04-01,5.6669126,4
ET040401,Limu Seka,2025-04-01,34.75398,4
ET040402,Limu Kosa,2025-04-01,37.134094,4
ET110403,Loma,2025-04-01,109.40112,4
ET040502,Jeldu,2025-04-01,6.4096646,4
ET110409,Disa,2025-04-01,43.240757,4
ET040403,Sekoru,2025-04-01,34.86469,4
ET140104,Bole,2025-04-01,8.368393,4
ET110504,Menit Shasha,2025-04-01,186.28056,4
ET040207,Bila Seyo,2025-04-01,23.30747,4
ET040825,Asela town,2025-04-01,3.3550344,4
ET120103,Jikawo,2025-04-01,209.35489,4
ET040824,Inkolo Wabe,2025-04-01,0.95638347,4
ET040103,Gimbi,2025-04-01,226.71942,4
ET110207,Cheta,2025-04-01,31.05137,4
ET040823,Bele Gesgar,2025-04-01,4.0025396,4
ET040104,Lalo Asabi,2025-04-01,201.5324,4
ET040822,Diksis,2025-04-01,0.6543785,4
ET040105,Kiltu Kara,2025-04-01,102.15123,4
ET040821,Lude Hitosa,2025-04-01,1.90781,4
ET040102,Nejo,2025-04-01,240.51222,4
ET040820,Sire,2025-04-01,3.4015188,4
ET120102,Lare,2025-04-01,165.52666,4
ET110208,Decha,2025-04-01,95.20243,4
ET040819,Guna,2025-04-01,1.4375422,4
ET040107,Ayira,2025-04-01,421.87103,4
ET040818,Limu Bilbilo,2025-04-01,1.0394821,4
ET040109,Gudetu Kondole,2025-04-01,485.28378,4
ET040817,Munessa,2025-04-01,1.6797292,4
ET040816,Tiyo,2025-04-01,2.812822,4
ET040110,Boji Chekorsa,2025-04-01,191.34625,4
ET040111,Babo,2025-04-01,411.01532,4
ET040106,Boji Dirmeji,2025-04-01,82.31007,4
ET040893,Shanan Kolu,2025-04-01,9.473019,4
ET040101,Mana Sibu,2025-04-01,322.79028,4
ET040894,Bekoji town,2025-04-01,0.5409775,4
ET040910,Boke,2025-04-01,9.855467,4
ET031121,Takusa,2025-04-01,385.82715,4
ET040909,Daro Lebu,2025-04-01,2.452618,4
ET040908,Habro,2025-04-01,5.934652,4
ET031122,Kinfaz Begela,2025-04-01,188.87979,4
ET110204,Gimbo,2025-04-01,75.47461,4
ET120105,Makuey,2025-04-01,152.33006,4
ET040907,Goba Koricha,2025-04-01,8.281149,4
ET031125,West Dembiya,2025-04-01,714.0724,4
ET040906,Anchar,2025-04-01,7.37531,4
ET031205,Adagn Ager Chaqo,2025-04-01,110.263214,4
ET040905,Chiro town,2025-04-01,5.4580274,4
ET031206,Mirab Armacho,2025-04-01,804.99603,4
ET110205,Adiyio,2025-04-01,25.771383,4
ET040904,Mesela,2025-04-01,5.177404,4
ET031213,Metema,2025-04-01,1126.3839,4
ET040903,Tulo (OR),2025-04-01,5.6248765,4
ET120104,Wantawo,2025-04-01,228.7756,4
ET040902,Doba,2025-04-01,3.4117868,4
ET031214,Quara,2025-04-01,1381.328,4
ET040901,Mieso,2025-04-01,10.627144,4
ET031292,Gendawuha town,2025-04-01,356.21588,4
ET110206,Tullo,2025-04-01,34.766685,4
ET120101,Akobo,2025-04-01,103.72965,4
ET110209,Chena,2025-04-01,93.08074,4
ET040815,Degeluna Tijo,2025-04-01,0.84894705,4
ET040814,Shirka,2025-04-01,3.975167,4
ET040198,Mendi town,2025-04-01,47.245308,4
ET040714,Adama town,2025-04-01,59.345055,4
ET110506,Surma,2025-04-01,137.34877,4
ET110213,Shisho Ande,2025-04-01,55.975857,4
ET040711,Liben Chukala,2025-04-01,5.680617,4
ET040199,Nejo town,2025-04-01,229.39783,4
ET040710,Bora (OR),2025-04-01,4.0225573,4
ET040201,Limu (OR),2025-04-01,72.15308,4
ET040709,Bishoftu town,2025-04-01,8.6197605,4
ET040202,Ibantu,2025-04-01,22.837406,4
ET040708,Adama Tulu Jido Kombolcha,2025-04-01,175.4188,4
ET040203,Gida Ayana,2025-04-01,53.597427,4
ET110301,Sheko,2025-04-01,273.0698,4
ET040707,Dugda,2025-04-01,21.733313,4
ET110505,Bero,2025-04-01,167.04787,4
ET040706,Ada'a,2025-04-01,2.0841284,4
ET040204,Haro Limu,2025-04-01,40.33556,4
ET040705,Gimbichu,2025-04-01,3.1063006,4
ET040205,Boneya Boshe,2025-04-01,72.47784,4
ET040704,Lome (OR),2025-04-01,12.565049,4
ET040206,Wayu Tuka,2025-04-01,42.375763,4
ET110302,Gurafereda,2025-04-01,423.75653,4
ET040703,Adama,2025-04-01,6.0485272,4
ET040799,Metehara town,2025-04-01,49.62842,4
ET040702,Boset,2025-04-01,74.76876,4
ET040197,Leta Sibu,2025-04-01,95.44343,4
ET040193,Gimbi town,2025-04-01,136.83568,4
ET040112,Yubdo,2025-04-01,292.73825,4
ET040813,Tena,2025-04-01,1.168504,4
ET040812,Robe,2025-04-01,6.6891613,4
ET040113,Gaji,2025-04-01,80.575645,4
ET040114,Haru,2025-04-01,77.45888,4
ET110210,Bita,2025-04-01,46.069443,4
ET040811,Seru,2025-04-01,5.4615316,4
ET110601,Konta,2025-04-01,292.68436,4
ET040809,Chole,2025-04-01,5.2164106,4
ET040115,Nole Kaba,2025-04-01,142.3905,4
ET040808,Sude,2025-04-01,3.280891,4
ET040807,Hitosa,2025-04-01,1.7096401,4
ET040116,Begi,2025-04-01,327.61124,4
ET110211,Bonga town,2025-04-01,138.08617,4
ET040117,Homa,2025-04-01,117.74517,4
ET040806,Ziway Dugda,2025-04-01,4.8855505,4
ET040118,Sayo Nole,2025-04-01,145.25694,4
ET040804,Jeju,2025-04-01,5.60045,4
ET110507,Maji,2025-04-01,95.57372,4
ET040803,Golocha,2025-04-01,8.37278,4
ET040119,Guliso,2025-04-01,504.0283,4
ET110212,Goba (SP),2025-04-01,40.04507,4
ET040802,Aseko,2025-04-01,7.066573,4
ET040801,Merti,2025-04-01,45.296383,4
ET030520,Debre Berhan town,2025-04-01,3.991325,4
ET041587,Bule Hora town,2025-04-01,10.385204,4
ET030519,Basona Worena,2025-04-01,0.87827647,4
ET020111,Asayita town,2025-04-01,216.16394,4
ET050608,Berocano,2025-04-01,37.068134,4
ET020198,Samera Logiya town,2025-04-01,172.32399,4
ET050607,Ferfer,2025-04-01,58.073303,4
ET020201,Erebti,2025-04-01,63.485477,4
ET071007,Ezo /Kogota,2025-04-01,14.59448,4
ET020202,Kunneba,2025-04-01,22.724266,4
ET050606,Mustahil,2025-04-01,75.0156,4
ET050605,Kelafo,2025-04-01,159.8356,4
ET160012,Malga,2025-04-01,7.7680507,4
ET050696,Godey town,2025-04-01,53.928032,4
ET050604,Gode,2025-04-01,43.73016,4
ET050603,Danan,2025-04-01,96.0191,4
ET020205,Berahile,2025-04-01,198.36073,4
ET071008,Dita,2025-04-01,9.989003,4
ET020206,Dalol,2025-04-01,165.76363,4
ET050602,Adadle,2025-04-01,92.59238,4
ET050601,East Imi,2025-04-01,27.520092,4
ET020207,Afdera,2025-04-01,60.288887,4
ET050599,Bodaley,2025-04-01,23.72736,4
ET160011,Gorche,2025-04-01,6.981483,4
ET050598,El-Ogaden,2025-04-01,35.74105,4
ET020203,Abaala,2025-04-01,16.589935,4
ET050698,Elale,2025-04-01,32.066055,4
ET160013,Wonosho,2025-04-01,5.371977,4
ET071006,Chencha Zuriya,2025-04-01,13.814524,4
ET020102,Elidar,2025-04-01,50.205452,4
ET050804,Elkare /Serer,2025-04-01,24.288279,4
ET020103,Asayita,2025-04-01,150.67746,4
ET160015,Bursa,2025-04-01,8.307199,4
ET050802,Charati,2025-04-01,157.71658,4
ET050799,Galhamur,2025-04-01,30.345875,4
ET020104,Afambo,2025-04-01,216.66702,4
ET071004,Boreda,2025-04-01,140.17339,4
ET050798,Lehel-Yucub,2025-04-01,22.390518,4
ET020105,Mile,2025-04-01,162.8331,4
ET050788,Daratole,2025-04-01,13.459253,4
ET020106,Chifra,2025-04-01,212.40955,4
ET050704,Warder,2025-04-01,27.089758,4
ET160014,Chire,2025-04-01,29.224354,4
ET050703,Galadi,2025-04-01,37.800255,4
ET020107,Dubti town,2025-04-01,101.67513,4
ET071005,Mirab Abaya,2025-04-01,144.506,4
ET050702,Bokh,2025-04-01,22.346739,4
ET020108,Kori,2025-04-01,46.108242,4
ET050701,Danod,2025-04-01,19.523846,4
ET020109,Adar,2025-04-01,201.92015,4
ET050699,Aba-Korow,2025-04-01,24.853601,4
ET020110,Gerani,2025-04-01,56.889675,4
ET020208,Bidu,2025-04-01,28.089005,4
ET071009,Daramalo,2025-04-01,94.905594,4
ET020209,Abaala town,2025-04-01,14.824521,4
ET050597,Higloley,2025-04-01,34.860367,4
ET160008,Bensa,2025-04-01,10.975057,4
ET050404,Hamero,2025-04-01,32.803806,4
ET050403,Salahad,2025-04-01,20.64737,4
ET020403,Teru,2025-04-01,120.08822,4
ET020404,Yalo,2025-04-01,186.18697,4
ET071013,Gerese,2025-04-01,47.837975,4
ET050402,Fik,2025-04-01,24.928667,4
ET050399,Dig,2025-04-01,11.228393,4
ET020405,Gulina,2025-04-01,394.491,4
ET050395,Ararso,2025-04-01,4.212414,4
ET020501,Telalek,2025-04-01,133.16667,4
ET160007,Hulla,2025-04-01,16.279789,4
ET050394,Burqod,2025-04-01,21.404327,4
ET020502,Samurobi,2025-04-01,27.205414,4
ET071014,Bonke,2025-04-01,12.531999,4
ET050392,Daror,2025-04-01,15.103258,4
ET050382,Yocale,2025-04-01,6.183939,4
ET020503,Dawe,2025-04-01,27.754053,4
ET050307,Degahabur town,2025-04-01,16.300856,4
ET020504,Dalefage,2025-04-01,110.50207,4
ET050306,Bilcil-Bur,2025-04-01,5.967587,4
ET160006,Dara,2025-04-01,26.358492,4
ET020505,Hadelela,2025-04-01,113.414154,4
ET020402,Euwa,2025-04-01,159.11745,4
ET050805,West Imi,2025-04-01,65.32985,4
ET050407,Lagahida,2025-04-01,24.803392,4
ET020401,Awra (AF),2025-04-01,192.06795,4
ET050596,Lasdhankayre,2025-04-01,29.89004,4
ET020301,Amibara,2025-04-01,402.17975,4
ET050595,Goglo,2025-04-01,24.110971,4
ET020302,Awash,2025-04-01,82.098434,4
ET050592,Kebridehar town,2025-04-01,126.2391,4
ET160010,Boricha,2025-04-01,119.67464,4
ET071010,Chencha,2025-04-01,8.093773,4
ET020303,Gewane,2025-04-01,44.16578,4
ET050586,Marsin,2025-04-01,14.388531,4
ET050504,Debeweyin,2025-04-01,65.03771,4
ET020304,Dulecha,2025-04-01,101.662964,4
ET050503,Shilabo,2025-04-01,123.06324,4
ET020305,Gelalu,2025-04-01,187.04121,4
ET050501,Shaygosh,2025-04-01,55.24234,4
ET020306,Arguba,2025-04-01,10.647521,4
ET160009,Aroresa,2025-04-01,16.737257,4
ET071011,Kemba,2025-04-01,44.237232,4
ET050499,Wangey,2025-04-01,16.66727,4
ET050498,Yahob,2025-04-01,30.078926,4
ET020307,Hanruka,2025-04-01,147.05878,4
ET050497,Qubi,2025-04-01,25.858898,4
ET020396,Awash town,2025-04-01,27.600164,4
ET050408,Meyumuluka,2025-04-01,22.067696,4
ET071012,Kemba town,2025-04-01,13.7522335,4
ET071015,Arba Minch Zuria,2025-04-01,268.31116,4
ET071003,Selamber town,2025-04-01,199.55714,4
ET050806,Hargele,2025-04-01,110.22573,4
ET060305,Bambasi,2025-04-01,356.27667,4
ET010403,Neqsege,2025-04-01,0.95248103,4
ET060304,Sherkole,2025-04-01,803.5043,4
ET010404,Emba Alaje,2025-04-01,0.819373,4
ET060303,Assosa,2025-04-01,576.8392,4
ET010405,Endamehoni,2025-04-01,0.8747935,4
ET160022,Leku town,2025-04-01,52.382526,4
ET060302,Kurmuk,2025-04-01,139.29979,4
ET070703,North Ari,2025-04-01,50.161865,4
ET060301,Menge,2025-04-01,354.2258,4
ET070702,South Ari,2025-04-01,128.29227,4
ET010406,Raya Azebo,2025-04-01,164.38943,4
ET010407,Raya Alamata,2025-04-01,24.192163,4
ET060206,Pawe,2025-04-01,280.55032,4
ET010408,Ofla,2025-04-01,1.3741589,4
ET060205,Dibate,2025-04-01,132.9443,4
ET160021,Aleta Wondo town,2025-04-01,8.626296,4
ET070704,Hamer,2025-04-01,286.75275,4
ET060204,Mandura,2025-04-01,129.22957,4
ET010409,Maichew town,2025-04-01,0.7151993,4
ET060203,Wembera,2025-04-01,160.41437,4
ET010410,Korem town,2025-04-01,2.1020231,4
ET060207,Bulen,2025-04-01,134.9374,4
ET010401,Selewa,2025-04-01,0.9554401,4
ET060306,Bilidigilu,2025-04-01,63.10703,4
ET060307,Homosha,2025-04-01,49.555256,4
ET070621,Abela Abaya,2025-04-01,64.23453,4
ET070103,Ezha,2025-04-01,4.48578,4
ET070102,Abeshege,2025-04-01,35.807835,4
ET010310,Bizet,2025-04-01,1.2141199,4
ET070101,Kebena,2025-04-01,42.64153,4
ET010311,Edaga Hamus town,2025-04-01,0.71323943,4
ET060508,Maokomo Special,2025-04-01,292.135,4
ET010313,Freweyni town,2025-04-01,0.6825259,4
ET070622,Bayera Koisha,2025-04-01,37.586998,4
ET060405,Mizyiga,2025-04-01,58.61125,4
ET010314,Tsaeda Emba,2025-04-01,4.1848936,4
ET160024,Bura,2025-04-01,3.0555532,4
ET060404,Dembe,2025-04-01,87.27714,4
ET060403,Kamashi,2025-04-01,77.81349,4
ET010315,Atsbi town,2025-04-01,0.9800657,4
ET060400,Kamashi town,2025-04-01,48.66829,4
ET010316,Agulae,2025-04-01,3.117376,4
ET070701,Salamago,2025-04-01,880.2599,4
ET060309,Assosa town Administration,2025-04-01,208.7735,4
ET010317,Geraleta,2025-04-01,1.1266328,4
ET060308,Undulu,2025-04-01,113.11004,4
ET010318,Zala Anbesa town,2025-04-01,0.8831816,4
ET160023,Hawela,2025-04-01,7.568206,4
ET060202,Guba,2025-04-01,347.9897,4
ET010411,Alamata town,2025-04-01,44.16004,4
ET060201,Dangur,2025-04-01,158.33273,4
ET010412,Mekhoni town,2025-04-01,1.6616099,4
ET050999,Bokolmayo,2025-04-01,27.729244,4
ET050991,Deka Suftu,2025-04-01,28.518358,4
ET010509,May Gaba,2025-04-01,5.547312,4
ET050904,Guradamole,2025-04-01,36.43967,4
ET010601,Saharti,2025-04-01,8.507909,4
ET050903,Goro Baqaqsa,2025-04-01,56.681503,4
ET010603,Hintalo,2025-04-01,2.9992573,4
ET160017,Bona Zuria,2025-04-01,11.474034,4
ET070709,Jinka town,2025-04-01,60.376286,4
ET050902,Dolo Ado,2025-04-01,57.454094,4
ET050901,Filtu,2025-04-01,15.151244,4
ET010605,Hagere Selam town,2025-04-01,0.6046326,4
ET050899,God-God,2025-04-01,39.65363,4
ET010606,Samre,2025-04-01,25.50501,4
ET050898,Kohle /Qoxle,2025-04-01,39.64896,4
ET010607,Adigudom,2025-04-01,1.9179238,4
ET070711,Wub Ari,2025-04-01,12.595555,4
ET050809,Raso,2025-04-01,34.086082,4
ET010608,Wajirat,2025-04-01,3.034444,4
ET160016,Aleta Chuko,2025-04-01,37.84039,4
ET050808,Dolobay,2025-04-01,127.64916,4
ET050807,Barey,2025-04-01,103.11144,4
ET010701,Mekelle,2025-04-01,139.14212,4
ET010508,Korarit,2025-04-01,9.0961685,4
ET020101,Dubti,2025-04-01,52.912956,4
ET070708,Nyngatom,2025-04-01,126.71046,4
ET051001,Ayun,2025-04-01,26.876303,4
ET070705,Bena Tsemay,2025-04-01,176.23549,4
ET060200,Gilgel Beles town,2025-04-01,139.57518,4
ET160020,Yirgalem town,2025-04-01,104.34729,4
ET051198,Qada Duma,2025-04-01,124.50645,4
ET010413,Zata,2025-04-01,1.6753267,4
ET051187,Mubarek,2025-04-01,36.632233,4
ET010414,Chercher,2025-04-01,70.28639,4
ET070706,Dasenech /Kuraz,2025-04-01,863.2378,4
ET010501,Kafta Humera,2025-04-01,635.0301,4
ET051104,Hudet,2025-04-01,100.58138,4
ET051096,Hararey,2025-04-01,30.346968,4
ET010502,Welkait,2025-04-01,245.85774,4
ET051095,Horshagah,2025-04-01,24.958027,4
ET160019,Wondo-Genet,2025-04-01,113.6082,4
ET051006,Dihun,2025-04-01,32.459763,4
ET010503,Tsegede (TG),2025-04-01,30.31815,4
ET070707,Malie,2025-04-01,63.7916,4
ET010505,May Kadra,2025-04-01,18.261717,4
ET051005,Sagag,2025-04-01,30.228909,4
ET051003,Garbo,2025-04-01,28.444485,4
ET010506,Dansha town,2025-04-01,26.741356,4
ET051002,Elwayne,2025-04-01,28.192501,4
ET010507,Awra (TG),2025-04-01,18.879393,4
ET160018,Hawasa town,2025-04-01,1267.3784,4
ET010309,Wukro town,2025-04-01,2.3304436,4
ET050305,Gunagado,2025-04-01,18.764585,4
ET030101,Addi Arekay,2025-04-01,71.02117,4
ET030415,Were Ilu,2025-04-01,3.3903065,4
ET030416,Wegde,2025-04-01,27.715244,4
ET071502,Denba Gofa,2025-04-01,68.384346,4
ET041807,Anfilo,2025-04-01,139.84158,4
ET140111,Lemi Kura,2025-04-01,9.201553,4
ET041806,Denbi Dollo town,2025-04-01,118.45343,4
ET041805,Sayo,2025-04-01,50.68481,4
ET030417,Kombolcha town,2025-04-01,13.561847,4
ET041804,Gawo Kebe,2025-04-01,299.22897,4
ET030418,Dessie town,2025-04-01,14.799814,4
ET041808,Dale Sadi,2025-04-01,509.31372,4
ET030419,Mehal Sayint,2025-04-01,20.343945,4
ET041802,Yama Logi Welel,2025-04-01,45.347992,4
ET030420,Legehida,2025-04-01,0.89694566,4
ET140110,Gulele,2025-04-01,3.4181657,4
ET041801,Hawa Galan,2025-04-01,176.94888,4
ET041799,Arsi Negele town,2025-04-01,46.375454,4
ET030421,Mekdela,2025-04-01,3.2427657,4
ET071504,Uba Debre Tsehay,2025-04-01,260.5158,4
ET030422,Worebabu,2025-04-01,9.120956,4
ET041798,Bishan Guracha,2025-04-01,13.353765,4
ET041783,Heban Arsi,2025-04-01,40.98612,4
ET041803,Dale Wabera,2025-04-01,259.84625,4
ET030413,Kelela,2025-04-01,12.755026,4
ET041809,Gidami,2025-04-01,164.30417,4
ET041810,Jimma Horo,2025-04-01,130.018,4
ET030404,Ambasel,2025-04-01,7.9297633,4
ET030405,Thehulederie,2025-04-01,6.0330677,4
ET071403,Atote Ulo,2025-04-01,46.39693,4
ET041907,Jimma Rare,2025-04-01,8.875766,4
ET030406,Delanta,2025-04-01,2.6633325,4
ET041906,Jimma Genete,2025-04-01,8.098118,4
ET041905,Abay Chomen,2025-04-01,18.800047,4
ET030407,Kalu,2025-04-01,30.776712,4
ET041904,Ababo,2025-04-01,24.02046,4
ET150104,Malka Jabti /M.Jebdu),2025-04-01,10.446694,4
ET030408,Albuko,2025-04-01,12.035992,4
ET071404,Wera Djo,2025-04-01,32.03881,4
ET041903,Guduru,2025-04-01,17.19579,4
ET030409,Dessie Zuria,2025-04-01,4.797897,4
ET041902,Shambu town,2025-04-01,10.1350765,4
ET041901,Horo,2025-04-01,8.023149,4
ET030410,Legambo,2025-04-01,4.5921707,4
ET041812,Sedi Chenka,2025-04-01,99.68341,4
ET030411,Sayint,2025-04-01,45.59002,4
ET150103,Sabian,2025-04-01,71.90771,4
ET071501,Melekoza,2025-04-01,167.53798,4
ET041811,Lalo Kile,2025-04-01,319.34866,4
ET030412,Borena /Debresina,2025-04-01,98.65976,4
ET030425,Degolo town,2025-04-01,0.4505377,4
ET041711,Shashemene town,2025-04-01,87.25013,4
ET140109,Arada,2025-04-01,5.310313,4
ET041710,Adaba,2025-04-01,0.90893185,4
ET071508,Bulike town,2025-04-01,16.551636,4
ET041622,Bedele Zuria,2025-04-01,30.757574,4
ET030512,Kewet,2025-04-01,8.246559,4
ET041621,Bedele town,2025-04-01,40.79396,4
ET140106,Kirkos,2025-04-01,7.907393,4
ET041618,Meko,2025-04-01,39.58926,4
ET041608,Dedesa,2025-04-01,37.816914,4
ET030513,Angolelana Tera,2025-04-01,0.74784154,4
ET030514,Assagirt,2025-04-01,1.8137932,4
ET071509,Melo Gada,2025-04-01,72.37134,4
ET041607,Borecha,2025-04-01,37.661686,4
ET030515,Ankober,2025-04-01,6.258313,4
ET041606,Gechi,2025-04-01,27.102303,4
ET041605,Dabo Hana,2025-04-01,33.045856,4
ET030516,Hagere Mariam,2025-04-01,1.9867631,4
ET140105,Lideta,2025-04-01,5.474241,4
ET041604,Dega,2025-04-01,30.596827,4
ET030517,Berehet,2025-04-01,7.6636696,4
ET071601,Basketo SP Woreda,2025-04-01,305.08594,4
ET041603,Chora (Buno Bedele),2025-04-01,26.992805,4
ET030518,Minjar Shenkora,2025-04-01,8.117711,4
ET041596,Birbirsa Kojowa,2025-04-01,16.579065,4
ET041594,Suro Berguda,2025-04-01,37.696606,4
ET030511,Mojan Wedera,2025-04-01,1.2239124,4
ET041908,Jarte Jardega,2025-04-01,4.7131767,4
ET030510,Tarema Ber,2025-04-01,6.179018,4
ET030509,Menze Mama Midir,2025-04-01,1.0496222,4
ET030501,Mida Woremo,2025-04-01,32.028584,4
ET071505,Gezei Gofa,2025-04-01,24.069992,4
ET030502,Merhabete,2025-04-01,12.664368,4
ET041709,Nenesebo,2025-04-01,18.531742,4
ET041708,Kokosa,2025-04-01,6.7890043,4
ET030503,Ensaro,2025-04-01,4.2489357,4
ET041707,Dodola,2025-04-01,5.779993,4
ET030504,Moretna Jiru,2025-04-01,2.134099,4
ET041706,Gedeb Asasa,2025-04-01,1.768925,4
ET140108,Addis Ketema,2025-04-01,6.348658,4
ET071506,O'yida,2025-04-01,44.522144,4
ET030505,Menze Gera Midir,2025-04-01,3.1459177,4
ET041705,Kore,2025-04-01,5.1333847,4
ET041704,Kofele,2025-04-01,3.9667206,4
ET030506,Gishe Rabel,2025-04-01,0.96033424,4
ET041703,Arsi Negele,2025-04-01,57.88111,4
ET030507,Antsokiya,2025-04-01,5.477376,4
ET030508,Eferatana Gidem,2025-04-01,9.628589,4
ET071507,Sawla town,2025-04-01,130.87964,4
ET041702,Shala,2025-04-01,37.085125,4
ET140107,Yeka,2025-04-01,9.5226965,4
ET041701,Siraro,2025-04-01,144.8385,4
ET041700,Dodola town,2025-04-01,1.8233318,4
ET041623,Chwaka,2025-04-01,556.64307,4
ET050304,Gashamo,2025-04-01,12.741255,4
ET150105,Legehare,2025-04-01,40.00356,4
ET041910,Abe Dongoro,2025-04-01,32.42544,4
ET050204,Shabeeley,2025-04-01,4.5483885,4
ET160002,Hawassa Zuria,2025-04-01,153.57079,4
ET050203,Babile (SM),2025-04-01,28.709204,4
ET030206,Tach Gayint,2025-04-01,68.61246,4
ET071019,Kucha,2025-04-01,119.204544,4
ET030207,Semada,2025-04-01,187.1347,4
ET050202,Gursum (SM),2025-04-01,8.893917,4
ET050199,Gablalu,2025-04-01,37.057926,4
ET030208,East Esite,2025-04-01,193.36826,4
ET050198,Gota-Biki,2025-04-01,147.80115,4
ET030205,Lay Gayint,2025-04-01,105.00109,4
ET030209,Dera (AM),2025-04-01,484.18982,4
ET160001,Shebe Dino,2025-04-01,8.779553,4
ET071021,Arba Minch town,2025-04-01,438.89743,4
ET030210,Debre Tabor town,2025-04-01,177.50842,4
ET050106,Hadhagala,2025-04-01,34.263714,4
ET050105,Afdem,2025-04-01,42.01149,4
ET030211,Andabet/ West Esite,2025-04-01,83.50442,4
ET050104,Erer (SM),2025-04-01,69.36413,4
ET030212,Guna Begemider,2025-04-01,36.269283,4
ET030213,Mena Meketewa,2025-04-01,28.839853,4
ET071205,Alle Special,2025-04-01,73.35303,4
ET050107,Miesso,2025-04-01,29.987465,4
ET050205,Aw-Bare,2025-04-01,6.8465567,4
ET050206,Kebribeyah,2025-04-01,3.8341112,4
ET030203,Fogera,2025-04-01,656.3689,4
ET050303,Aware,2025-04-01,11.352959,4
ET030102,Beyeda,2025-04-01,17.95551,4
ET050302,Degehabur,2025-04-01,14.612915,4
ET030103,Janamora,2025-04-01,73.8183,4
ET071016,Gacho Baba,2025-04-01,9.76806,4
ET160005,Aleta Wendo,2025-04-01,10.463984,4
ET050301,Degehamedo,2025-04-01,18.227118,4
ET050299,Harawo,2025-04-01,8.421325,4
ET030104,Debark,2025-04-01,40.524487,4
ET050297,Koran /Mulla,2025-04-01,3.7191474,4
ET030105,Dabat,2025-04-01,78.895,4
ET050296,Kebribayah town,2025-04-01,3.7454748,4
ET030119,Telemt,2025-04-01,122.197235,4
ET071017,Kucha Alpha,2025-04-01,26.569557,4
ET030198,Debark town,2025-04-01,11.714639,4
ET050295,Wajale town,2025-04-01,1.3654546,4
ET050293,Jigjiga town,2025-04-01,1.5666125,4
ET160003,Arbegona,2025-04-01,8.180948,4
ET050283,Tuliguled,2025-04-01,2.2180908,4
ET030201,Ebenat,2025-04-01,135.6698,4
ET050207,Harshin,2025-04-01,3.8539233,4
ET030202,Libokemekem,2025-04-01,328.8372,4
ET071018,Garda Marta,2025-04-01,60.74123,4
ET050103,Shinile,2025-04-01,35.544952,4
ET150208,Biyoawale,2025-04-01,4.447593,4
ET050102,Dembel,2025-04-01,8.868052,4
ET050101,Ayisha,2025-04-01,21.383839,4
ET030310,Lasta,2025-04-01,23.115599,4
ET042011,Bereh,2025-04-01,0.5167747,4
ET150110,Gende Kore,2025-04-01,6.97371,4
ET071304,Kena,2025-04-01,50.414402,4
ET030311,Dawunt,2025-04-01,4.828987,4
ET042009,Sebeta town,2025-04-01,6.7942944,4
ET042008,Dukem,2025-04-01,1.7688177,4
ET030312,Gazo,2025-04-01,0.72570854,4
ET042006,Sebeta Hawas,2025-04-01,2.8951192,4
ET030313,Angot,2025-04-01,1.0125829,4
ET042005,Sululta town,2025-04-01,0.46963286,4
ET030398,Lalibela town,2025-04-01,2.7282405,4
ET071401,Kulito town,2025-04-01,32.871513,4
ET150109,Addis Ketema (DD),2025-04-01,7.0460706,4
ET042004,Lege Tafo-Lege Dadi town,2025-04-01,0.6753199,4
ET042001,Burayu,2025-04-01,6.931973,4
ET030399,Kobo town,2025-04-01,53.52491,4
ET041912,Horo Buluk,2025-04-01,6.3900566,4
ET030401,Argoba,2025-04-01,13.844753,4
ET041911,Choman Guduru,2025-04-01,9.530273,4
ET030402,Tenta,2025-04-01,1.896912,4
ET071402,Wera,2025-04-01,46.38565,4
ET030403,Kutaber,2025-04-01,2.1822803,4
ET042012,Akaki,2025-04-01,2.149164,4
ET041909,Amuru,2025-04-01,23.801294,4
ET030309,Woldiya town,2025-04-01,13.164119,4
ET042014,Welmera,2025-04-01,5.2334247,4
ET030214,Sede Muja,2025-04-01,69.473564,4
ET042107,Ginir town,2025-04-01,7.013566,4
ET030293,Woreta town,2025-04-01,205.43182,4
ET030301,Bugna,2025-04-01,21.919285,4
ET071301,Karat town,2025-04-01,71.576935,4
ET042106,Dawe Ketchen,2025-04-01,18.018284,4
ET042105,Seweyna,2025-04-01,18.477812,4
ET030302,Raya Kobo,2025-04-01,69.760605,4
ET150207,Wahil,2025-04-01,3.481497,4
ET042104,Rayitu,2025-04-01,12.326835,4
ET042102,Lege Hida,2025-04-01,10.854804,4
ET030303,Gidan,2025-04-01,2.4224954,4
ET030304,Meket,2025-04-01,39.288788,4
ET071302,Segen Zuria,2025-04-01,70.19502,4
ET042098,Gelana (Finfine),2025-04-01,1.3544331,4
ET042020,Holeta town,2025-04-01,1.917331,4
ET030305,Wadla,2025-04-01,7.4144187,4
ET042018,Sendafa town,2025-04-01,0.3814524,4
ET150206,Jeldessa,2025-04-01,5.35004,4
ET042016,Mulo,2025-04-01,0.93804497,4
ET030307,Guba Lafto,2025-04-01,16.507288,4
ET030308,Habru,2025-04-01,44.385166,4
ET071303,Karat Zuria,2025-04-01,77.50299,4
ET042013,Sululta,2025-04-01,3.6100454,4
ET160037,Loka Abaya,2025-04-01,111.36556,4
ET070205,Misrak Badawacho,2025-05-01,73.44112,5
ET010215,Ahsea,2025-05-01,22.320898,5
ET010217,Hahayle,2025-05-01,12.011215,5
ET070204,Shashogo,2025-05-01,74.68905,5
ET070604,Humbo,2025-05-01,58.489246,5
ET070202,Gombora,2025-05-01,43.89536,5
ET070616,Tebela town,2025-05-01,21.665213,5
ET070606,Kindo Koyesha,2025-05-01,277.40585,5
ET160029,Chabe Gambeltu,2025-05-01,18.999193,5
ET010213,Axum town,2025-05-01,12.863438,5
ET070201,Misha,2025-05-01,1.4874725,5
ET070603,Damot Woide,2025-05-01,37.845245,5
ET070605,Sodo Zuria,2025-05-01,45.338726,5
ET010214,Rama,2025-05-01,52.416885,5
ET070206,Soro,2025-05-01,58.71836,5
ET070104,Gedebano Gutazer Welene,2025-05-01,4.577943,5
ET010308,Adigrat town,2025-05-01,2.3713584,5
ET010216,Egela,2025-05-01,3.3654957,5
ET010101,Tahtay Adiyabo,2025-05-01,357.11163,5
ET010112,Adi Hageray,2025-05-01,117.378,5
ET070615,Boditi town,2025-05-01,26.49723,5
ET070504,Bule,2025-05-01,2.661976,5
ET070609,Damot Sore,2025-05-01,23.893892,5
ET070306,Doyogena,2025-05-01,5.2317276,5
ET010201,Chila,2025-05-01,62.590492,5
ET010109,Selekleka,2025-05-01,40.389854,5
ET070114,Welkite town,2025-05-01,22.14342,5
ET070109,Gumer,2025-05-01,1.1688039,5
ET070305,Hadero Tunto,2025-05-01,51.32767,5
ET070618,Gununo Hamus town,2025-05-01,29.002638,5
ET010202,Aheferom,2025-05-01,17.993397,5
ET070304,Kacha Bira,2025-05-01,60.12212,5
ET070505,Dila Zuria,2025-05-01,31.303917,5
ET010222,Tanqua Melashe,2025-05-01,10.542555,5
ET010108,Indasilassie town,2025-05-01,244.45006,5
ET010203,Edaga arbi,2025-05-01,10.917641,5
ET070612,Duguna Fango,2025-05-01,65.31767,5
ET010305,Hawzen,2025-05-01,23.763338,5
ET070506,Gedeb,2025-05-01,5.8925686,5
ET160032,Bilate Zuria,2025-05-01,59.11352,5
ET070302,Angacha,2025-05-01,6.4989743,5
ET070115,Butajira town,2025-05-01,58.44032,5
ET070108,Endiguagn,2025-05-01,2.5244405,5
ET160035,Chuko town,2025-05-01,18.40243,5
ET010304,Ganta Afeshum,2025-05-01,2.077344,5
ET010301,Gulo Mekeda,2025-05-01,3.2814658,5
ET010116,May Tsebri town,2025-05-01,18.808409,5
ET070307,Damboya,2025-05-01,7.5931787,5
ET070610,Kindo Daddaye,2025-05-01,66.76131,5
ET070111,Enemor Ener,2025-05-01,13.483531,5
ET070312,Hadero town,2025-05-01,24.955713,5
ET010302,Erob,2025-05-01,15.897975,5
ET010113,Tsimbla,2025-05-01,227.38905,5
ET070501,Wenago,2025-05-01,19.798647,5
ET070310,Shinshincho town,2025-05-01,16.634357,5
ET160034,Daella,2025-05-01,4.1046233,5
ET010303,Saesie,2025-05-01,3.395006,5
ET010114,Endabaguna town,2025-05-01,35.14965,5
ET070112,Muhur Na Aklil,2025-05-01,4.5196285,5
ET070301,Tembaro,2025-05-01,220.742,5
ET070309,Adilo,2025-05-01,66.525894,5
ET070502,Yirgachefe,2025-05-01,12.406247,5
ET010111,Adi Daero,2025-05-01,44.1245,5
ET010115,Dima (TG),2025-05-01,10.636041,5
ET070308,Durame town,2025-05-01,31.698437,5
ET160033,Darara,2025-05-01,53.535423,5
ET160027,Chirone,2025-05-01,6.2901936,5
ET070110,Cheha,2025-05-01,30.38557,5
ET070503,Kochere,2025-05-01,16.211761,5
ET070611,Damot Pullasa,2025-05-01,128.81416,5
ET070113,Geta,2025-05-01,1.7998282,5
ET010110,Seyemti Adyabo,2025-05-01,16.431152,5
ET070619,Hobicha Abaya,2025-05-01,98.70922,5
ET070207,Duna,2025-05-01,3.240317,5
ET010221,Keyhe tekli,2025-05-01,19.930176,5
ET010204,Adwa,2025-05-01,19.90645,5
ET070511,Gedeb town,2025-05-01,2.2247996,5
ET070614,Areka town,2025-05-01,95.060036,5
ET070211,Hosaena town,2025-05-01,17.817686,5
ET010219,Emba Sieneti,2025-05-01,15.071827,5
ET010210,Abergele (TG),2025-05-01,58.069702,5
ET070106,Meskan,2025-05-01,3.589584,5
ET160036,Wondo-Genet town,2025-05-01,10.148726,5
ET070210,Gibe,2025-05-01,14.710134,5
ET070512,Yirgachefe town,2025-05-01,8.317484,5
ET010211,Abi Adi town,2025-05-01,6.22448,5
ET070607,Ofa,2025-05-01,55.264446,5
ET070209,Mirab Badowach,2025-05-01,49.84565,5
ET070119,Debub Sodo,2025-05-01,49.214054,5
ET010307,Atsbi,2025-05-01,3.879505,5
ET010103,Zana,2025-05-01,138.7982,5
ET010218,Endafelasi,2025-05-01,14.711396,5
ET010212,Adwa town,2025-05-01,20.10822,5
ET160030,Daye town,2025-05-01,11.503,5
ET070208,Analemmo,2025-05-01,5.04794,5
ET070602,Damot Gale,2025-05-01,64.31057,5
ET070105,Sodo,2025-05-01,7.324658,5
ET070120,Enor Ener,2025-05-01,8.593317,5
ET010102,Laelay Adiabo,2025-05-01,112.49352,5
ET010209,Naeder,2025-05-01,12.001202,5
ET070617,Gesuba town,2025-05-01,73.559685,5
ET070118,Misrak Meskan,2025-05-01,5.8559337,5
ET010104,Tahtay Koraro,2025-05-01,179.26723,5
ET160026,Teticha,2025-05-01,3.9634917,5
ET070217,Mirab Soro,2025-05-01,26.072464,5
ET010107,Sheraro town,2025-05-01,367.38284,5
ET070116,Emdebir town,2025-05-01,3.0229073,5
ET010206,Tahtay Mayechew,2025-05-01,52.11695,5
ET070508,Chelelektu town,2025-05-01,39.556774,5
ET070608,Boloso Bombe,2025-05-01,180.8013,5
ET070613,Sodo Town,2025-05-01,105.15316,5
ET010220,Enticho town,2025-05-01,1.2622292,5
ET070216,Siraro Badawacho,2025-05-01,8.527344,5
ET070107,Mareko,2025-05-01,21.65394,5
ET070507,Dila town,2025-05-01,90.232994,5
ET010106,Tselemti,2025-05-01,13.904356,5
ET070117,Bui town,2025-05-01,0.8713131,5
ET070214,Jajura town,2025-05-01,2.888445,5
ET070509,Rape,2025-05-01,2.3131907,5
ET160031,Hokko,2025-05-01,20.35753,5
ET010105,Asgede,2025-05-01,293.04062,5
ET070213,Gimbichu town,2025-05-01,4.44012,5
ET160028,Shafamo,2025-05-01,1.9499294,5
ET070212,Shone Town,2025-05-01,43.653847,5
ET070510,Churso,2025-05-01,8.488208,5
ET010306,Kelete Awelallo,2025-05-01,2.0451567,5
ET070620,Kawo Koisha,2025-05-01,45.678417,5
ET010207,Adet,2025-05-01,41.867054,5
ET010208,Kola Temben,2025-05-01,44.701504,5
ET071503,Zala,2025-05-01,71.96698,5
ET160025,Dara Otilicho,2025-05-01,4.6496835,5
ET041111,Harena Buluk,2025-05-01,14.586474,5
ET030904,Guangua,2025-05-01,93.60457,5
ET041110,Goba (OR),2025-05-01,1.3886851,5
ET041109,Sinana,2025-05-01,5.700194,5
ET030905,Fagta Lakoma,2025-05-01,6.9587445,5
ET072401,Yem SP Woreda,2025-05-01,38.0881,5
ET030906,Jawi,2025-05-01,423.5632,5
ET041106,Gasera,2025-05-01,4.512132,5
ET120308,Mengesh,2025-05-01,751.46674,5
ET041104,Agarfa,2025-05-01,7.2378883,5
ET030903,Ankasha,2025-05-01,34.02706,5
ET030907,Guagusa Shikudad,2025-05-01,30.65367,5
ET041098,Kumbi,2025-05-01,27.875378,5
ET030908,Ayehu Guwagusa,2025-05-01,239.72197,5
ET110101,Anderacha,2025-05-01,32.135487,5
ET030996,Injibara town,2025-05-01,38.04349,5
ET041097,Deder town,2025-05-01,1.3598477,5
ET030997,Zigem,2025-05-01,169.9286,5
ET041089,Goro Muti,2025-05-01,5.859154,5
ET120206,Gambela town,2025-05-01,1458.6184,5
ET041019,Haromaya town,2025-05-01,2.2423053,5
ET030998,Dangila town,2025-05-01,8.02991,5
ET041099,Aweday town,2025-05-01,3.8736317,5
ET041112,Mena (Bale),2025-05-01,7.194583,5
ET072304,Derashe Special,2025-05-01,165.41565,5
ET120407,Itang,2025-05-01,280.80194,5
ET041211,Dire,2025-05-01,7.519581,5
ET130102,Shenkor,2025-05-01,4.9796915,5
ET041210,Moyale (OR),2025-05-01,23.217434,5
ET041208,Arero,2025-05-01,26.619465,5
ET030801,Zequala,2025-05-01,57.374756,5
ET030803,Dehana,2025-05-01,32.58896,5
ET072102,Amaro,2025-05-01,64.86121,5
ET041207,Yabelo,2025-05-01,7.0829053,5
ET030804,Gaz Gibla,2025-05-01,1.964609,5
ET041122,Dinsho,2025-05-01,0.67606837,5
ET030805,Abergele (AM),2025-05-01,52.21415,5
ET041120,Goba town,2025-05-01,1.7705272,5
ET041119,Robe Town,2025-05-01,5.02002,5
ET130101,Sofi,2025-05-01,11.530964,5
ET030806,Sahila,2025-05-01,111.67681,5
ET072203,Burji Special,2025-05-01,15.806802,5
ET041116,Goro (Bale),2025-05-01,11.22019,5
ET030807,Sekota town,2025-05-01,8.635551,5
ET041115,Gura Damole,2025-05-01,13.354414,5
ET030808,Tsagbeji,2025-05-01,1.817956,5
ET041114,Berbere,2025-05-01,7.982091,5
ET041113,Meda Welabu,2025-05-01,6.6664085,5
ET030901,Dangila,2025-05-01,37.18737,5
ET110102,Masha,2025-05-01,14.8330345,5
ET030799,Adete town,2025-05-01,81.52101,5
ET041018,Meyu Muleke,2025-05-01,13.010743,5
ET041017,Golo Oda,2025-05-01,10.549766,5
ET031108,Lay Armacho,2025-05-01,25.760855,5
ET041004,Babile (OR),2025-05-01,8.174717,5
ET041003,Gursum (OR),2025-05-01,3.4688923,5
ET031109,Wegera,2025-05-01,44.365723,5
ET031110,Gonder Zuria,2025-05-01,664.8797,5
ET110201,Saylem,2025-05-01,14.49101,5
ET041002,Jarso (East Hararghe),2025-05-01,173.84416,5
ET031111,East Dembia,2025-05-01,335.08557,5
ET041001,Kombolcha,2025-05-01,4.0355287,5
ET120202,Gambela Zuria,2025-05-01,425.21124,5
ET041005,Fedis,2025-05-01,77.81943,5
ET041000,Babile town,2025-05-01,4.8338184,5
ET031115,Alefa,2025-05-01,86.69446,5
ET031116,West Belesa,2025-05-01,172.24144,5
ET110202,Gesha,2025-05-01,19.823067,5
ET040991,Gumbi Bordede,2025-05-01,11.654913,5
ET031117,East Belesa,2025-05-01,401.71246,5
ET040915,Hawi Gudina,2025-05-01,6.0519958,5
ET031118,Gondar town,2025-05-01,208.15193,5
ET040914,Bedesa,2025-05-01,2.1970346,5
ET040913,Chiro Zuria,2025-05-01,2.9388363,5
ET120201,Abobo,2025-05-01,528.1849,5
ET040998,Burqua Dhintu,2025-05-01,20.327478,5
ET120203,Gog,2025-05-01,383.1782,5
ET041006,Haro Maya,2025-05-01,21.897175,5
ET110105,Masha town,2025-05-01,12.578333,5
ET031001,Dewa Cheffa,2025-05-01,13.415033,5
ET041016,Girawa,2025-05-01,5.9409876,5
ET041015,Chinaksen,2025-05-01,1.7111083,5
ET031002,Bati,2025-05-01,7.829359,5
ET120205,Dima (GM),2025-05-01,292.2377,5
ET110103,Yeki,2025-05-01,270.8285,5
ET041014,Midhaga Tola,2025-05-01,13.758944,5
ET031003,Jilye Tumuga,2025-05-01,57.627583,5
ET041013,Bedeno,2025-05-01,3.2109673,5
ET031004,Artuma Fursi,2025-05-01,14.859121,5
ET041012,Melka Balo,2025-05-01,6.3906636,5
ET041011,Deder,2025-05-01,4.7171545,5
ET031005,Dewa Harewa,2025-05-01,11.567532,5
ET031006,Kemisie town,2025-05-01,13.5180855,5
ET120204,Jore,2025-05-01,156.83755,5
ET110104,Tepi,2025-05-01,736.44904,5
ET041010,Goro Gutu,2025-05-01,5.6501746,5
ET041009,Meta,2025-05-01,1.9713212,5
ET031099,Bati Town,2025-05-01,9.554608,5
ET041008,Kersa (East Hararge),2025-05-01,17.231672,5
ET041007,Kurfa Chele,2025-05-01,3.9844906,5
ET031106,Chilga 1,2025-05-01,184.74254,5
ET031107,Tegede,2025-05-01,310.68857,5
ET030999,Chagni town,2025-05-01,128.36673,5
ET041212,Teltale,2025-05-01,146.64934,5
ET072013,Misrak Siltie,2025-05-01,22.151741,5
ET030798,Bure town,2025-05-01,34.495502,5
ET030606,Enemay,2025-05-01,68.237015,5
ET041414,Negele town,2025-05-01,19.448921,5
ET041413,Gora Dola,2025-05-01,17.793192,5
ET030607,Debay Telatgen,2025-05-01,4.9149256,5
ET041412,Saba Boru,2025-05-01,53.9581,5
ET140101,Akaki Kality,2025-05-01,17.452227,5
ET030608,Debre Elias,2025-05-01,67.060074,5
ET072005,Dalocha,2025-05-01,30.927002,5
ET041411,Ana Sora,2025-05-01,15.57159,5
ET030609,Michakel,2025-05-01,9.571216,5
ET041482,Aga Wayu,2025-05-01,22.669033,5
ET041410,Girja /Harenfema,2025-05-01,16.524591,5
ET030610,Guzamn,2025-05-01,109.03506,5
ET041408,Dama,2025-05-01,2.3396685,5
ET030611,Baso Liben,2025-05-01,348.23288,5
ET130109,Abadir,2025-05-01,3.4167016,5
ET072006,Sankura,2025-05-01,84.0815,5
ET041407,Liben,2025-05-01,17.407057,5
ET030612,Awabel,2025-05-01,54.61471,5
ET041405,Odo Shakiso,2025-05-01,14.336554,5
ET041404,Wadera,2025-05-01,7.10023,5
ET030613,Dejen,2025-05-01,50.19777,5
ET041409,Arda Jila,2025-05-01,6.7725725,5
ET072004,Mierab Azenet Berbere,2025-05-01,1.5652083,5
ET030605,Enarj Enawga,2025-05-01,20.134375,5
ET030604,Enebse Sarmder,2025-05-01,54.663094,5
ET072001,Alicho Woriro,2025-05-01,2.2723453,5
ET041518,Melka Soda,2025-05-01,50.040634,5
ET030521,Menze Keya Gabriel,2025-05-01,3.4045165,5
ET041517,Gelana (West Guji),2025-05-01,92.01185,5
ET041515,Dugda Dawa,2025-05-01,19.559599,5
ET030522,Menze Lalo Midir,2025-05-01,0.9335745,5
ET041513,Abaya,2025-05-01,76.66678,5
ET030523,Siya Debirna Wayu,2025-05-01,0.5925956,5
ET072002,Siltie,2025-05-01,37.276875,5
ET030595,Shoa Robit,2025-05-01,61.869728,5
ET140103,Kolfe Keraniyo,2025-05-01,11.846729,5
ET041509,Hambela Wamena,2025-05-01,3.1343455,5
ET041502,Kercha,2025-05-01,16.762585,5
ET041501,Bule Hora,2025-05-01,22.164305,5
ET030601,Bibugn,2025-05-01,19.374634,5
ET041499,Shakiso town,2025-05-01,44.375233,5
ET030602,Hulet Ej Enese,2025-05-01,52.746857,5
ET072003,Lanfero,2025-05-01,19.709354,5
ET030603,Goncha Siso Enebse,2025-05-01,49.71115,5
ET041497,Gumi Idalo,2025-05-01,32.80326,5
ET041492,Adola town,2025-05-01,11.346657,5
ET140102,Nifas Silk Lafto,2025-05-01,14.905752,5
ET041490,Haro Walabu,2025-05-01,2.3692734,5
ET041403,Adola,2025-05-01,20.000496,5
ET030614,Shebel Bernta,2025-05-01,38.167778,5
ET030615,Debre Markos town,2025-05-01,22.331432,5
ET072007,Misrak Azenet Berbere,2025-05-01,5.027654,5
ET041302,Wenchi,2025-05-01,5.106418,5
ET030708,Dembecha,2025-05-01,34.840202,5
ET041301,Ameya,2025-05-01,48.344902,5
ET041298,Wachile,2025-05-01,25.841642,5
ET030710,Bure (AM),2025-05-01,33.914555,5
ET041296,Yabelo town,2025-05-01,15.731564,5
ET030711,Wemberma,2025-05-01,99.41042,5
ET130104,Hakim,2025-05-01,5.294248,5
ET072011,Kibet town,2025-05-01,6.044647,5
ET041295,Elwaya,2025-05-01,37.84407,5
ET030712,Bahir Dar town,2025-05-01,907.6187,5
ET041291,Dubluk,2025-05-01,9.624926,5
ET041290,Guchi,2025-05-01,17.525341,5
ET030713,Debub Achefer,2025-05-01,41.115685,5
ET030714,Finote Selam town,2025-05-01,300.38034,5
ET072012,Mito,2025-05-01,29.027557,5
ET041223,Gomole,2025-05-01,12.41294,5
ET030715,Debub Mecha,2025-05-01,10.284515,5
ET130103,Jinela,2025-05-01,4.9110293,5
ET041220,Dhas,2025-05-01,20.179285,5
ET041219,Dilo,2025-05-01,55.101254,5
ET041216,Miyo,2025-05-01,16.979265,5
ET030718,Gonje,2025-05-01,57.297794,5
ET030707,Dega Damot,2025-05-01,43.12164,5
ET110203,Gewata,2025-05-01,106.78397,5
ET072010,Worabe town,2025-05-01,28.34719,5
ET130105,Erer (HR),2025-05-01,6.492517,5
ET041402,Bore,2025-05-01,6.7822824,5
ET130108,Aboker,2025-05-01,3.0432909,5
ET041401,Uraga,2025-05-01,2.598128,5
ET041314,Sodo Daci,2025-05-01,2.6908908,5
ET030616,Senan,2025-05-01,2.4319377,5
ET041312,Goro (SW Shewa),2025-05-01,55.869167,5
ET030617,Aneded,2025-05-01,46.32884,5
ET030619,Sedae,2025-05-01,9.974227,5
ET072008,Wulbareg,2025-05-01,29.41864,5
ET041311,Woliso town,2025-05-01,23.830378,5
ET030694,Mota Town,2025-05-01,17.218826,5
ET041310,Seden Sodo,2025-05-01,1.6850791,5
ET130107,Amir Nur,2025-05-01,3.0601943,5
ET041309,Becho (SW Shewa),2025-05-01,4.3415065,5
ET041308,Tole,2025-05-01,2.1357794,5
ET030701,Semen Achefer,2025-05-01,79.7778,5
ET030704,Mecha,2025-05-01,43.104874,5
ET072009,Tora town,2025-05-01,26.36169,5
ET041307,Kersana Malima,2025-05-01,3.0283456,5
ET030705,Sekela,2025-05-01,43.171963,5
ET041305,Ilu,2025-05-01,3.1308014,5
ET041304,Dawo,2025-05-01,3.9260588,5
ET030706,Quarit,2025-05-01,31.652565,5
ET041303,Waliso,2025-05-01,5.6466384,5
ET031119,Masero Denb /Central Armacho,2025-05-01,163.91884,5
ET040912,Gemechis,2025-05-01,6.803522,5
ET031120,Tach Armacho,2025-05-01,260.82358,5
ET040597,Liban Jawi,2025-05-01,5.8220544,5
ET040297,Nekemte town,2025-05-01,108.71028,5
ET110306,Gidi Bench,2025-05-01,82.882324,5
ET110501,Gachit,2025-05-01,170.9153,5
ET040594,Meta Walkite,2025-05-01,6.145998,5
ET040301,Darimu,2025-05-01,557.87683,5
ET040592,Cobi,2025-05-01,10.388846,5
ET040302,Alge Sachi,2025-05-01,99.9236,5
ET040590,Ejersa Lafo,2025-05-01,3.92681,5
ET040309,Yayu,2025-05-01,43.537193,5
ET040601,Wara Jarso,2025-05-01,14.126247,5
ET110307,Mizan Aman town,2025-05-01,608.36975,5
ET040310,Metu Zuria,2025-05-01,73.48337,5
ET040518,Jibat,2025-05-01,9.37794,5
ET110412,Gesa town,2025-05-01,7.792198,5
ET040517,Toke Kutaye,2025-05-01,5.583761,5
ET040311,Ale,2025-05-01,13.357159,5
ET040516,Abuna Ginde Beret,2025-05-01,10.826678,5
ET040312,Bure (OR),2025-05-01,47.47224,5
ET110308,Size town,2025-05-01,47.650337,5
ET040515,Ambo town,2025-05-01,9.358276,5
ET040313,Sale Nono,2025-05-01,37.924904,5
ET040519,Ifata,2025-05-01,4.3971844,5
ET040217,Kiremu,2025-05-01,20.98038,5
ET040602,Dera (OR),2025-05-01,41.89564,5
ET040216,Wama Hagalo,2025-05-01,21.264277,5
ET040208,Gobu Seyo,2025-05-01,38.628414,5
ET040617,Aleltu,2025-05-01,0.90218616,5
ET040209,Sibu Sire,2025-05-01,25.113028,5
ET110303,Debub Bench,2025-05-01,602.8325,5
ET040615,Jida,2025-05-01,0.45664078,5
ET040210,Diga,2025-05-01,46.065872,5
ET040614,Yaya Gulele,2025-05-01,8.489177,5
ET040211,Sasiga,2025-05-01,52.80859,5
ET040613,Fiche town,2025-05-01,2.7364254,5
ET110503,Gori Gesha,2025-05-01,76.58037,5
ET040610,Kimbibit,2025-05-01,0.5181082,5
ET040212,Leka Dulecha,2025-05-01,44.511616,5
ET110304,Shay Bench,2025-05-01,143.60059,5
ET040609,Abichugna Gne'a,2025-05-01,0.42776304,5
ET040213,Guto Gida,2025-05-01,88.12405,5
ET040607,Debre Libanos,2025-05-01,1.3554971,5
ET040214,Jimma Arjo,2025-05-01,46.807907,5
ET040605,Degem,2025-05-01,4.2136707,5
ET040604,Kuyu,2025-05-01,14.036257,5
ET040215,Nunu Kumba,2025-05-01,19.068897,5
ET110502,Menit Goldiye,2025-05-01,128.22273,5
ET110305,Semen Bench,2025-05-01,157.38504,5
ET040603,Hidabu Abote,2025-05-01,7.481266,5
ET040514,Meta Robi,2025-05-01,4.3569245,5
ET040314,Becho (Ilu Aba Bora),2025-05-01,31.041327,5
ET040513,Adda Berga,2025-05-01,5.6982617,5
ET040511,Ejere /Addis Alem,2025-05-01,3.1747992,5
ET040404,Tiro Afeta,2025-05-01,20.161356,5
ET040405,Kersa (Jimma),2025-05-01,22.506498,5
ET110404,Gena,2025-05-01,52.881046,5
ET040495,Botor Tolay,2025-05-01,21.309563,5
ET040406,Mena (Jimma),2025-05-01,21.336945,5
ET040491,Omo Beyam,2025-05-01,28.953627,5
ET110408,Mari Mansa,2025-05-01,26.333906,5
ET040490,Mancho,2025-05-01,50.63773,5
ET040418,Jimma town,2025-05-01,86.94235,5
ET040407,Goma,2025-05-01,134.52917,5
ET110405,Isara,2025-05-01,42.030888,5
ET040408,Gera,2025-05-01,121.38871,5
ET040417,Agaro town,2025-05-01,33.356724,5
ET040409,Seka Chekorsa,2025-05-01,73.45853,5
ET040416,Gumay,2025-05-01,6.574394,5
ET040410,Dedo,2025-05-01,32.48609,5
ET040415,Chora (Jimma),2025-05-01,37.475334,5
ET110407,Tercha Zuriya,2025-05-01,73.74603,5
ET110406,Kachi,2025-05-01,31.976099,5
ET040414,Shebe Sambo,2025-05-01,205.99261,5
ET040411,Omo Nada,2025-05-01,53.44037,5
ET040413,Setema,2025-05-01,36.317387,5
ET040412,Sigmo,2025-05-01,42.703243,5
ET040499,Nono Benja,2025-05-01,77.45663,5
ET040701,Fentale,2025-05-01,232.23773,5
ET040500,Illu Galan,2025-05-01,61.28206,5
ET040501,Ginde Beret,2025-05-01,16.675194,5
ET110411,Tercha town,2025-05-01,166.95192,5
ET040315,Bilo Nopha,2025-05-01,80.10406,5
ET110401,Tocha,2025-05-01,24.827578,5
ET040510,Dendi,2025-05-01,3.1153681,5
ET040316,Hurumu,2025-05-01,23.6292,5
ET040509,Tikur Enchini,2025-05-01,2.9761777,5
ET040317,Didu,2025-05-01,49.60325,5
ET040508,Nono,2025-05-01,52.758503,5
ET040507,Dano,2025-05-01,41.831314,5
ET040319,Halu /Huka,2025-05-01,91.4862,5
ET110410,Zabagazo,2025-05-01,134.9475,5
ET110402,Mareka,2025-05-01,23.851711,5
ET040506,Bako Tibe,2025-05-01,66.80197,5
ET040320,Metu town,2025-05-01,91.97728,5
ET040505,Cheliya,2025-05-01,7.00724,5
ET040324,Dorani,2025-05-01,71.322235,5
ET040504,Mida Kegn,2025-05-01,27.68037,5
ET040503,Ambo Zuria,2025-05-01,5.6669126,5
ET040401,Limu Seka,2025-05-01,35.459538,5
ET040402,Limu Kosa,2025-05-01,37.134094,5
ET110403,Loma,2025-05-01,111.62213,5
ET040502,Jeldu,2025-05-01,6.4096646,5
ET110409,Disa,2025-05-01,44.11861,5
ET040403,Sekoru,2025-05-01,34.86469,5
ET140104,Bole,2025-05-01,8.368393,5
ET110504,Menit Shasha,2025-05-01,189.57068,5
ET040207,Bila Seyo,2025-05-01,23.733397,5
ET040825,Asela town,2025-05-01,3.3550344,5
ET120103,Jikawo,2025-05-01,220.6576,5
ET040824,Inkolo Wabe,2025-05-01,0.95638347,5
ET040103,Gimbi,2025-05-01,238.95961,5
ET110207,Cheta,2025-05-01,30.884441,5
ET040823,Bele Gesgar,2025-05-01,4.0025396,5
ET040104,Lalo Asabi,2025-05-01,205.62383,5
ET040822,Diksis,2025-05-01,0.6543785,5
ET040105,Kiltu Kara,2025-05-01,104.22506,5
ET040821,Lude Hitosa,2025-05-01,1.90781,5
ET040102,Nejo,2025-05-01,240.51222,5
ET040820,Sire,2025-05-01,3.4015188,5
ET120102,Lare,2025-05-01,174.46317,5
ET110208,Decha,2025-05-01,95.20243,5
ET040819,Guna,2025-05-01,1.4375422,5
ET040107,Ayira,2025-05-01,430.43567,5
ET040818,Limu Bilbilo,2025-05-01,1.0394821,5
ET040109,Gudetu Kondole,2025-05-01,495.1358,5
ET040817,Munessa,2025-05-01,1.6797292,5
ET040816,Tiyo,2025-05-01,2.812822,5
ET040110,Boji Chekorsa,2025-05-01,195.23087,5
ET040111,Babo,2025-05-01,433.20532,5
ET040106,Boji Dirmeji,2025-05-01,83.98109,5
ET040893,Shanan Kolu,2025-05-01,9.704202,5
ET040101,Mana Sibu,2025-05-01,329.3434,5
ET040894,Bekoji town,2025-05-01,0.5409775,5
ET040910,Boke,2025-05-01,10.137143,5
ET031121,Takusa,2025-05-01,389.80878,5
ET040909,Daro Lebu,2025-05-01,2.452618,5
ET040908,Habro,2025-05-01,6.0794806,5
ET031122,Kinfaz Begela,2025-05-01,194.27815,5
ET110204,Gimbo,2025-05-01,75.47461,5
ET120105,Makuey,2025-05-01,160.5541,5
ET040907,Goba Koricha,2025-05-01,8.51783,5
ET031125,West Dembiya,2025-05-01,714.0724,5
ET040906,Anchar,2025-05-01,7.5861015,5
ET031205,Adagn Ager Chaqo,2025-05-01,116.21613,5
ET040905,Chiro town,2025-05-01,5.4580274,5
ET031206,Mirab Armacho,2025-05-01,801.40814,5
ET110205,Adiyio,2025-05-01,25.771383,5
ET040904,Mesela,2025-05-01,5.3253756,5
ET031213,Metema,2025-05-01,1138.0078,5
ET040903,Tulo (OR),2025-05-01,5.6248765,5
ET120104,Wantawo,2025-05-01,241.1268,5
ET040902,Doba,2025-05-01,3.5092964,5
ET031214,Quara,2025-05-01,1395.5829,5
ET040901,Mieso,2025-05-01,10.736812,5
ET031292,Gendawuha town,2025-05-01,354.6282,5
ET110206,Tullo,2025-05-01,34.766685,5
ET120101,Akobo,2025-05-01,109.329834,5
ET110209,Chena,2025-05-01,93.08074,5
ET040815,Degeluna Tijo,2025-05-01,0.84894705,5
ET040814,Shirka,2025-05-01,3.975167,5
ET040198,Mendi town,2025-05-01,49.796,5
ET040714,Adama town,2025-05-01,61.04119,5
ET110506,Surma,2025-05-01,126.863174,5
ET110213,Shisho Ande,2025-05-01,55.975857,5
ET040711,Liben Chukala,2025-05-01,5.985561,5
ET040199,Nejo town,2025-05-01,229.39783,5
ET040710,Bora (OR),2025-05-01,4.1375237,5
ET040201,Limu (OR),2025-05-01,76.0485,5
ET040709,Bishoftu town,2025-05-01,8.684723,5
ET040202,Ibantu,2025-05-01,23.30104,5
ET040708,Adama Tulu Jido Kombolcha,2025-05-01,176.74084,5
ET040203,Gida Ayana,2025-05-01,53.597427,5
ET110301,Sheko,2025-05-01,271.03494,5
ET040707,Dugda,2025-05-01,21.897106,5
ET110505,Bero,2025-05-01,175.03662,5
ET040706,Ada'a,2025-05-01,2.0998354,5
ET040204,Haro Limu,2025-05-01,41.90651,5
ET040705,Gimbichu,2025-05-01,3.1063006,5
ET040205,Boneya Boshe,2025-05-01,72.47784,5
ET040704,Lome (OR),2025-05-01,12.968695,5
ET040206,Wayu Tuka,2025-05-01,43.15015,5
ET110302,Gurafereda,2025-05-01,421.47833,5
ET040703,Adama,2025-05-01,6.2428346,5
ET040799,Metehara town,2025-05-01,52.307774,5
ET040702,Boset,2025-05-01,77.48533,5
ET040197,Leta Sibu,2025-05-01,100.59625,5
ET040193,Gimbi town,2025-05-01,136.83568,5
ET040112,Yubdo,2025-05-01,298.68127,5
ET040813,Tena,2025-05-01,1.168504,5
ET040812,Robe,2025-05-01,6.1403365,5
ET040113,Gaji,2025-05-01,84.92578,5
ET040114,Haru,2025-05-01,79.03141,5
ET110210,Bita,2025-05-01,46.069443,5
ET040811,Seru,2025-05-01,5.75639,5
ET110601,Konta,2025-05-01,290.1585,5
ET040809,Chole,2025-05-01,5.2164106,5
ET040115,Nole Kaba,2025-05-01,142.3905,5
ET040808,Sude,2025-05-01,3.280891,5
ET040807,Hitosa,2025-05-01,1.7096401,5
ET040116,Begi,2025-05-01,334.26227,5
ET110211,Bonga town,2025-05-01,138.08617,5
ET040117,Homa,2025-05-01,124.10203,5
ET040806,Ziway Dugda,2025-05-01,4.8855505,5
ET040118,Sayo Nole,2025-05-01,148.20589,5
ET040804,Jeju,2025-05-01,5.60045,5
ET110507,Maji,2025-05-01,88.27734,5
ET040803,Golocha,2025-05-01,8.577107,5
ET040119,Guliso,2025-05-01,514.26086,5
ET110212,Goba (SP),2025-05-01,41.960148,5
ET040802,Aseko,2025-05-01,7.066573,5
ET040801,Merti,2025-05-01,45.296383,5
ET030520,Debre Berhan town,2025-05-01,3.991325,5
ET041587,Bule Hora town,2025-05-01,10.461677,5
ET030519,Basona Worena,2025-05-01,0.87827647,5
ET020111,Asayita town,2025-05-01,208.69408,5
ET050608,Berocano,2025-05-01,36.42667,5
ET020198,Samera Logiya town,2025-05-01,168.53772,5
ET050607,Ferfer,2025-05-01,56.527115,5
ET020201,Erebti,2025-05-01,62.090588,5
ET071007,Ezo /Kogota,2025-05-01,13.355468,5
ET020202,Kunneba,2025-05-01,21.779032,5
ET050606,Mustahil,2025-05-01,74.68125,5
ET050605,Kelafo,2025-05-01,161.48505,5
ET160012,Malga,2025-05-01,7.7680507,5
ET050696,Godey town,2025-05-01,53.687645,5
ET050604,Gode,2025-05-01,43.285088,5
ET050603,Danan,2025-05-01,95.59113,5
ET020205,Berahile,2025-05-01,192.73051,5
ET071008,Dita,2025-05-01,10.062558,5
ET020206,Dalol,2025-05-01,162.5518,5
ET050602,Adadle,2025-05-01,92.17969,5
ET050601,East Imi,2025-05-01,27.39742,5
ET020207,Afdera,2025-05-01,58.966454,5
ET050599,Bodaley,2025-05-01,23.621595,5
ET160011,Gorche,2025-05-01,6.981483,5
ET050598,El-Ogaden,2025-05-01,35.581734,5
ET020203,Abaala,2025-05-01,16.589935,5
ET050698,Elale,2025-05-01,31.92312,5
ET160013,Wonosho,2025-05-01,5.371977,5
ET071006,Chencha Zuriya,2025-05-01,13.474632,5
ET020102,Elidar,2025-05-01,48.15092,5
ET050804,Elkare /Serer,2025-05-01,24.180014,5
ET020103,Asayita,2025-05-01,146.66563,5
ET160015,Bursa,2025-05-01,8.307199,5
ET050802,Charati,2025-05-01,158.15224,5
ET050799,Galhamur,2025-05-01,29.679129,5
ET020104,Afambo,2025-05-01,207.80057,5
ET071004,Boreda,2025-05-01,129.57986,5
ET050798,Lehel-Yucub,2025-05-01,22.290712,5
ET020105,Mile,2025-05-01,159.25536,5
ET050788,Daratole,2025-05-01,13.399259,5
ET020106,Chifra,2025-05-01,207.74261,5
ET050704,Warder,2025-05-01,26.969004,5
ET160014,Chire,2025-05-01,29.224354,5
ET050703,Galadi,2025-05-01,37.63176,5
ET020107,Dubti town,2025-05-01,99.44115,5
ET071005,Mirab Abaya,2025-05-01,128.7869,5
ET050702,Bokh,2025-05-01,22.408468,5
ET020108,Kori,2025-05-01,45.31037,5
ET050701,Danod,2025-05-01,19.436817,5
ET020109,Adar,2025-05-01,197.48369,5
ET050699,Aba-Korow,2025-05-01,24.742817,5
ET020110,Gerani,2025-05-01,55.639706,5
ET020208,Bidu,2025-05-01,27.472866,5
ET071009,Daramalo,2025-05-01,94.905594,5
ET020209,Abaala town,2025-05-01,14.824521,5
ET050597,Higloley,2025-05-01,34.704975,5
ET160008,Bensa,2025-05-01,11.055873,5
ET050404,Hamero,2025-05-01,32.65758,5
ET050403,Salahad,2025-05-01,20.555332,5
ET020403,Teru,2025-05-01,119.55298,5
ET020404,Yalo,2025-05-01,184.47668,5
ET071013,Gerese,2025-05-01,47.837975,5
ET050402,Fik,2025-05-01,24.817547,5
ET050399,Dig,2025-05-01,11.178341,5
ET020405,Gulina,2025-05-01,392.73273,5
ET050395,Ararso,2025-05-01,4.3328094,5
ET020501,Telalek,2025-05-01,130.86235,5
ET160007,Hulla,2025-05-01,16.279789,5
ET050394,Burqod,2025-05-01,21.308918,5
ET020502,Samurobi,2025-05-01,27.084146,5
ET071014,Bonke,2025-05-01,13.422247,5
ET050392,Daror,2025-05-01,14.964523,5
ET050382,Yocale,2025-05-01,6.36068,5
ET020503,Dawe,2025-05-01,27.630339,5
ET050307,Degahabur town,2025-05-01,16.228193,5
ET020504,Dalefage,2025-05-01,110.00956,5
ET050306,Bilcil-Bur,2025-05-01,5.940986,5
ET160006,Dara,2025-05-01,26.552599,5
ET020505,Hadelela,2025-05-01,112.90866,5
ET020402,Euwa,2025-05-01,155.62134,5
ET050805,West Imi,2025-05-01,65.03867,5
ET050407,Lagahida,2025-05-01,24.692831,5
ET020401,Awra (AF),2025-05-01,187.84787,5
ET050596,Lasdhankayre,2025-05-01,29.756804,5
ET020301,Amibara,2025-05-01,400.3872,5
ET050595,Goglo,2025-05-01,24.003496,5
ET020302,Awash,2025-05-01,81.73251,5
ET050592,Kebridehar town,2025-05-01,125.67644,5
ET160010,Boricha,2025-05-01,119.67464,5
ET071010,Chencha,2025-05-01,7.7524204,5
ET020303,Gewane,2025-05-01,43.96891,5
ET050586,Marsin,2025-05-01,14.324393,5
ET050504,Debeweyin,2025-05-01,64.74783,5
ET020304,Dulecha,2025-05-01,101.20985,5
ET050503,Shilabo,2025-05-01,121.93281,5
ET020305,Gelalu,2025-05-01,186.20757,5
ET050501,Shaygosh,2025-05-01,54.996124,5
ET020306,Arguba,2025-05-01,10.6000595,5
ET160009,Aroresa,2025-05-01,16.737257,5
ET071011,Kemba,2025-05-01,45.045635,5
ET050499,Wangey,2025-05-01,16.592978,5
ET050498,Yahob,2025-05-01,29.944849,5
ET020307,Hanruka,2025-05-01,146.40332,5
ET050497,Qubi,2025-05-01,25.743631,5
ET020396,Awash town,2025-05-01,27.477137,5
ET050408,Meyumuluka,2025-05-01,21.969328,5
ET071012,Kemba town,2025-05-01,14.003546,5
ET071015,Arba Minch Zuria,2025-05-01,239.12477,5
ET071003,Selamber town,2025-05-01,197.72406,5
ET050806,Hargele,2025-05-01,110.53021,5
ET060305,Bambasi,2025-05-01,363.50964,5
ET010403,Neqsege,2025-05-01,0.95248103,5
ET060304,Sherkole,2025-05-01,846.88403,5
ET010404,Emba Alaje,2025-05-01,0.819373,5
ET060303,Assosa,2025-05-01,588.54987,5
ET010405,Endamehoni,2025-05-01,0.8747935,5
ET160022,Leku town,2025-05-01,52.382526,5
ET060302,Kurmuk,2025-05-01,142.12779,5
ET070703,North Ari,2025-05-01,49.761143,5
ET060301,Menge,2025-05-01,361.4171,5
ET070702,South Ari,2025-05-01,129.46893,5
ET010406,Raya Azebo,2025-05-01,164.38943,5
ET010407,Raya Alamata,2025-05-01,24.192163,5
ET060206,Pawe,2025-05-01,286.2459,5
ET010408,Ofla,2025-05-01,1.3741589,5
ET060205,Dibate,2025-05-01,135.64328,5
ET160021,Aleta Wondo town,2025-05-01,8.68982,5
ET070704,Hamer,2025-05-01,292.57428,5
ET060204,Mandura,2025-05-01,136.20644,5
ET010409,Maichew town,2025-05-01,0.7151993,5
ET060203,Wembera,2025-05-01,163.67102,5
ET010410,Korem town,2025-05-01,2.1020231,5
ET060207,Bulen,2025-05-01,137.67683,5
ET010401,Selewa,2025-05-01,0.9554401,5
ET060306,Bilidigilu,2025-05-01,64.3882,5
ET060307,Homosha,2025-05-01,50.561302,5
ET070621,Abela Abaya,2025-05-01,65.53859,5
ET070103,Ezha,2025-05-01,4.48578,5
ET070102,Abeshege,2025-05-01,35.807835,5
ET010310,Bizet,2025-05-01,1.2141199,5
ET070101,Kebena,2025-05-01,42.64153,5
ET010311,Edaga Hamus town,2025-05-01,0.71323943,5
ET060508,Maokomo Special,2025-05-01,298.0658,5
ET010313,Freweyni town,2025-05-01,0.6825259,5
ET070622,Bayera Koisha,2025-05-01,37.586998,5
ET060405,Mizyiga,2025-05-01,61.77554,5
ET010314,Tsaeda Emba,2025-05-01,4.1848936,5
ET160024,Bura,2025-05-01,3.0555532,5
ET060404,Dembe,2025-05-01,91.98908,5
ET060403,Kamashi,2025-05-01,79.39323,5
ET010315,Atsbi town,2025-05-01,0.96741873,5
ET060400,Kamashi town,2025-05-01,51.295803,5
ET010316,Agulae,2025-05-01,3.117376,5
ET070701,Salamago,2025-05-01,892.877,5
ET060309,Assosa town Administration,2025-05-01,220.04482,5
ET010317,Geraleta,2025-05-01,1.1266328,5
ET060308,Undulu,2025-05-01,119.21665,5
ET010318,Zala Anbesa town,2025-05-01,0.8831816,5
ET160023,Hawela,2025-05-01,7.6239314,5
ET060202,Guba,2025-05-01,355.0544,5
ET010411,Alamata town,2025-05-01,44.16004,5
ET060201,Dangur,2025-05-01,161.54712,5
ET010412,Mekhoni town,2025-05-01,1.6616099,5
ET050999,Bokolmayo,2025-05-01,27.60564,5
ET050991,Deka Suftu,2025-05-01,28.391237,5
ET010509,May Gaba,2025-05-01,5.5225844,5
ET050904,Guradamole,2025-05-01,36.27724,5
ET010601,Saharti,2025-05-01,8.715537,5
ET050903,Goro Baqaqsa,2025-05-01,56.42887,5
ET010603,Hintalo,2025-05-01,2.9992573,5
ET160017,Bona Zuria,2025-05-01,11.558524,5
ET070709,Jinka town,2025-05-01,60.376286,5
ET050902,Dolo Ado,2025-05-01,57.6128,5
ET050901,Filtu,2025-05-01,15.4588375,5
ET010605,Hagere Selam town,2025-05-01,0.6046326,5
ET050899,God-God,2025-05-01,39.47687,5
ET010606,Samre,2025-05-01,26.12743,5
ET050898,Kohle /Qoxle,2025-05-01,39.47222,5
ET010607,Adigudom,2025-05-01,1.9179238,5
ET070711,Wub Ari,2025-05-01,12.504535,5
ET050809,Raso,2025-05-01,33.934143,5
ET010608,Wajirat,2025-05-01,3.034444,5
ET160016,Aleta Chuko,2025-05-01,37.84039,5
ET050808,Dolobay,2025-05-01,128.00177,5
ET050807,Barey,2025-05-01,103.39627,5
ET010701,Mekelle,2025-05-01,139.14212,5
ET010508,Korarit,2025-05-01,9.055622,5
ET020101,Dubti,2025-05-01,51.750362,5
ET070708,Nyngatom,2025-05-01,133.44032,5
ET051001,Ayun,2025-05-01,26.756502,5
ET070705,Bena Tsemay,2025-05-01,179.81334,5
ET060200,Gilgel Beles town,2025-05-01,147.11061,5
ET160020,Yirgalem town,2025-05-01,107.68093,5
ET051198,Qada Duma,2025-05-01,123.36276,5
ET010413,Zata,2025-05-01,1.6753267,5
ET051187,Mubarek,2025-05-01,37.135387,5
ET010414,Chercher,2025-05-01,70.28639,5
ET070706,Dasenech /Kuraz,2025-05-01,850.23676,5
ET010501,Kafta Humera,2025-05-01,636.78424,5
ET051104,Hudet,2025-05-01,100.13309,5
ET051096,Hararey,2025-05-01,30.211695,5
ET010502,Welkait,2025-05-01,246.53688,5
ET051095,Horshagah,2025-05-01,24.846777,5
ET160019,Wondo-Genet,2025-05-01,114.44482,5
ET051006,Dihun,2025-05-01,32.31507,5
ET010503,Tsegede (TG),2025-05-01,30.933653,5
ET070707,Malie,2025-05-01,65.08667,5
ET010505,May Kadra,2025-05-01,18.180315,5
ET051005,Sagag,2025-05-01,30.094162,5
ET051003,Garbo,2025-05-01,28.317692,5
ET010506,Dansha town,2025-05-01,28.185074,5
ET051002,Elwayne,2025-05-01,28.066832,5
ET010507,Awra (TG),2025-05-01,19.898659,5
ET160018,Hawasa town,2025-05-01,1267.3784,5
ET010309,Wukro town,2025-05-01,2.3304436,5
ET050305,Gunagado,2025-05-01,18.68094,5
ET030101,Addi Arekay,2025-05-01,71.02117,5
ET030415,Were Ilu,2025-05-01,3.3903065,5
ET030416,Wegde,2025-05-01,28.722212,5
ET071502,Denba Gofa,2025-05-01,69.77265,5
ET041807,Anfilo,2025-05-01,144.81868,5
ET140111,Lemi Kura,2025-05-01,9.201553,5
ET041806,Denbi Dollo town,2025-05-01,118.45343,5
ET041805,Sayo,2025-05-01,51.71379,5
ET030417,Kombolcha town,2025-05-01,13.561847,5
ET041804,Gawo Kebe,2025-05-01,305.30377,5
ET030418,Dessie town,2025-05-01,14.799814,5
ET041808,Dale Sadi,2025-05-01,519.65356,5
ET030419,Mehal Sayint,2025-05-01,20.925388,5
ET041802,Yama Logi Welel,2025-05-01,45.347992,5
ET030420,Legehida,2025-05-01,0.89694566,5
ET140110,Gulele,2025-05-01,3.4181657,5
ET041801,Hawa Galan,2025-05-01,176.94888,5
ET041799,Arsi Negele town,2025-05-01,46.375454,5
ET030421,Mekdela,2025-05-01,3.2672048,5
ET071504,Uba Debre Tsehay,2025-05-01,231.25941,5
ET030422,Worebabu,2025-05-01,9.120956,5
ET041798,Bishan Guracha,2025-05-01,13.353765,5
ET041783,Heban Arsi,2025-05-01,40.98612,5
ET041803,Dale Wabera,2025-05-01,265.12152,5
ET030413,Kelela,2025-05-01,12.851154,5
ET041809,Gidami,2025-05-01,167.63979,5
ET041810,Jimma Horo,2025-05-01,132.65756,5
ET030404,Ambasel,2025-05-01,7.9297633,5
ET030405,Thehulederie,2025-05-01,6.0330677,5
ET071403,Atote Ulo,2025-05-01,46.39693,5
ET041907,Jimma Rare,2025-05-01,8.875766,5
ET030406,Delanta,2025-05-01,2.6633325,5
ET041906,Jimma Genete,2025-05-01,7.5460443,5
ET041905,Abay Chomen,2025-05-01,18.800047,5
ET030407,Kalu,2025-05-01,30.776712,5
ET041904,Ababo,2025-05-01,25.317284,5
ET150104,Malka Jabti /M.Jebdu),2025-05-01,10.745268,5
ET030408,Albuko,2025-05-01,12.035992,5
ET071404,Wera Djo,2025-05-01,32.03881,5
ET041903,Guduru,2025-05-01,17.19579,5
ET030409,Dessie Zuria,2025-05-01,4.797897,5
ET041902,Shambu town,2025-05-01,10.1350765,5
ET041901,Horo,2025-05-01,8.023149,5
ET030410,Legambo,2025-05-01,4.5921707,5
ET041812,Sedi Chenka,2025-05-01,101.70714,5
ET030411,Sayint,2025-05-01,45.93361,5
ET150103,Sabian,2025-05-01,73.9629,5
ET071501,Melekoza,2025-05-01,166.09213,5
ET041811,Lalo Kile,2025-05-01,325.83194,5
ET030412,Borena /Debresina,2025-05-01,99.40331,5
ET030425,Degolo town,2025-05-01,0.4505377,5
ET041711,Shashemene town,2025-05-01,87.25013,5
ET140109,Arada,2025-05-01,5.310313,5
ET041710,Adaba,2025-05-01,0.90893185,5
ET071508,Bulike town,2025-05-01,15.911751,5
ET041622,Bedele Zuria,2025-05-01,30.757574,5
ET030512,Kewet,2025-05-01,8.246559,5
ET041621,Bedele town,2025-05-01,40.79396,5
ET140106,Kirkos,2025-05-01,7.907393,5
ET041618,Meko,2025-05-01,39.58926,5
ET041608,Dedesa,2025-05-01,37.816914,5
ET030513,Angolelana Tera,2025-05-01,0.74784154,5
ET030514,Assagirt,2025-05-01,1.8137932,5
ET071509,Melo Gada,2025-05-01,76.278534,5
ET041607,Borecha,2025-05-01,37.661686,5
ET030515,Ankober,2025-05-01,6.258313,5
ET041606,Gechi,2025-05-01,27.102303,5
ET041605,Dabo Hana,2025-05-01,33.045856,5
ET030516,Hagere Mariam,2025-05-01,1.9867631,5
ET140105,Lideta,2025-05-01,5.474241,5
ET041604,Dega,2025-05-01,30.596827,5
ET030517,Berehet,2025-05-01,7.8827024,5
ET071601,Basketo SP Woreda,2025-05-01,321.90662,5
ET041603,Chora (Buno Bedele),2025-05-01,27.19157,5
ET030518,Minjar Shenkora,2025-05-01,8.412649,5
ET041596,Birbirsa Kojowa,2025-05-01,16.983665,5
ET041594,Suro Berguda,2025-05-01,37.974205,5
ET030511,Mojan Wedera,2025-05-01,1.2239124,5
ET041908,Jarte Jardega,2025-05-01,4.7131767,5
ET030510,Tarema Ber,2025-05-01,6.179018,5
ET030509,Menze Mama Midir,2025-05-01,1.0496222,5
ET030501,Mida Woremo,2025-05-01,32.26997,5
ET071505,Gezei Gofa,2025-05-01,23.306147,5
ET030502,Merhabete,2025-05-01,13.124497,5
ET041709,Nenesebo,2025-05-01,18.668213,5
ET041708,Kokosa,2025-05-01,6.7890043,5
ET030503,Ensaro,2025-05-01,4.352625,5
ET041707,Dodola,2025-05-01,5.779993,5
ET030504,Moretna Jiru,2025-05-01,2.134099,5
ET041706,Gedeb Asasa,2025-05-01,1.768925,5
ET140108,Addis Ketema,2025-05-01,6.348658,5
ET071506,O'yida,2025-05-01,41.486935,5
ET030505,Menze Gera Midir,2025-05-01,3.1459177,5
ET041705,Kore,2025-05-01,5.1333847,5
ET041704,Kofele,2025-05-01,3.9667206,5
ET030506,Gishe Rabel,2025-05-01,0.96033424,5
ET041703,Arsi Negele,2025-05-01,57.88111,5
ET030507,Antsokiya,2025-05-01,5.477376,5
ET030508,Eferatana Gidem,2025-05-01,9.628589,5
ET071507,Sawla town,2025-05-01,137.9456,5
ET041702,Shala,2025-05-01,37.085125,5
ET140107,Yeka,2025-05-01,9.5226965,5
ET041701,Siraro,2025-05-01,148.37311,5
ET041700,Dodola town,2025-05-01,1.8233318,5
ET041623,Chwaka,2025-05-01,567.9438,5
ET050304,Gashamo,2025-05-01,12.87274,5
ET150105,Legehare,2025-05-01,41.146908,5
ET041910,Abe Dongoro,2025-05-01,32.42544,5
ET050204,Shabeeley,2025-05-01,4.678385,5
ET160002,Hawassa Zuria,2025-05-01,153.57079,5
ET050203,Babile (SM),2025-05-01,28.788507,5
ET030206,Tach Gayint,2025-05-01,69.12956,5
ET071019,Kucha,2025-05-01,121.62458,5
ET030207,Semada,2025-05-01,193.93384,5
ET050202,Gursum (SM),2025-05-01,9.148111,5
ET050199,Gablalu,2025-05-01,36.71752,5
ET030208,East Esite,2025-05-01,193.36826,5
ET050198,Gota-Biki,2025-05-01,145.24358,5
ET030205,Lay Gayint,2025-05-01,97.11254,5
ET030209,Dera (AM),2025-05-01,484.18982,5
ET160001,Shebe Dino,2025-05-01,8.844207,5
ET071021,Arba Minch town,2025-05-01,398.5048,5
ET030210,Debre Tabor town,2025-05-01,177.50842,5
ET050106,Hadhagala,2025-05-01,33.510887,5
ET050105,Afdem,2025-05-01,41.284508,5
ET030211,Andabet/ West Esite,2025-05-01,83.50442,5
ET050104,Erer (SM),2025-05-01,69.55573,5
ET030212,Guna Begemider,2025-05-01,36.269283,5
ET030213,Mena Meketewa,2025-05-01,29.664116,5
ET071205,Alle Special,2025-05-01,74.84221,5
ET050107,Miesso,2025-05-01,29.853796,5
ET050205,Aw-Bare,2025-05-01,7.0136423,5
ET050206,Kebribeyah,2025-05-01,3.9572802,5
ET030203,Fogera,2025-05-01,656.3689,5
ET050303,Aware,2025-05-01,11.302353,5
ET030102,Beyeda,2025-05-01,17.95551,5
ET050302,Degehabur,2025-05-01,14.65328,5
ET030103,Janamora,2025-05-01,73.8183,5
ET071016,Gacho Baba,2025-05-01,9.879046,5
ET160005,Aleta Wendo,2025-05-01,10.541037,5
ET050301,Degehamedo,2025-05-01,18.14587,5
ET050299,Harawo,2025-05-01,8.626839,5
ET030104,Debark,2025-05-01,41.682716,5
ET050297,Koran /Mulla,2025-05-01,3.7025692,5
ET030105,Dabat,2025-05-01,81.76148,5
ET050296,Kebribayah town,2025-05-01,3.9465394,5
ET030119,Telemt,2025-05-01,125.68974,5
ET071017,Kucha Alpha,2025-05-01,28.004002,5
ET030198,Debark town,2025-05-01,11.714639,5
ET050295,Wajale town,2025-05-01,1.398777,5
ET050293,Jigjiga town,2025-05-01,1.604844,5
ET160003,Arbegona,2025-05-01,8.180948,5
ET050283,Tuliguled,2025-05-01,2.2722216,5
ET030201,Ebenat,2025-05-01,140.59908,5
ET050207,Harshin,2025-05-01,3.8539233,5
ET030202,Libokemekem,2025-05-01,328.8372,5
ET071018,Garda Marta,2025-05-01,64.020546,5
ET050103,Shinile,2025-05-01,35.183197,5
ET150208,Biyoawale,2025-05-01,4.5747094,5
ET050102,Dembel,2025-05-01,9.121507,5
ET050101,Ayisha,2025-05-01,21.107895,5
ET030310,Lasta,2025-05-01,23.115599,5
ET042011,Bereh,2025-05-01,0.5167747,5
ET150110,Gende Kore,2025-05-01,7.173021,5
ET071304,Kena,2025-05-01,53.13619,5
ET030311,Dawunt,2025-05-01,4.828987,5
ET042009,Sebeta town,2025-05-01,6.7942944,5
ET042008,Dukem,2025-05-01,1.7688177,5
ET030312,Gazo,2025-05-01,0.72570854,5
ET042006,Sebeta Hawas,2025-05-01,2.8951192,5
ET030313,Angot,2025-05-01,1.0125829,5
ET042005,Sululta town,2025-05-01,0.46963286,5
ET030398,Lalibela town,2025-05-01,2.7282405,5
ET071401,Kulito town,2025-05-01,33.811012,5
ET150109,Addis Ketema (DD),2025-05-01,7.2474504,5
ET042004,Lege Tafo-Lege Dadi town,2025-05-01,0.6753199,5
ET042001,Burayu,2025-05-01,6.931973,5
ET030399,Kobo town,2025-05-01,53.52491,5
ET041912,Horo Buluk,2025-05-01,6.3900566,5
ET030401,Argoba,2025-05-01,13.844753,5
ET041911,Choman Guduru,2025-05-01,9.7044325,5
ET030402,Tenta,2025-05-01,1.896912,5
ET071402,Wera,2025-05-01,46.38565,5
ET030403,Kutaber,2025-05-01,2.1822803,5
ET042012,Akaki,2025-05-01,2.149164,5
ET041909,Amuru,2025-05-01,23.801294,5
ET030309,Woldiya town,2025-05-01,13.164119,5
ET042014,Welmera,2025-05-01,5.2334247,5
ET030214,Sede Muja,2025-05-01,71.45918,5
ET042107,Ginir town,2025-05-01,7.013566,5
ET030293,Woreta town,2025-05-01,210.44514,5
ET030301,Bugna,2025-05-01,22.454199,5
ET071301,Karat town,2025-05-01,75.44125,5
ET042106,Dawe Ketchen,2025-05-01,18.384083,5
ET042105,Seweyna,2025-05-01,18.668497,5
ET030302,Raya Kobo,2025-05-01,69.760605,5
ET150207,Wahil,2025-05-01,3.481497,5
ET042104,Rayitu,2025-05-01,12.360886,5
ET042102,Lege Hida,2025-05-01,11.075173,5
ET030303,Gidan,2025-05-01,2.4224954,5
ET030304,Meket,2025-05-01,39.58489,5
ET071302,Segen Zuria,2025-05-01,73.98473,5
ET042098,Gelana (Finfine),2025-05-01,1.3544331,5
ET042020,Holeta town,2025-05-01,1.917331,5
ET030305,Wadla,2025-05-01,7.4144187,5
ET042018,Sendafa town,2025-05-01,0.3814524,5
ET150206,Jeldessa,2025-05-01,5.431936,5
ET042016,Mulo,2025-05-01,0.93804497,5
ET030307,Guba Lafto,2025-05-01,16.507288,5
ET030308,Habru,2025-05-01,45.46831,5
ET071303,Karat Zuria,2025-05-01,79.07642,5
ET042013,Sululta,2025-05-01,3.6100454,5
ET160037,Loka Abaya,2025-05-01,111.36556,5
ET070205,Misrak Badawacho,2025-06-01,94.5911,6
ET010215,Ahsea,2025-06-01,30.004028,6
ET010217,Hahayle,2025-06-01,16.00219,6
ET070204,Shashogo,2025-06-01,95.28304,6
ET070604,Humbo,2025-06-01,76.2573,6
ET070202,Gombora,2025-06-01,56.283543,6
ET070616,Tebela town,2025-06-01,24.29538,6
ET070606,Kindo Koyesha,2025-06-01,370.79095,6
ET160029,Chabe Gambeltu,2025-06-01,24.453003,6
ET010213,Axum town,2025-06-01,17.123968,6
ET070201,Misha,2025-06-01,1.5556983,6
ET070603,Damot Woide,2025-06-01,49.71339,6
ET070605,Sodo Zuria,2025-06-01,58.627575,6
ET010214,Rama,2025-06-01,68.61593,6
ET070206,Soro,2025-06-01,73.99433,6
ET070104,Gedebano Gutazer Welene,2025-06-01,4.688765,6
ET010308,Adigrat town,2025-06-01,2.4954312,6
ET010216,Egela,2025-06-01,3.7585344,6
ET010101,Tahtay Adiyabo,2025-06-01,453.91605,6
ET010112,Adi Hageray,2025-06-01,141.62372,6
ET070615,Boditi town,2025-06-01,34.48649,6
ET070504,Bule,2025-06-01,2.8898048,6
ET070609,Damot Sore,2025-06-01,31.823858,6
ET070306,Doyogena,2025-06-01,5.500245,6
ET010201,Chila,2025-06-01,92.959785,6
ET010109,Selekleka,2025-06-01,60.999203,6
ET070114,Welkite town,2025-06-01,29.4009,6
ET070109,Gumer,2025-06-01,1.2348467,6
ET070305,Hadero Tunto,2025-06-01,66.207726,6
ET070618,Gununo Hamus town,2025-06-01,36.717495,6
ET010202,Aheferom,2025-06-01,24.093767,6
ET070304,Kacha Bira,2025-06-01,77.050606,6
ET070505,Dila Zuria,2025-06-01,42.591293,6
ET010222,Tanqua Melashe,2025-06-01,13.969946,6
ET010108,Indasilassie town,2025-06-01,394.5431,6
ET010203,Edaga arbi,2025-06-01,14.778683,6
ET070612,Duguna Fango,2025-06-01,84.055,6
ET010305,Hawzen,2025-06-01,31.531494,6
ET070506,Gedeb,2025-06-01,7.147387,6
ET160032,Bilate Zuria,2025-06-01,77.78555,6
ET070302,Angacha,2025-06-01,6.8492775,6
ET070115,Butajira town,2025-06-01,76.2541,6
ET070108,Endiguagn,2025-06-01,2.7909784,6
ET160035,Chuko town,2025-06-01,21.158083,6
ET010304,Ganta Afeshum,2025-06-01,2.284505,6
ET010301,Gulo Mekeda,2025-06-01,3.6692414,6
ET010116,May Tsebri town,2025-06-01,19.89209,6
ET070307,Damboya,2025-06-01,8.262886,6
ET070610,Kindo Daddaye,2025-06-01,75.75089,6
ET070111,Enemor Ener,2025-06-01,17.424866,6
ET070312,Hadero town,2025-06-01,32.238564,6
ET010302,Erob,2025-06-01,17.336031,6
ET010113,Tsimbla,2025-06-01,369.85718,6
ET070501,Wenago,2025-06-01,25.650324,6
ET070310,Shinshincho town,2025-06-01,21.074345,6
ET160034,Daella,2025-06-01,4.7962337,6
ET010303,Saesie,2025-06-01,3.644136,6
ET010114,Endabaguna town,2025-06-01,51.843933,6
ET070112,Muhur Na Aklil,2025-06-01,4.8810654,6
ET070301,Tembaro,2025-06-01,295.62033,6
ET070309,Adilo,2025-06-01,84.20672,6
ET070502,Yirgachefe,2025-06-01,16.07303,6
ET010111,Adi Daero,2025-06-01,61.408424,6
ET010115,Dima (TG),2025-06-01,13.224048,6
ET070308,Durame town,2025-06-01,40.416016,6
ET160033,Darara,2025-06-01,68.45256,6
ET160027,Chirone,2025-06-01,7.5227137,6
ET070110,Cheha,2025-06-01,39.728813,6
ET070503,Kochere,2025-06-01,19.895267,6
ET070611,Damot Pullasa,2025-06-01,184.96404,6
ET070113,Geta,2025-06-01,1.9138951,6
ET010110,Seyemti Adyabo,2025-06-01,20.469465,6
ET070619,Hobicha Abaya,2025-06-01,123.49059,6
ET070207,Duna,2025-06-01,3.3972433,6
ET010221,Keyhe tekli,2025-06-01,28.915127,6
ET010204,Adwa,2025-06-01,26.195868,6
ET070511,Gedeb town,2025-06-01,2.730302,6
ET070614,Areka town,2025-06-01,138.89977,6
ET070211,Hosaena town,2025-06-01,23.175821,6
ET010219,Emba Sieneti,2025-06-01,20.011267,6
ET010210,Abergele (TG),2025-06-01,80.84231,6
ET070106,Meskan,2025-06-01,3.7808182,6
ET160036,Wondo-Genet town,2025-06-01,12.937257,6
ET070210,Gibe,2025-06-01,19.083298,6
ET070512,Yirgachefe town,2025-06-01,9.569774,6
ET010211,Abi Adi town,2025-06-01,8.248061,6
ET070607,Ofa,2025-06-01,71.87113,6
ET070209,Mirab Badowach,2025-06-01,65.00113,6
ET070119,Debub Sodo,2025-06-01,63.161125,6
ET010307,Atsbi,2025-06-01,4.2927275,6
ET010103,Zana,2025-06-01,193.18817,6
ET010218,Endafelasi,2025-06-01,19.861755,6
ET010212,Adwa town,2025-06-01,26.461405,6
ET160030,Daye town,2025-06-01,13.12339,6
ET070208,Analemmo,2025-06-01,5.38059,6
ET070602,Damot Gale,2025-06-01,80.515076,6
ET070105,Sodo,2025-06-01,7.870297,6
ET070120,Enor Ener,2025-06-01,11.978431,6
ET010102,Laelay Adiabo,2025-06-01,154.78618,6
ET010209,Naeder,2025-06-01,16.202744,6
ET070617,Gesuba town,2025-06-01,95.6712,6
ET070118,Misrak Meskan,2025-06-01,6.204899,6
ET010104,Tahtay Koraro,2025-06-01,295.7915,6
ET160026,Teticha,2025-06-01,4.4900484,6
ET070217,Mirab Soro,2025-06-01,27.227257,6
ET010107,Sheraro town,2025-06-01,455.75522,6
ET070116,Emdebir town,2025-06-01,3.3035982,6
ET010206,Tahtay Mayechew,2025-06-01,69.02998,6
ET070508,Chelelektu town,2025-06-01,54.813515,6
ET070608,Boloso Bombe,2025-06-01,238.88965,6
ET070613,Sodo Town,2025-06-01,144.96791,6
ET010220,Enticho town,2025-06-01,1.395906,6
ET070216,Siraro Badawacho,2025-06-01,9.440234,6
ET070107,Mareko,2025-06-01,33.0986,6
ET070507,Dila town,2025-06-01,134.16544,6
ET010106,Tselemti,2025-06-01,15.106319,6
ET070117,Bui town,2025-06-01,0.92882836,6
ET070214,Jajura town,2025-06-01,3.0697927,6
ET070509,Rape,2025-06-01,2.7515407,6
ET160031,Hokko,2025-06-01,23.912344,6
ET010105,Asgede,2025-06-01,375.93784,6
ET070213,Gimbichu town,2025-06-01,4.7076044,6
ET160028,Shafamo,2025-06-01,2.2415411,6
ET070212,Shone Town,2025-06-01,57.55448,6
ET070510,Churso,2025-06-01,10.2957735,6
ET010306,Kelete Awelallo,2025-06-01,2.1412525,6
ET070620,Kawo Koisha,2025-06-01,56.37261,6
ET010207,Adet,2025-06-01,55.315884,6
ET010208,Kola Temben,2025-06-01,64.3071,6
ET071503,Zala,2025-06-01,95.96082,6
ET160025,Dara Otilicho,2025-06-01,5.972142,6
ET041111,Harena Buluk,2025-06-01,16.793558,6
ET030904,Guangua,2025-06-01,132.56935,6
ET041110,Goba (OR),2025-06-01,1.6471003,6
ET041109,Sinana,2025-06-01,6.1652155,6
ET030905,Fagta Lakoma,2025-06-01,7.9600477,6
ET072401,Yem SP Woreda,2025-06-01,52.470375,6
ET030906,Jawi,2025-06-01,573.205,6
ET041106,Gasera,2025-06-01,5.1517334,6
ET120308,Mengesh,2025-06-01,1114.0248,6
ET041104,Agarfa,2025-06-01,7.8077707,6
ET030903,Ankasha,2025-06-01,47.872055,6
ET030907,Guagusa Shikudad,2025-06-01,42.051014,6
ET041098,Kumbi,2025-06-01,29.050764,6
ET030908,Ayehu Guwagusa,2025-06-01,356.6833,6
ET110101,Anderacha,2025-06-01,43.321514,6
ET030996,Injibara town,2025-06-01,53.073196,6
ET041097,Deder town,2025-06-01,1.821095,6
ET030997,Zigem,2025-06-01,257.7093,6
ET041089,Goro Muti,2025-06-01,6.501503,6
ET120206,Gambela town,2025-06-01,2008.4954,6
ET041019,Haromaya town,2025-06-01,2.4433262,6
ET030998,Dangila town,2025-06-01,9.540561,6
ET041099,Aweday town,2025-06-01,4.27053,6
ET041112,Mena (Bale),2025-06-01,7.7106395,6
ET072304,Derashe Special,2025-06-01,230.96803,6
ET120407,Itang,2025-06-01,378.12326,6
ET041211,Dire,2025-06-01,8.099705,6
ET130102,Shenkor,2025-06-01,6.181338,6
ET041210,Moyale (OR),2025-06-01,24.671751,6
ET041208,Arero,2025-06-01,28.419098,6
ET030801,Zequala,2025-06-01,77.02195,6
ET030803,Dehana,2025-06-01,47.40494,6
ET072102,Amaro,2025-06-01,91.93203,6
ET041207,Yabelo,2025-06-01,9.016005,6
ET030804,Gaz Gibla,2025-06-01,2.1183286,6
ET041122,Dinsho,2025-06-01,0.74046713,6
ET030805,Abergele (AM),2025-06-01,75.529045,6
ET041120,Goba town,2025-06-01,1.8582518,6
ET041119,Robe Town,2025-06-01,5.437839,6
ET130101,Sofi,2025-06-01,14.145319,6
ET030806,Sahila,2025-06-01,159.29887,6
ET072203,Burji Special,2025-06-01,17.871134,6
ET041116,Goro (Bale),2025-06-01,12.102531,6
ET030807,Sekota town,2025-06-01,11.235928,6
ET041115,Gura Damole,2025-06-01,14.321494,6
ET030808,Tsagbeji,2025-06-01,2.0203583,6
ET041114,Berbere,2025-06-01,8.903036,6
ET041113,Meda Welabu,2025-06-01,7.5035005,6
ET030901,Dangila,2025-06-01,47.964058,6
ET110102,Masha,2025-06-01,18.651138,6
ET030799,Adete town,2025-06-01,106.98014,6
ET041018,Meyu Muleke,2025-06-01,13.730297,6
ET041017,Golo Oda,2025-06-01,11.431138,6
ET031108,Lay Armacho,2025-06-01,34.16941,6
ET041004,Babile (OR),2025-06-01,9.353958,6
ET041003,Gursum (OR),2025-06-01,4.1007953,6
ET031109,Wegera,2025-06-01,67.03338,6
ET031110,Gonder Zuria,2025-06-01,1131.5773,6
ET110201,Saylem,2025-06-01,18.84073,6
ET041002,Jarso (East Hararghe),2025-06-01,267.8276,6
ET031111,East Dembia,2025-06-01,479.29993,6
ET041001,Kombolcha,2025-06-01,4.4490156,6
ET120202,Gambela Zuria,2025-06-01,551.4357,6
ET041005,Fedis,2025-06-01,113.84833,6
ET041000,Babile town,2025-06-01,5.7230463,6
ET031115,Alefa,2025-06-01,121.98643,6
ET031116,West Belesa,2025-06-01,281.62875,6
ET110202,Gesha,2025-06-01,23.657616,6
ET040991,Gumbi Bordede,2025-06-01,12.924987,6
ET031117,East Belesa,2025-06-01,561.09796,6
ET040915,Hawi Gudina,2025-06-01,7.2377524,6
ET031118,Gondar town,2025-06-01,314.43796,6
ET040914,Bedesa,2025-06-01,2.8317692,6
ET040913,Chiro Zuria,2025-06-01,3.791499,6
ET120201,Abobo,2025-06-01,612.9089,6
ET040998,Burqua Dhintu,2025-06-01,21.313816,6
ET120203,Gog,2025-06-01,502.84003,6
ET041006,Haro Maya,2025-06-01,33.209698,6
ET110105,Masha town,2025-06-01,15.152606,6
ET031001,Dewa Cheffa,2025-06-01,16.692549,6
ET041016,Girawa,2025-06-01,7.2067566,6
ET041015,Chinaksen,2025-06-01,2.0659027,6
ET031002,Bati,2025-06-01,8.634903,6
ET120205,Dima (GM),2025-06-01,355.78537,6
ET110103,Yeki,2025-06-01,403.87708,6
ET041014,Midhaga Tola,2025-06-01,14.656865,6
ET031003,Jilye Tumuga,2025-06-01,88.16864,6
ET041013,Bedeno,2025-06-01,4.1517386,6
ET031004,Artuma Fursi,2025-06-01,19.305714,6
ET041012,Melka Balo,2025-06-01,7.5737853,6
ET041011,Deder,2025-06-01,5.994725,6
ET031005,Dewa Harewa,2025-06-01,12.638449,6
ET031006,Kemisie town,2025-06-01,15.085844,6
ET120204,Jore,2025-06-01,192.4921,6
ET110104,Tepi,2025-06-01,1126.4678,6
ET041010,Goro Gutu,2025-06-01,7.2733407,6
ET041009,Meta,2025-06-01,2.148049,6
ET031099,Bati Town,2025-06-01,10.89711,6
ET041008,Kersa (East Hararge),2025-06-01,21.491951,6
ET041007,Kurfa Chele,2025-06-01,5.111171,6
ET031106,Chilga 1,2025-06-01,254.84271,6
ET031107,Tegede,2025-06-01,463.78165,6
ET030999,Chagni town,2025-06-01,187.27913,6
ET041212,Teltale,2025-06-01,166.95724,6
ET072013,Misrak Siltie,2025-06-01,34.343906,6
ET030798,Bure town,2025-06-01,44.756306,6
ET030606,Enemay,2025-06-01,101.943596,6
ET041414,Negele town,2025-06-01,25.338043,6
ET041413,Gora Dola,2025-06-01,19.378344,6
ET030607,Debay Telatgen,2025-06-01,5.459527,6
ET041412,Saba Boru,2025-06-01,64.31532,6
ET140101,Akaki Kality,2025-06-01,19.004398,6
ET030608,Debre Elias,2025-06-01,105.32849,6
ET072005,Dalocha,2025-06-01,46.255146,6
ET041411,Ana Sora,2025-06-01,18.078121,6
ET030609,Michakel,2025-06-01,11.240566,6
ET041482,Aga Wayu,2025-06-01,24.381874,6
ET041410,Girja /Harenfema,2025-06-01,19.024931,6
ET030610,Guzamn,2025-06-01,161.30043,6
ET041408,Dama,2025-06-01,2.56505,6
ET030611,Baso Liben,2025-06-01,801.9552,6
ET130109,Abadir,2025-06-01,4.396295,6
ET072006,Sankura,2025-06-01,120.9804,6
ET041407,Liben,2025-06-01,19.601572,6
ET030612,Awabel,2025-06-01,86.08081,6
ET041405,Odo Shakiso,2025-06-01,17.478495,6
ET041404,Wadera,2025-06-01,7.9000835,6
ET030613,Dejen,2025-06-01,74.213234,6
ET041409,Arda Jila,2025-06-01,7.8627462,6
ET072004,Mierab Azenet Berbere,2025-06-01,1.6095839,6
ET030605,Enarj Enawga,2025-06-01,27.321207,6
ET030604,Enebse Sarmder,2025-06-01,72.44712,6
ET072001,Alicho Woriro,2025-06-01,2.3216672,6
ET041518,Melka Soda,2025-06-01,57.38863,6
ET030521,Menze Keya Gabriel,2025-06-01,3.7382274,6
ET041517,Gelana (West Guji),2025-06-01,141.40144,6
ET041515,Dugda Dawa,2025-06-01,20.214628,6
ET030522,Menze Lalo Midir,2025-06-01,1.0077323,6
ET041513,Abaya,2025-06-01,129.03966,6
ET030523,Siya Debirna Wayu,2025-06-01,0.64726967,6
ET072002,Siltie,2025-06-01,48.587933,6
ET030595,Shoa Robit,2025-06-01,95.218414,6
ET140103,Kolfe Keraniyo,2025-06-01,13.057466,6
ET041509,Hambela Wamena,2025-06-01,3.8018022,6
ET041502,Kercha,2025-06-01,20.571241,6
ET041501,Bule Hora,2025-06-01,28.97791,6
ET030601,Bibugn,2025-06-01,21.628885,6
ET041499,Shakiso town,2025-06-01,58.393856,6
ET030602,Hulet Ej Enese,2025-06-01,69.271515,6
ET072003,Lanfero,2025-06-01,30.557241,6
ET030603,Goncha Siso Enebse,2025-06-01,66.06168,6
ET041497,Gumi Idalo,2025-06-01,34.567863,6
ET041492,Adola town,2025-06-01,13.260001,6
ET140102,Nifas Silk Lafto,2025-06-01,16.449312,6
ET041490,Haro Walabu,2025-06-01,2.8738103,6
ET041403,Adola,2025-06-01,23.026775,6
ET030614,Shebel Bernta,2025-06-01,53.17541,6
ET030615,Debre Markos town,2025-06-01,29.209543,6
ET072007,Misrak Azenet Berbere,2025-06-01,5.250876,6
ET041302,Wenchi,2025-06-01,5.3459105,6
ET030708,Dembecha,2025-06-01,47.404297,6
ET041301,Ameya,2025-06-01,60.68802,6
ET041298,Wachile,2025-06-01,26.724682,6
ET030710,Bure (AM),2025-06-01,45.007545,6
ET041296,Yabelo town,2025-06-01,20.159737,6
ET030711,Wemberma,2025-06-01,146.7276,6
ET130104,Hakim,2025-06-01,6.674691,6
ET072011,Kibet town,2025-06-01,6.5828967,6
ET041295,Elwaya,2025-06-01,39.799973,6
ET030712,Bahir Dar town,2025-06-01,1602.785,6
ET041291,Dubluk,2025-06-01,10.280659,6
ET041290,Guchi,2025-06-01,19.054827,6
ET030713,Debub Achefer,2025-06-01,54.762962,6
ET030714,Finote Selam town,2025-06-01,486.50992,6
ET072012,Mito,2025-06-01,44.048916,6
ET041223,Gomole,2025-06-01,16.100561,6
ET030715,Debub Mecha,2025-06-01,11.672301,6
ET130103,Jinela,2025-06-01,6.4229326,6
ET041220,Dhas,2025-06-01,21.911222,6
ET041219,Dilo,2025-06-01,56.984238,6
ET041216,Miyo,2025-06-01,18.54056,6
ET030718,Gonje,2025-06-01,75.60987,6
ET030707,Dega Damot,2025-06-01,55.771374,6
ET110203,Gewata,2025-06-01,182.08055,6
ET072010,Worabe town,2025-06-01,35.841976,6
ET130105,Erer (HR),2025-06-01,8.480231,6
ET041402,Bore,2025-06-01,7.9030013,6
ET130108,Aboker,2025-06-01,3.963135,6
ET041401,Uraga,2025-06-01,3.1310287,6
ET041314,Sodo Daci,2025-06-01,3.462391,6
ET030616,Senan,2025-06-01,2.6547763,6
ET041312,Goro (SW Shewa),2025-06-01,71.17353,6
ET030617,Aneded,2025-06-01,60.660503,6
ET030619,Sedae,2025-06-01,12.528781,6
ET072008,Wulbareg,2025-06-01,38.169678,6
ET041311,Woliso town,2025-06-01,30.130892,6
ET030694,Mota Town,2025-06-01,19.452904,6
ET041310,Seden Sodo,2025-06-01,1.7603507,6
ET130107,Amir Nur,2025-06-01,3.7774363,6
ET041309,Becho (SW Shewa),2025-06-01,4.633038,6
ET041308,Tole,2025-06-01,2.2599895,6
ET030701,Semen Achefer,2025-06-01,105.63441,6
ET030704,Mecha,2025-06-01,58.69395,6
ET072009,Tora town,2025-06-01,34.433548,6
ET041307,Kersana Malima,2025-06-01,3.1745126,6
ET030705,Sekela,2025-06-01,56.047302,6
ET041305,Ilu,2025-06-01,3.3518317,6
ET041304,Dawo,2025-06-01,4.2007394,6
ET030706,Quarit,2025-06-01,41.17056,6
ET041303,Waliso,2025-06-01,5.895925,6
ET031119,Masero Denb /Central Armacho,2025-06-01,215.94379,6
ET040912,Gemechis,2025-06-01,7.725209,6
ET031120,Tach Armacho,2025-06-01,383.80048,6
ET040597,Liban Jawi,2025-06-01,6.4573345,6
ET040297,Nekemte town,2025-06-01,177.17397,6
ET110306,Gidi Bench,2025-06-01,107.69993,6
ET110501,Gachit,2025-06-01,252.74681,6
ET040594,Meta Walkite,2025-06-01,6.687141,6
ET040301,Darimu,2025-06-01,1068.5992,6
ET040592,Cobi,2025-06-01,12.294765,6
ET040302,Alge Sachi,2025-06-01,161.45348,6
ET040590,Ejersa Lafo,2025-06-01,4.294159,6
ET040309,Yayu,2025-06-01,63.306763,6
ET040601,Wara Jarso,2025-06-01,17.894743,6
ET110307,Mizan Aman town,2025-06-01,1113.4432,6
ET040310,Metu Zuria,2025-06-01,100.68964,6
ET040518,Jibat,2025-06-01,10.313654,6
ET110412,Gesa town,2025-06-01,8.767022,6
ET040517,Toke Kutaye,2025-06-01,6.2635326,6
ET040311,Ale,2025-06-01,15.151219,6
ET040516,Abuna Ginde Beret,2025-06-01,14.7228565,6
ET040312,Bure (OR),2025-06-01,64.67813,6
ET110308,Size town,2025-06-01,68.26217,6
ET040515,Ambo town,2025-06-01,10.244617,6
ET040313,Sale Nono,2025-06-01,51.343815,6
ET040519,Ifata,2025-06-01,4.80947,6
ET040217,Kiremu,2025-06-01,29.93026,6
ET040602,Dera (OR),2025-06-01,59.57309,6
ET040216,Wama Hagalo,2025-06-01,28.492437,6
ET040208,Gobu Seyo,2025-06-01,52.48026,6
ET040617,Aleltu,2025-06-01,0.96903,6
ET040209,Sibu Sire,2025-06-01,35.829792,6
ET110303,Debub Bench,2025-06-01,1211.1893,6
ET040615,Jida,2025-06-01,0.4981601,6
ET040210,Diga,2025-06-01,77.21125,6
ET040614,Yaya Gulele,2025-06-01,9.65302,6
ET040211,Sasiga,2025-06-01,90.31276,6
ET040613,Fiche town,2025-06-01,3.4607208,6
ET110503,Gori Gesha,2025-06-01,88.84063,6
ET040610,Kimbibit,2025-06-01,0.57146746,6
ET040212,Leka Dulecha,2025-06-01,75.48339,6
ET110304,Shay Bench,2025-06-01,227.99141,6
ET040609,Abichugna Gne'a,2025-06-01,0.45648712,6
ET040213,Guto Gida,2025-06-01,131.95734,6
ET040607,Debre Libanos,2025-06-01,1.4844483,6
ET040214,Jimma Arjo,2025-06-01,78.30112,6
ET040605,Degem,2025-06-01,5.607152,6
ET040604,Kuyu,2025-06-01,16.154871,6
ET040215,Nunu Kumba,2025-06-01,25.851274,6
ET110502,Menit Goldiye,2025-06-01,177.81738,6
ET110305,Semen Bench,2025-06-01,245.59154,6
ET040603,Hidabu Abote,2025-06-01,9.20903,6
ET040514,Meta Robi,2025-06-01,4.659182,6
ET040314,Becho (Ilu Aba Bora),2025-06-01,46.668484,6
ET040513,Adda Berga,2025-06-01,6.0935774,6
ET040511,Ejere /Addis Alem,2025-06-01,3.378149,6
ET040404,Tiro Afeta,2025-06-01,28.676498,6
ET040405,Kersa (Jimma),2025-06-01,38.89266,6
ET110404,Gena,2025-06-01,75.36456,6
ET040495,Botor Tolay,2025-06-01,29.096214,6
ET040406,Mena (Jimma),2025-06-01,32.891167,6
ET040491,Omo Beyam,2025-06-01,41.812767,6
ET110408,Mari Mansa,2025-06-01,37.694214,6
ET040490,Mancho,2025-06-01,80.57076,6
ET040418,Jimma town,2025-06-01,130.19835,6
ET040407,Goma,2025-06-01,264.86475,6
ET110405,Isara,2025-06-01,59.909405,6
ET040408,Gera,2025-06-01,210.38074,6
ET040417,Agaro town,2025-06-01,42.627846,6
ET040409,Seka Chekorsa,2025-06-01,124.90122,6
ET040416,Gumay,2025-06-01,8.716526,6
ET040410,Dedo,2025-06-01,48.478157,6
ET040415,Chora (Jimma),2025-06-01,50.69669,6
ET110407,Tercha Zuriya,2025-06-01,102.6158,6
ET110406,Kachi,2025-06-01,47.670223,6
ET040414,Shebe Sambo,2025-06-01,357.24124,6
ET040411,Omo Nada,2025-06-01,82.58605,6
ET040413,Setema,2025-06-01,55.87633,6
ET040412,Sigmo,2025-06-01,64.59956,6
ET040499,Nono Benja,2025-06-01,132.76463,6
ET040701,Fentale,2025-06-01,320.01984,6
ET040500,Illu Galan,2025-06-01,96.4681,6
ET040501,Ginde Beret,2025-06-01,23.47294,6
ET110411,Tercha town,2025-06-01,240.18857,6
ET040315,Bilo Nopha,2025-06-01,110.22058,6
ET110401,Tocha,2025-06-01,35.49835,6
ET040510,Dendi,2025-06-01,3.318693,6
ET040316,Hurumu,2025-06-01,35.524933,6
ET040509,Tikur Enchini,2025-06-01,3.235095,6
ET040317,Didu,2025-06-01,73.59491,6
ET040508,Nono,2025-06-01,67.48202,6
ET040507,Dano,2025-06-01,53.64638,6
ET040319,Halu /Huka,2025-06-01,138.14551,6
ET110410,Zabagazo,2025-06-01,189.33319,6
ET110402,Mareka,2025-06-01,33.69255,6
ET040506,Bako Tibe,2025-06-01,107.4944,6
ET040320,Metu town,2025-06-01,154.4491,6
ET040505,Cheliya,2025-06-01,8.087529,6
ET040324,Dorani,2025-06-01,104.2179,6
ET040504,Mida Kegn,2025-06-01,30.815054,6
ET040503,Ambo Zuria,2025-06-01,6.234663,6
ET040401,Limu Seka,2025-06-01,50.454792,6
ET040402,Limu Kosa,2025-06-01,56.79091,6
ET110403,Loma,2025-06-01,154.07903,6
ET040502,Jeldu,2025-06-01,6.8543353,6
ET110409,Disa,2025-06-01,54.24925,6
ET040403,Sekoru,2025-06-01,47.945763,6
ET140104,Bole,2025-06-01,9.267203,6
ET110504,Menit Shasha,2025-06-01,261.32065,6
ET040207,Bila Seyo,2025-06-01,33.89993,6
ET040825,Asela town,2025-06-01,3.4956846,6
ET120103,Jikawo,2025-06-01,269.53616,6
ET040824,Inkolo Wabe,2025-06-01,0.985669,6
ET040103,Gimbi,2025-06-01,426.6616,6
ET110207,Cheta,2025-06-01,39.648666,6
ET040823,Bele Gesgar,2025-06-01,4.579105,6
ET040104,Lalo Asabi,2025-06-01,360.59308,6
ET040822,Diksis,2025-06-01,0.69540936,6
ET040105,Kiltu Kara,2025-06-01,151.32787,6
ET040821,Lude Hitosa,2025-06-01,1.9930307,6
ET040102,Nejo,2025-06-01,336.6488,6
ET040820,Sire,2025-06-01,3.6395009,6
ET120102,Lare,2025-06-01,214.48082,6
ET110208,Decha,2025-06-01,145.84084,6
ET040819,Guna,2025-06-01,1.4819195,6
ET040107,Ayira,2025-06-01,599.59705,6
ET040818,Limu Bilbilo,2025-06-01,1.1194425,6
ET040109,Gudetu Kondole,2025-06-01,691.40076,6
ET040817,Munessa,2025-06-01,1.7661763,6
ET040816,Tiyo,2025-06-01,2.9443665,6
ET040110,Boji Chekorsa,2025-06-01,298.0995,6
ET040111,Babo,2025-06-01,592.50165,6
ET040106,Boji Dirmeji,2025-06-01,139.00406,6
ET040893,Shanan Kolu,2025-06-01,10.439802,6
ET040101,Mana Sibu,2025-06-01,478.60794,6
ET040894,Bekoji town,2025-06-01,0.57888,6
ET040910,Boke,2025-06-01,12.40145,6
ET031121,Takusa,2025-06-01,548.1665,6
ET040909,Daro Lebu,2025-06-01,3.1062174,6
ET040908,Habro,2025-06-01,7.963721,6
ET031122,Kinfaz Begela,2025-06-01,339.9705,6
ET110204,Gimbo,2025-06-01,115.35441,6
ET120105,Makuey,2025-06-01,199.0525,6
ET040907,Goba Koricha,2025-06-01,10.554548,6
ET031125,West Dembiya,2025-06-01,923.9938,6
ET040906,Anchar,2025-06-01,9.534578,6
ET031205,Adagn Ager Chaqo,2025-06-01,162.47447,6
ET040905,Chiro town,2025-06-01,6.9586086,6
ET031206,Mirab Armacho,2025-06-01,1129.0199,6
ET110205,Adiyio,2025-06-01,36.160095,6
ET040904,Mesela,2025-06-01,6.6109877,6
ET031213,Metema,2025-06-01,1693.0132,6
ET040903,Tulo (OR),2025-06-01,7.387639,6
ET120104,Wantawo,2025-06-01,294.53958,6
ET040902,Doba,2025-06-01,4.359878,6
ET031214,Quara,2025-06-01,2109.991,6
ET040901,Mieso,2025-06-01,12.956704,6
ET031292,Gendawuha town,2025-06-01,447.01984,6
ET110206,Tullo,2025-06-01,45.82922,6
ET120101,Akobo,2025-06-01,119.777115,6
ET110209,Chena,2025-06-01,152.76978,6
ET040815,Degeluna Tijo,2025-06-01,0.9043214,6
ET040814,Shirka,2025-06-01,4.3818965,6
ET040198,Mendi town,2025-06-01,72.071556,6
ET040714,Adama town,2025-06-01,94.98274,6
ET110506,Surma,2025-06-01,158.22427,6
ET110213,Shisho Ande,2025-06-01,83.05014,6
ET040711,Liben Chukala,2025-06-01,7.346018,6
ET040199,Nejo town,2025-06-01,344.90314,6
ET040710,Bora (OR),2025-06-01,5.0257387,6
ET040201,Limu (OR),2025-06-01,122.6524,6
ET040709,Bishoftu town,2025-06-01,11.1731615,6
ET040202,Ibantu,2025-06-01,34.149166,6
ET040708,Adama Tulu Jido Kombolcha,2025-06-01,259.42517,6
ET040203,Gida Ayana,2025-06-01,86.725136,6
ET110301,Sheko,2025-06-01,392.0539,6
ET040707,Dugda,2025-06-01,28.328808,6
ET110505,Bero,2025-06-01,228.91833,6
ET040706,Ada'a,2025-06-01,2.2418723,6
ET040204,Haro Limu,2025-06-01,71.64093,6
ET040705,Gimbichu,2025-06-01,3.3148868,6
ET040205,Boneya Boshe,2025-06-01,105.83381,6
ET040704,Lome (OR),2025-06-01,16.862051,6
ET040206,Wayu Tuka,2025-06-01,70.72065,6
ET110302,Gurafereda,2025-06-01,586.85333,6
ET040703,Adama,2025-06-01,7.4597754,6
ET040799,Metehara town,2025-06-01,62.244854,6
ET040702,Boset,2025-06-01,111.87001,6
ET040197,Leta Sibu,2025-06-01,171.11354,6
ET040193,Gimbi town,2025-06-01,228.08188,6
ET040112,Yubdo,2025-06-01,481.45837,6
ET040813,Tena,2025-06-01,1.2148128,6
ET040812,Robe,2025-06-01,7.027534,6
ET040113,Gaji,2025-06-01,140.93831,6
ET040114,Haru,2025-06-01,127.46329,6
ET110210,Bita,2025-06-01,63.471222,6
ET040811,Seru,2025-06-01,7.666535,6
ET110601,Konta,2025-06-01,451.4301,6
ET040809,Chole,2025-06-01,5.533055,6
ET040115,Nole Kaba,2025-06-01,229.33154,6
ET040808,Sude,2025-06-01,3.5182154,6
ET040807,Hitosa,2025-06-01,1.8292526,6
ET040116,Begi,2025-06-01,567.5859,6
ET110211,Bonga town,2025-06-01,219.032,6
ET040117,Homa,2025-06-01,201.25708,6
ET040806,Ziway Dugda,2025-06-01,5.270418,6
ET040118,Sayo Nole,2025-06-01,239.40189,6
ET040804,Jeju,2025-06-01,6.1152267,6
ET110507,Maji,2025-06-01,111.58494,6
ET040803,Golocha,2025-06-01,9.227272,6
ET040119,Guliso,2025-06-01,670.54956,6
ET110212,Goba (SP),2025-06-01,45.007805,6
ET040802,Aseko,2025-06-01,7.6697803,6
ET040801,Merti,2025-06-01,60.48504,6
ET030520,Debre Berhan town,2025-06-01,4.326545,6
ET041587,Bule Hora town,2025-06-01,11.6712055,6
ET030519,Basona Worena,2025-06-01,0.93972343,6
ET020111,Asayita town,2025-06-01,210.49171,6
ET050608,Berocano,2025-06-01,37.77279,6
ET020198,Samera Logiya town,2025-06-01,166.88092,6
ET050607,Ferfer,2025-06-01,59.381428,6
ET020201,Erebti,2025-06-01,66.02443,6
ET071007,Ezo /Kogota,2025-06-01,14.865634,6
ET020202,Kunneba,2025-06-01,24.920835,6
ET050606,Mustahil,2025-06-01,77.44096,6
ET050605,Kelafo,2025-06-01,175.69412,6
ET160012,Malga,2025-06-01,8.537195,6
ET050696,Godey town,2025-06-01,55.671658,6
ET050604,Gode,2025-06-01,44.884624,6
ET050603,Danan,2025-06-01,103.83749,6
ET020205,Berahile,2025-06-01,177.28984,6
ET071008,Dita,2025-06-01,11.631323,6
ET020206,Dalol,2025-06-01,158.42297,6
ET050602,Adadle,2025-06-01,102.30312,6
ET050601,East Imi,2025-06-01,28.47381,6
ET020207,Afdera,2025-06-01,59.664375,6
ET050599,Bodaley,2025-06-01,24.260094,6
ET160011,Gorche,2025-06-01,7.6727524,6
ET050598,El-Ogaden,2025-06-01,36.442616,6
ET020203,Abaala,2025-06-01,18.409597,6
ET050698,Elale,2025-06-01,33.1028,6
ET160013,Wonosho,2025-06-01,6.0202765,6
ET071006,Chencha Zuriya,2025-06-01,15.758475,6
ET020102,Elidar,2025-06-01,49.440655,6
ET050804,Elkare /Serer,2025-06-01,25.52988,6
ET020103,Asayita,2025-06-01,152.45097,6
ET160015,Bursa,2025-06-01,9.228873,6
ET050802,Charati,2025-06-01,180.0232,6
ET050799,Galhamur,2025-06-01,30.377712,6
ET020104,Afambo,2025-06-01,209.57913,6
ET071004,Boreda,2025-06-01,182.22708,6
ET050798,Lehel-Yucub,2025-06-01,22.893248,6
ET020105,Mile,2025-06-01,162.76169,6
ET050788,Daratole,2025-06-01,13.723447,6
ET020106,Chifra,2025-06-01,236.99907,6
ET050704,Warder,2025-06-01,27.740412,6
ET160014,Chire,2025-06-01,38.154984,6
ET050703,Galadi,2025-06-01,39.07658,6
ET020107,Dubti town,2025-06-01,89.6266,6
ET071005,Mirab Abaya,2025-06-01,193.63547,6
ET050702,Bokh,2025-06-01,23.268808,6
ET020108,Kori,2025-06-01,46.82713,6
ET050701,Danod,2025-06-01,19.992779,6
ET020109,Adar,2025-06-01,213.4238,6
ET050699,Aba-Korow,2025-06-01,25.604687,6
ET020110,Gerani,2025-06-01,57.179695,6
ET020208,Bidu,2025-06-01,27.957897,6
ET071009,Daramalo,2025-06-01,155.93852,6
ET020209,Abaala town,2025-06-01,16.237715,6
ET050597,Higloley,2025-06-01,36.16556,6
ET160008,Bensa,2025-06-01,14.157084,6
ET050404,Hamero,2025-06-01,33.94063,6
ET050403,Salahad,2025-06-01,20.769081,6
ET020403,Teru,2025-06-01,132.00882,6
ET020404,Yalo,2025-06-01,230.6491,6
ET071013,Gerese,2025-06-01,67.459045,6
ET050402,Fik,2025-06-01,25.863998,6
ET050399,Dig,2025-06-01,12.382981,6
ET020405,Gulina,2025-06-01,509.6016,6
ET050395,Ararso,2025-06-01,5.001014,6
ET020501,Telalek,2025-06-01,144.2186,6
ET160007,Hulla,2025-06-01,17.848017,6
ET050394,Burqod,2025-06-01,21.918427,6
ET020502,Samurobi,2025-06-01,29.016527,6
ET071014,Bonke,2025-06-01,16.417397,6
ET050392,Daror,2025-06-01,15.742808,6
ET050382,Yocale,2025-06-01,7.5452204,6
ET020503,Dawe,2025-06-01,28.902672,6
ET050307,Degahabur town,2025-06-01,17.062292,6
ET020504,Dalefage,2025-06-01,121.52631,6
ET050306,Bilcil-Bur,2025-06-01,6.1027684,6
ET160006,Dara,2025-06-01,38.70099,6
ET020505,Hadelela,2025-06-01,125.82917,6
ET020402,Euwa,2025-06-01,176.0471,6
ET050805,West Imi,2025-06-01,68.47979,6
ET050407,Lagahida,2025-06-01,25.073082,6
ET020401,Awra (AF),2025-06-01,198.56041,6
ET050596,Lasdhankayre,2025-06-01,30.476755,6
ET020301,Amibara,2025-06-01,493.63647,6
ET050595,Goglo,2025-06-01,24.652325,6
ET020302,Awash,2025-06-01,93.21981,6
ET050592,Kebridehar town,2025-06-01,136.51816,6
ET160010,Boricha,2025-06-01,174.83376,6
ET071010,Chencha,2025-06-01,8.592038,6
ET020303,Gewane,2025-06-01,45.471313,6
ET050586,Marsin,2025-06-01,14.77492,6
ET050504,Debeweyin,2025-06-01,67.47275,6
ET020304,Dulecha,2025-06-01,116.415695,6
ET050503,Shilabo,2025-06-01,138.0104,6
ET020305,Gelalu,2025-06-01,207.82387,6
ET050501,Shaygosh,2025-06-01,56.569153,6
ET020306,Arguba,2025-06-01,13.219625,6
ET160009,Aroresa,2025-06-01,21.708527,6
ET071011,Kemba,2025-06-01,64.26836,6
ET050499,Wangey,2025-06-01,17.170963,6
ET050498,Yahob,2025-06-01,30.801376,6
ET020307,Hanruka,2025-06-01,163.83281,6
ET050497,Qubi,2025-06-01,26.640366,6
ET020396,Awash town,2025-06-01,28.556658,6
ET050408,Meyumuluka,2025-06-01,22.895676,6
ET071012,Kemba town,2025-06-01,16.093163,6
ET071015,Arba Minch Zuria,2025-06-01,351.99567,6
ET071003,Selamber town,2025-06-01,239.47998,6
ET050806,Hargele,2025-06-01,124.41766,6
ET060305,Bambasi,2025-06-01,502.93832,6
ET010403,Neqsege,2025-06-01,1.040359,6
ET060304,Sherkole,2025-06-01,1203.7917,6
ET010404,Emba Alaje,2025-06-01,0.88826627,6
ET060303,Assosa,2025-06-01,743.0856,6
ET010405,Endamehoni,2025-06-01,0.95456785,6
ET160022,Leku town,2025-06-01,66.769745,6
ET060302,Kurmuk,2025-06-01,161.8087,6
ET070703,North Ari,2025-06-01,66.1821,6
ET060301,Menge,2025-06-01,459.23843,6
ET070702,South Ari,2025-06-01,153.69092,6
ET010406,Raya Azebo,2025-06-01,238.1858,6
ET010407,Raya Alamata,2025-06-01,32.338703,6
ET060206,Pawe,2025-06-01,385.82733,6
ET010408,Ofla,2025-06-01,1.4955289,6
ET060205,Dibate,2025-06-01,228.61574,6
ET160021,Aleta Wondo town,2025-06-01,10.397279,6
ET070704,Hamer,2025-06-01,392.98712,6
ET060204,Mandura,2025-06-01,218.49864,6
ET010409,Maichew town,2025-06-01,0.7833274,6
ET060203,Wembera,2025-06-01,233.23196,6
ET010410,Korem town,2025-06-01,2.3022578,6
ET060207,Bulen,2025-06-01,205.8148,6
ET010401,Selewa,2025-06-01,1.0494744,6
ET060306,Bilidigilu,2025-06-01,77.302284,6
ET060307,Homosha,2025-06-01,63.50658,6
ET070621,Abela Abaya,2025-06-01,80.33862,6
ET070103,Ezha,2025-06-01,4.673499,6
ET070102,Abeshege,2025-06-01,45.28308,6
ET010310,Bizet,2025-06-01,1.3522273,6
ET070101,Kebena,2025-06-01,55.140415,6
ET010311,Edaga Hamus town,2025-06-01,0.7410998,6
ET060508,Maokomo Special,2025-06-01,420.42734,6
ET010313,Freweyni town,2025-06-01,0.7302532,6
ET070622,Bayera Koisha,2025-06-01,49.096237,6
ET060405,Mizyiga,2025-06-01,74.888725,6
ET010314,Tsaeda Emba,2025-06-01,4.497985,6
ET160024,Bura,2025-06-01,3.9121678,6
ET060404,Dembe,2025-06-01,114.10306,6
ET060403,Kamashi,2025-06-01,105.51831,6
ET010315,Atsbi town,2025-06-01,0.9975258,6
ET060400,Kamashi town,2025-06-01,57.1906,6
ET010316,Agulae,2025-06-01,3.4899786,6
ET070701,Salamago,2025-06-01,1250.0055,6
ET060309,Assosa town Administration,2025-06-01,287.57474,6
ET010317,Geraleta,2025-06-01,1.2322989,6
ET060308,Undulu,2025-06-01,146.95714,6
ET010318,Zala Anbesa town,2025-06-01,0.91564846,6
ET160023,Hawela,2025-06-01,8.72096,6
ET060202,Guba,2025-06-01,467.7424,6
ET010411,Alamata town,2025-06-01,61.577995,6
ET060201,Dangur,2025-06-01,204.46288,6
ET010412,Mekhoni town,2025-06-01,1.8162806,6
ET050999,Bokolmayo,2025-06-01,29.402414,6
ET050991,Deka Suftu,2025-06-01,30.310654,6
ET010509,May Gaba,2025-06-01,5.7130127,6
ET050904,Guradamole,2025-06-01,38.128193,6
ET010601,Saharti,2025-06-01,11.592246,6
ET050903,Goro Baqaqsa,2025-06-01,58.80825,6
ET010603,Hintalo,2025-06-01,3.2471917,6
ET160017,Bona Zuria,2025-06-01,15.324632,6
ET070709,Jinka town,2025-06-01,79.90351,6
ET050902,Dolo Ado,2025-06-01,59.741867,6
ET050901,Filtu,2025-06-01,16.470896,6
ET010605,Hagere Selam town,2025-06-01,0.6417003,6
ET050899,God-God,2025-06-01,40.935688,6
ET010606,Samre,2025-06-01,37.343777,6
ET050898,Kohle /Qoxle,2025-06-01,41.524944,6
ET010607,Adigudom,2025-06-01,2.017857,6
ET070711,Wub Ari,2025-06-01,14.080474,6
ET050809,Raso,2025-06-01,35.55363,6
ET010608,Wajirat,2025-06-01,3.3661501,6
ET160016,Aleta Chuko,2025-06-01,55.81735,6
ET050808,Dolobay,2025-06-01,142.05928,6
ET050807,Barey,2025-06-01,116.41702,6
ET010701,Mekelle,2025-06-01,192.07582,6
ET010508,Korarit,2025-06-01,9.524168,6
ET020101,Dubti,2025-06-01,52.01734,6
ET070708,Nyngatom,2025-06-01,145.06569,6
ET051001,Ayun,2025-06-01,27.688517,6
ET070705,Bena Tsemay,2025-06-01,289.5701,6
ET060200,Gilgel Beles town,2025-06-01,198.684,6
ET160020,Yirgalem town,2025-06-01,165.41075,6
ET051198,Qada Duma,2025-06-01,143.93102,6
ET010413,Zata,2025-06-01,1.8324537,6
ET051187,Mubarek,2025-06-01,39.55243,6
ET010414,Chercher,2025-06-01,94.858635,6
ET070706,Dasenech /Kuraz,2025-06-01,1168.3768,6
ET010501,Kafta Humera,2025-06-01,859.394,6
ET051104,Hudet,2025-06-01,111.858116,6
ET051096,Hararey,2025-06-01,30.942654,6
ET010502,Welkait,2025-06-01,322.27307,6
ET051095,Horshagah,2025-06-01,25.447933,6
ET160019,Wondo-Genet,2025-06-01,174.25896,6
ET051006,Dihun,2025-06-01,33.239395,6
ET010503,Tsegede (TG),2025-06-01,39.181038,6
ET070707,Malie,2025-06-01,85.272484,6
ET010505,May Kadra,2025-06-01,18.946901,6
ET051005,Sagag,2025-06-01,30.95496,6
ET051003,Garbo,2025-06-01,29.127678,6
ET010506,Dansha town,2025-06-01,29.314695,6
ET051002,Elwayne,2025-06-01,29.025867,6
ET010507,Awra (TG),2025-06-01,20.71097,6
ET160018,Hawasa town,2025-06-01,1994.7638,6
ET010309,Wukro town,2025-06-01,2.4407616,6
ET050305,Gunagado,2025-06-01,19.641108,6
ET030101,Addi Arekay,2025-06-01,130.32532,6
ET030415,Were Ilu,2025-06-01,3.6511016,6
ET030416,Wegde,2025-06-01,33.88591,6
ET071502,Denba Gofa,2025-06-01,81.83044,6
ET041807,Anfilo,2025-06-01,187.3229,6
ET140111,Lemi Kura,2025-06-01,10.046332,6
ET041806,Denbi Dollo town,2025-06-01,194.31606,6
ET041805,Sayo,2025-06-01,68.91836,6
ET030417,Kombolcha town,2025-06-01,14.88086,6
ET041804,Gawo Kebe,2025-06-01,486.43893,6
ET030418,Dessie town,2025-06-01,15.656247,6
ET041808,Dale Sadi,2025-06-01,769.1449,6
ET030419,Mehal Sayint,2025-06-01,27.001192,6
ET041802,Yama Logi Welel,2025-06-01,64.49916,6
ET030420,Legehida,2025-06-01,0.9848639,6
ET140110,Gulele,2025-06-01,3.601316,6
ET041801,Hawa Galan,2025-06-01,279.6301,6
ET041799,Arsi Negele town,2025-06-01,60.897137,6
ET030421,Mekdela,2025-06-01,3.532137,6
ET071504,Uba Debre Tsehay,2025-06-01,360.94937,6
ET030422,Worebabu,2025-06-01,10.008377,6
ET041798,Bishan Guracha,2025-06-01,14.66108,6
ET041783,Heban Arsi,2025-06-01,55.1396,6
ET041803,Dale Wabera,2025-06-01,404.40125,6
ET030413,Kelela,2025-06-01,14.203043,6
ET041809,Gidami,2025-06-01,213.76651,6
ET041810,Jimma Horo,2025-06-01,210.84412,6
ET030404,Ambasel,2025-06-01,8.459934,6
ET030405,Thehulederie,2025-06-01,6.7779365,6
ET071403,Atote Ulo,2025-06-01,68.08984,6
ET041907,Jimma Rare,2025-06-01,10.585734,6
ET030406,Delanta,2025-06-01,2.8686094,6
ET041906,Jimma Genete,2025-06-01,8.709403,6
ET041905,Abay Chomen,2025-06-01,32.0234,6
ET030407,Kalu,2025-06-01,39.53804,6
ET041904,Ababo,2025-06-01,32.595253,6
ET150104,Malka Jabti /M.Jebdu),2025-06-01,12.859838,6
ET030408,Albuko,2025-06-01,15.845398,6
ET071404,Wera Djo,2025-06-01,49.107758,6
ET041903,Guduru,2025-06-01,23.232765,6
ET030409,Dessie Zuria,2025-06-01,6.2917566,6
ET041902,Shambu town,2025-06-01,10.814037,6
ET041901,Horo,2025-06-01,9.881657,6
ET030410,Legambo,2025-06-01,5.0117517,6
ET041812,Sedi Chenka,2025-06-01,156.82162,6
ET030411,Sayint,2025-06-01,58.953857,6
ET150103,Sabian,2025-06-01,105.772156,6
ET071501,Melekoza,2025-06-01,248.45663,6
ET041811,Lalo Kile,2025-06-01,549.7109,6
ET030412,Borena /Debresina,2025-06-01,124.14915,6
ET030425,Degolo town,2025-06-01,0.5021437,6
ET041711,Shashemene town,2025-06-01,126.2034,6
ET140109,Arada,2025-06-01,5.7581854,6
ET041710,Adaba,2025-06-01,0.9609449,6
ET071508,Bulike town,2025-06-01,19.521294,6
ET041622,Bedele Zuria,2025-06-01,44.105125,6
ET030512,Kewet,2025-06-01,10.543837,6
ET041621,Bedele town,2025-06-01,56.113274,6
ET140106,Kirkos,2025-06-01,8.5743,6
ET041618,Meko,2025-06-01,56.270905,6
ET041608,Dedesa,2025-06-01,51.406654,6
ET030513,Angolelana Tera,2025-06-01,0.8001628,6
ET030514,Assagirt,2025-06-01,1.9650481,6
ET071509,Melo Gada,2025-06-01,96.960266,6
ET041607,Borecha,2025-06-01,50.603935,6
ET030515,Ankober,2025-06-01,7.021911,6
ET041606,Gechi,2025-06-01,37.762306,6
ET041605,Dabo Hana,2025-06-01,48.35638,6
ET030516,Hagere Mariam,2025-06-01,2.1417294,6
ET140105,Lideta,2025-06-01,5.9601135,6
ET041604,Dega,2025-06-01,44.44185,6
ET030517,Berehet,2025-06-01,9.907235,6
ET071601,Basketo SP Woreda,2025-06-01,420.68402,6
ET041603,Chora (Buno Bedele),2025-06-01,40.616524,6
ET030518,Minjar Shenkora,2025-06-01,10.57716,6
ET041596,Birbirsa Kojowa,2025-06-01,20.705736,6
ET041594,Suro Berguda,2025-06-01,53.07974,6
ET030511,Mojan Wedera,2025-06-01,1.3180596,6
ET041908,Jarte Jardega,2025-06-01,6.992275,6
ET030510,Tarema Ber,2025-06-01,6.587442,6
ET030509,Menze Mama Midir,2025-06-01,1.1451784,6
ET030501,Mida Woremo,2025-06-01,42.76842,6
ET071505,Gezei Gofa,2025-06-01,28.3807,6
ET030502,Merhabete,2025-06-01,16.239092,6
ET041709,Nenesebo,2025-06-01,21.816414,6
ET041708,Kokosa,2025-06-01,7.9622874,6
ET030503,Ensaro,2025-06-01,4.7821074,6
ET041707,Dodola,2025-06-01,6.1107535,6
ET030504,Moretna Jiru,2025-06-01,2.3149107,6
ET041706,Gedeb Asasa,2025-06-01,1.8874583,6
ET140108,Addis Ketema,2025-06-01,6.7654295,6
ET071506,O'yida,2025-06-01,53.57138,6
ET030505,Menze Gera Midir,2025-06-01,3.4323204,6
ET041705,Kore,2025-06-01,5.338679,6
ET041704,Kofele,2025-06-01,4.261622,6
ET030506,Gishe Rabel,2025-06-01,1.0410798,6
ET041703,Arsi Negele,2025-06-01,75.05274,6
ET030507,Antsokiya,2025-06-01,5.9283147,6
ET030508,Eferatana Gidem,2025-06-01,10.679237,6
ET071507,Sawla town,2025-06-01,188.8661,6
ET041702,Shala,2025-06-01,48.610466,6
ET140107,Yeka,2025-06-01,10.348616,6
ET041701,Siraro,2025-06-01,217.24657,6
ET041700,Dodola town,2025-06-01,2.035192,6
ET041623,Chwaka,2025-06-01,1151.5767,6
ET050304,Gashamo,2025-06-01,13.507814,6
ET150105,Legehare,2025-06-01,59.361923,6
ET041910,Abe Dongoro,2025-06-01,45.554684,6
ET050204,Shabeeley,2025-06-01,5.5056686,6
ET160002,Hawassa Zuria,2025-06-01,215.42657,6
ET050203,Babile (SM),2025-06-01,30.188568,6
ET030206,Tach Gayint,2025-06-01,91.11393,6
ET071019,Kucha,2025-06-01,175.46506,6
ET030207,Semada,2025-06-01,332.70834,6
ET050202,Gursum (SM),2025-06-01,10.907739,6
ET050199,Gablalu,2025-06-01,37.576656,6
ET030208,East Esite,2025-06-01,294.98456,6
ET050198,Gota-Biki,2025-06-01,165.62187,6
ET030205,Lay Gayint,2025-06-01,122.91534,6
ET030209,Dera (AM),2025-06-01,743.6563,6
ET160001,Shebe Dino,2025-06-01,10.116814,6
ET071021,Arba Minch town,2025-06-01,485.2794,6
ET030210,Debre Tabor town,2025-06-01,257.7286,6
ET050106,Hadhagala,2025-06-01,35.054996,6
ET050105,Afdem,2025-06-01,42.69519,6
ET030211,Andabet/ West Esite,2025-06-01,124.641525,6
ET050104,Erer (SM),2025-06-01,77.23048,6
ET030212,Guna Begemider,2025-06-01,47.405033,6
ET030213,Mena Meketewa,2025-06-01,44.195515,6
ET071205,Alle Special,2025-06-01,97.97969,6
ET050107,Miesso,2025-06-01,33.01564,6
ET050205,Aw-Bare,2025-06-01,7.7660766,6
ET050206,Kebribeyah,2025-06-01,4.715639,6
ET030203,Fogera,2025-06-01,978.7836,6
ET050303,Aware,2025-06-01,13.46489,6
ET030102,Beyeda,2025-06-01,23.633121,6
ET050302,Degehabur,2025-06-01,15.406432,6
ET030103,Janamora,2025-06-01,95.57276,6
ET071016,Gacho Baba,2025-06-01,11.172919,6
ET160005,Aleta Wendo,2025-06-01,12.22271,6
ET050301,Degehamedo,2025-06-01,19.07853,6
ET050299,Harawo,2025-06-01,9.273832,6
ET030104,Debark,2025-06-01,63.443172,6
ET050297,Koran /Mulla,2025-06-01,4.27358,6
ET030105,Dabat,2025-06-01,119.769005,6
ET050296,Kebribayah town,2025-06-01,4.7937584,6
ET030119,Telemt,2025-06-01,220.64624,6
ET071017,Kucha Alpha,2025-06-01,35.078213,6
ET030198,Debark town,2025-06-01,12.891067,6
ET050295,Wajale town,2025-06-01,1.5191331,6
ET050293,Jigjiga town,2025-06-01,1.7185544,6
ET160003,Arbegona,2025-06-01,9.189696,6
ET050283,Tuliguled,2025-06-01,2.480293,6
ET030201,Ebenat,2025-06-01,237.70155,6
ET050207,Harshin,2025-06-01,4.0633574,6
ET030202,Libokemekem,2025-06-01,554.9411,6
ET071018,Garda Marta,2025-06-01,77.48322,6
ET050103,Shinile,2025-06-01,36.809364,6
ET150208,Biyoawale,2025-06-01,5.855746,6
ET050102,Dembel,2025-06-01,10.813253,6
ET050101,Ayisha,2025-06-01,21.77969,6
ET030310,Lasta,2025-06-01,30.279797,6
ET042011,Bereh,2025-06-01,0.5637616,6
ET150110,Gende Kore,2025-06-01,8.805333,6
ET071304,Kena,2025-06-01,58.44528,6
ET030311,Dawunt,2025-06-01,5.447434,6
ET042009,Sebeta town,2025-06-01,7.2651267,6
ET042008,Dukem,2025-06-01,1.8125927,6
ET030312,Gazo,2025-06-01,0.79009587,6
ET042006,Sebeta Hawas,2025-06-01,3.0995119,6
ET030313,Angot,2025-06-01,1.1132008,6
ET042005,Sululta town,2025-06-01,0.5190934,6
ET030398,Lalibela town,2025-06-01,2.96261,6
ET071401,Kulito town,2025-06-01,51.287624,6
ET150109,Addis Ketema (DD),2025-06-01,8.673677,6
ET042004,Lege Tafo-Lege Dadi town,2025-06-01,0.73672223,6
ET042001,Burayu,2025-06-01,7.431892,6
ET030399,Kobo town,2025-06-01,71.49838,6
ET041912,Horo Buluk,2025-06-01,7.8012433,6
ET030401,Argoba,2025-06-01,14.924311,6
ET041911,Choman Guduru,2025-06-01,11.14255,6
ET030402,Tenta,2025-06-01,2.0431159,6
ET071402,Wera,2025-06-01,70.31177,6
ET030403,Kutaber,2025-06-01,2.3501484,6
ET042012,Akaki,2025-06-01,2.3394895,6
ET041909,Amuru,2025-06-01,32.24422,6
ET030309,Woldiya town,2025-06-01,14.911972,6
ET042014,Welmera,2025-06-01,5.488563,6
ET030214,Sede Muja,2025-06-01,107.580956,6
ET042107,Ginir town,2025-06-01,8.692726,6
ET030293,Woreta town,2025-06-01,327.15027,6
ET030301,Bugna,2025-06-01,28.672321,6
ET071301,Karat town,2025-06-01,88.16827,6
ET042106,Dawe Ketchen,2025-06-01,19.663555,6
ET042105,Seweyna,2025-06-01,19.234419,6
ET030302,Raya Kobo,2025-06-01,92.103546,6
ET150207,Wahil,2025-06-01,4.567906,6
ET042104,Rayitu,2025-06-01,12.8820915,6
ET042102,Lege Hida,2025-06-01,11.612567,6
ET030303,Gidan,2025-06-01,2.690028,6
ET030304,Meket,2025-06-01,49.31777,6
ET071302,Segen Zuria,2025-06-01,82.122,6
ET042098,Gelana (Finfine),2025-06-01,1.43731,6
ET042020,Holeta town,2025-06-01,2.050198,6
ET030305,Wadla,2025-06-01,8.016695,6
ET042018,Sendafa town,2025-06-01,0.41338173,6
ET150206,Jeldessa,2025-06-01,6.4411473,6
ET042016,Mulo,2025-06-01,1.0050112,6
ET030307,Guba Lafto,2025-06-01,21.693735,6
ET030308,Habru,2025-06-01,58.41469,6
ET071303,Karat Zuria,2025-06-01,85.891304,6
ET042013,Sululta,2025-06-01,3.8877423,6
ET160037,Loka Abaya,2025-06-01,157.36809,6
