ADM3_PCODE,ADM3_EN,ADM1_EN,annual_need_al,annual_need_art,time_hr,burden_tier,population,weight,floor,time_norm,al_allocation,al_coverage_pct
ET010101,Tahtay Adiyabo,Tigray,13981.58,432.42,35.21515967610096,high,76768.17188,3,4194.474,0.8516894690980157,13981.58,100.0
ET010102,Laelay Adiabo,Tigray,0.0,0.0,33.760354051085685,moderate,63908.66797,2,0.0,0.8130969293020553,0.0,
ET010103,Zana,Tigray,9183.96,284.04,34.622718654093674,high,62728.41406,3,2755.1879999999996,0.8359734151280322,9183.96,100.0
ET010104,Tahtay Koraro,Tigray,9145.16,282.84000000000003,33.40617517561935,high,139743.6406,3,2743.548,0.8037014044901551,9145.16,100.0
ET010105,Asgede,Tigray,24020.11,742.89,35.34301681841471,high,115381.9609,3,7206.033,0.8550812155747242,24020.11,100.0
ET010106,Tselemti,Tigray,0.0,0.0,35.919108953558684,low,94959.0625,1,0.0,0.870363572385415,0.0,
ET010107,Sheraro town,Tigray,7932.66,245.34,35.59965695682664,high,33109.67969,3,2379.798,0.8618892692312388,7932.66,100.0
ET010108,Indasilassie town,Tigray,10707.83,331.17,33.06157705341427,high,61211.96094,3,3212.3489999999997,0.7945600343193646,10707.83,100.0
ET010109,Selekleka,Tigray,9374.08,289.92,34.00939521293293,moderate,103312.4375,2,937.408,0.8197034001488539,9374.08,100.0
ET010110,Seyemti Adyabo,Tigray,3069.08,94.92,34.678463821551475,low,61398.60156,1,0.0,0.8374522020921155,3069.08,100.0
ET010111,Adi Daero,Tigray,4569.67,141.32999999999998,33.91566724441478,moderate,24706.55078,2,456.96700000000004,0.8172170196366852,4569.67,100.0
ET010112,Adi Hageray,Tigray,4005.13,123.87,35.01197774274144,moderate,49906.78906,2,400.51300000000003,0.8462995347217893,4005.13,100.0
ET010113,Tsimbla,Tigray,7243.96,224.04,33.979368358637416,high,103628.2109,3,2173.188,0.8189068589825143,7243.96,100.0
ET010114,Endabaguna town,Tigray,2624.82,81.17999999999999,33.71144189904376,moderate,18734.40039,2,262.482,0.8117994060166582,2624.82,100.0
ET010115,Dima (TG),Tigray,0.0,0.0,38.871179091774536,low,94277.3125,1,0.0,0.9486749854914547,0.0,
ET010116,May Tsebri town,Tigray,2513.27,77.73,35.304645164503526,low,13814.865230000001,1,0.0,0.8540633066835699,2513.27,100.0
ET010201,Chila,Tigray,9470.11,292.89,34.940059649208976,moderate,69931.24219,2,947.0110000000001,0.8443917184204383,9470.11,100.0
ET010202,Aheferom,Tigray,2974.02,91.98,36.39995313023109,moderate,132776.7969,2,297.402,0.8831192269586442,2974.02,100.0
ET010203,Edaga arbi,Tigray,14896.29,460.71,36.84531820773062,moderate,60005.22656,2,1489.6290000000001,0.894933705251544,14896.29,100.0
ET010204,Adwa,Tigray,7321.5599999999995,226.44,35.86493851370652,moderate,134089.1406,2,732.156,0.8689265592066012,7321.56,100.0
ET010206,Tahtay Mayechew,Tigray,8835.73,273.27,34.33992772475173,moderate,97282.24219,2,883.573,0.8284716430652174,8835.73,100.0
ET010207,Adet,Tigray,10605.98,328.02,35.61549600238926,moderate,100417.5469,2,1060.598,0.8623094415110915,10605.98,100.0
ET010208,Kola Temben,Tigray,10177.24,314.76,30.659554854299174,high,88672.76563,3,3053.172,0.7308400873270259,10177.24,100.0
ET010209,Naeder,Tigray,7090.7,219.3,35.89362421572438,moderate,67300.11719,2,709.07,0.8696875227866586,7090.7,100.0
ET010210,Abergele (TG),Tigray,13263.78,410.21999999999997,30.59597706148324,high,118663.7031,3,3979.134,0.7291535194053749,13263.78,100.0
ET010211,Abi Adi town,Tigray,10143.289999999999,313.71000000000004,29.645065912137973,moderate,44343.5625,2,1014.329,0.7039281038979636,10143.29,100.0
ET010212,Adwa town,Tigray,7180.91,222.09,35.46118885147824,moderate,71894.5625,2,718.091,0.8582160390936571,7180.91,100.0
ET010213,Axum town,Tigray,7129.5,220.5,34.82413657666884,moderate,61710.24609,2,712.95,0.8413165544855805,7129.5,100.0
ET010214,Rama,Tigray,6879.24,212.76,35.71257483552915,moderate,77872.52344,2,687.924,0.8648847125073509,6879.24,100.0
ET010215,Ahsea,Tigray,5785.08,178.92000000000002,36.40702606369732,moderate,45235.21484,2,578.508,0.8833068550936859,5785.08,100.0
ET010216,Egela,Tigray,1573.34,48.66,38.42882778193152,low,62211.33203,1,0.0,0.9369404553003629,1573.34,100.0
ET010217,Hahayle,Tigray,4072.06,125.94,36.393191722644495,moderate,60581.46875,2,407.206,0.8829398628656853,4072.06,100.0
ET010218,Endafelasi,Tigray,10449.81,323.19,36.32276757520901,moderate,57795.08984,2,1044.981,0.8810716774079392,10449.81,100.0
ET010219,Emba Sieneti,Tigray,9269.32,286.68,30.965137489992102,moderate,74621.85156,2,926.932,0.7389464692560963,9269.32,100.0
ET010220,Enticho town,Tigray,2880.9,89.1,36.47938540690858,low,17965.87695,1,0.0,0.8852263767015711,2880.9,100.0
ET010221,Keyhe tekli,Tigray,20504.83,634.17,29.72407931085452,high,94632.53125,3,6151.4490000000005,0.7060241418029245,20504.83,100.0
ET010222,Tanqua Melashe,Tigray,5747.25,177.75,29.77400464155857,moderate,58853.30469,2,574.725,0.7073485423131317,5747.25,100.0
ET010301,Gulo Mekeda,Tigray,413.21999999999997,12.78,31.35308560656666,low,67497.30469,1,0.0,0.749237811872753,413.22,100.0
ET010302,Erob,Tigray,332.71,10.29,32.222737606419166,low,38974.55859,1,0.0,0.7723076150381015,332.71,100.0
ET010303,Saesie,Tigray,96.03,2.9699999999999998,30.538941110371724,low,77616.61719,1,0.0,0.7276404910150368,96.03,100.0
ET010304,Ganta Afeshum,Tigray,1526.78,47.22,30.94191096821375,low,103975.9844,1,0.0,0.7383303247687231,1526.78,100.0
ET010305,Hawzen,Tigray,14978.74,463.26,28.770900131818458,moderate,140246.6875,2,1497.874,0.6807385608516934,14978.74,100.0
ET010306,Kelete Awelallo,Tigray,1941.94,60.059999999999995,29.0504310487713,low,109890.4609,1,0.0,0.6881538525244835,1941.94,100.0
ET010307,Atsbi,Tigray,64.99,2.01,29.4365877864183,low,100307.5625,1,0.0,0.6983976741105895,64.99,100.0
ET010308,Adigrat town,Tigray,771.15,23.85,30.60451054003525,low,76739.30469,1,0.0,0.7293798923344822,771.15,100.0
ET010309,Wukro town,Tigray,1845.9099999999999,57.09,28.58314665461354,low,61042.94531,1,0.0,0.6757579067929873,1845.91,100.0
ET010310,Bizet,Tigray,2632.58,81.42,37.324334936799566,low,28751.14453,1,0.0,0.9076408819778713,2632.58,100.0
ET010311,Edaga Hamus town,Tigray,69.84,2.1599999999999997,30.04324501167263,low,11104.34375,1,0.0,0.714490850206117,69.84,100.0
ET010313,Freweyni town,Tigray,273.54,8.46,29.560748497033085,low,8496.842773,1,0.0,0.70169136302896,273.54,100.0
ET010314,Tsaeda Emba,Tigray,297.78999999999996,9.21,29.6848908952637,low,83239.54688,1,0.0,0.7049845661632486,297.79,100.0
ET010315,Atsbi town,Tigray,136.77,4.2299999999999995,29.28628068539354,low,5828.045898,1,0.0,0.6944103835212693,136.77,100.0
ET010316,Agulae,Tigray,743.02,22.98,28.53168216871623,low,92471.25,1,0.0,0.6743926761491688,743.02,100.0
ET010317,Geraleta,Tigray,1680.04,51.96,29.423475139391165,low,43799.01563,1,0.0,0.6980498267119243,1680.04,100.0
ET010318,Zala Anbesa town,Tigray,8.73,0.27,31.62019320231157,low,6125.855468999999,1,0.0,0.756323542324531,8.73,100.0
ET010401,Selewa,Tigray,482.09,14.91,30.636957073975683,low,35078.49219,1,0.0,0.7302406218579358,482.09,100.0
ET010403,Neqsege,Tigray,76.63,2.37,31.89595236234924,low,26856.91211,1,0.0,0.7636387782398051,76.63,100.0
ET010404,Emba Alaje,Tigray,229.89000000000001,7.109999999999999,29.873856671864075,low,83435.50781,1,0.0,0.7099973796471447,229.89,100.0
ET010405,Endamehoni,Tigray,119.31,3.69,31.093044027911063,low,87653.15625,1,0.0,0.7423395260809551,119.31,100.0
ET010406,Raya Azebo,Tigray,9077.26,280.74,31.464643839961557,high,135520.7031,3,2723.178,0.752197186986397,9077.26,100.0
ET010407,Raya Alamata,Tigray,6868.57,212.43,30.68415018096156,moderate,105069.7734,2,686.857,0.7314925429586866,6868.57,100.0
ET010408,Ofla,Tigray,541.26,16.740000000000002,32.199970328382435,low,98641.76563,1,0.0,0.7717036531970349,541.26,100.0
ET010409,Maichew town,Tigray,142.59,4.41,30.82615876803473,low,44826.9375,1,0.0,0.7352596936719867,142.59,100.0
ET010410,Korem town,Tigray,242.5,7.5,31.98959155342054,low,34318.83594,1,0.0,0.7661228036970497,242.5,100.0
ET010411,Alamata town,Tigray,2013.72,62.28,32.07910467734641,moderate,48623.09766,2,201.372,0.7684973743874356,2013.72,100.0
ET010412,Mekhoni town,Tigray,792.49,24.51,30.680082779521097,low,30142.62109,1,0.0,0.7313846444537192,792.49,100.0
ET010413,Zata,Tigray,496.64,15.36,32.952438509116064,low,44156.71484,1,0.0,0.7916648478135677,496.64,100.0
ET010414,Chercher,Tigray,5582.349999999999,172.65,31.91024664998501,moderate,62873.54688,2,558.235,0.7640179717588241,5582.35,100.0
ET010501,Kafta Humera,Tigray,6159.5,190.5,38.76406944038373,very high,209308.6875,4,3079.75,0.9458336206982798,6159.5,100.0
ET010502,Welkait,Tigray,4597.8,142.2,36.998332735067926,high,214182.5781,3,1379.34,0.8989928174340138,4597.8,100.0
ET010503,Tsegede (TG),Tigray,2177.6499999999996,67.35,29.22938138512416,moderate,128392.0703,2,217.765,0.6929009801533896,2177.65,100.0
ET010505,May Kadra,Tigray,0.0,0.0,31.809537520876116,low,42338.00781,1,0.0,0.761346397628149,0.0,
ET010506,Dansha town,Tigray,1586.92,49.08,30.29443024029728,low,27111.30078,1,0.0,0.7211541980549077,1586.92,100.0
ET010507,Awra (TG),Tigray,305.55,9.45,30.37487447830109,low,36405.52734,1,0.0,0.7232881927296156,305.55,100.0
ET010508,Korarit,Tigray,0.0,0.0,36.36831671093652,low,23982.265629999998,1,0.0,0.882279987853685,0.0,
ET010509,May Gaba,Tigray,0.0,0.0,35.13247407913256,low,8588.974609,1,0.0,0.8494960164905428,0.0,
ET010601,Saharti,Tigray,10559.42,326.58,28.893572554505408,moderate,81229.15625,2,1055.942,0.6839927690242548,10559.42,100.0
ET010603,Hintalo,Tigray,2268.83,70.17,28.78422485327195,low,120049.6406,1,0.0,0.681092034081465,2268.83,100.0
ET010605,Hagere Selam town,Tigray,923.4399999999999,28.56,28.819637138866334,low,13280.44824,1,0.0,0.6820314379561598,923.44,100.0
ET010606,Samre,Tigray,13663.42,422.58,29.67417023903222,high,112920.4609,3,4099.026,0.7047001726022546,13663.42,100.0
ET010607,Adigudom,Tigray,739.14,22.86,28.389158589814446,low,16065.87988,1,0.0,0.6706118639251494,739.14,100.0
ET010608,Wajirat,Tigray,275.48,8.52,29.531066145872927,low,62540.0,1,0.0,0.7009039607130155,275.48,100.0
ET010701,Mekelle,Tigray,13765.27,425.73,27.35673162112334,high,690907.6875,3,4129.581,0.6432240272337593,13765.27,100.0
ET020101,Dubti,Afar,326.89,10.11,21.99186754647355,low,64967.83594,1,0.0,0.500906918514396,326.89,100.0
ET020102,Elidar,Afar,842.9300000000001,26.07,25.476298476671047,low,52675.88672,1,0.0,0.5933405997070365,842.93,100.0
ET020103,Asayita,Afar,2409.48,74.52,23.985184945993357,moderate,38317.20313,2,240.948,0.5537848973620105,2409.48,100.0
ET020104,Afambo,Afar,3643.3199999999997,112.68,24.41529087582509,moderate,47474.01563,2,364.332,0.5651945866896383,3643.32,100.0
ET020105,Mile,Afar,4009.98,124.02,24.03207033109341,moderate,78430.23438,2,400.99800000000005,0.5550286553316044,4009.98,100.0
ET020106,Chifra,Afar,6185.69,191.31,25.728599241644027,moderate,105873.4219,2,618.569,0.6000335400870743,6185.69,100.0
ET020107,Dubti town,Afar,3261.14,100.86,22.306966666869425,low,4275.213867,1,0.0,0.5092657501922857,3261.14,100.0
ET020108,Kori,Afar,762.42,23.58,25.03059680127639,low,38652.23047,1,0.0,0.5815171922709992,762.42,100.0
ET020109,Adar,Afar,4396.04,135.95999999999998,24.836072437778057,moderate,55602.28516,2,439.60400000000004,0.576356922671743,4396.04,100.0
ET020110,Gerani,Afar,1987.53,61.47,23.818268338958088,low,40508.15625,1,0.0,0.5493569960060836,1987.53,100.0
ET020111,Asayita town,Afar,1838.15,56.849999999999994,23.523121569476157,moderate,21192.31836,2,183.81500000000003,0.5415274528348019,1838.15,100.0
ET020198,Samera Logiya town,Afar,9557.41,295.59000000000003,22.02397741223716,moderate,51074.67188,2,955.741,0.5017587170303056,9557.41,100.0
ET020201,Erebti,Afar,3329.04,102.96,30.93142246769715,low,87626.75781,1,0.0,0.7380520897477507,3329.04,100.0
ET020202,Kunneba,Afar,1558.79,48.21,30.421026288027694,low,127905.8672,1,0.0,0.7245124906859222,1558.79,100.0
ET020203,Abaala,Afar,1598.56,49.44,28.740641213913108,low,117100.6641,1,0.0,0.6799358635886603,1598.56,100.0
ET020205,Berahile,Afar,3300.91,102.09,31.05008112094284,moderate,278100.125,2,330.091,0.7411998221449713,3300.91,100.0
ET020206,Dalol,Afar,1346.36,41.64,32.74629766798664,moderate,173661.5156,2,134.636,0.7861964206380978,1346.36,100.0
ET020207,Afdera,Afar,2162.13,66.86999999999999,31.06434434518056,low,155994.3281,1,0.0,0.7415781916257789,2162.13,100.0
ET020208,Bidu,Afar,171.69,5.31,26.030737459367515,low,111874.2344,1,0.0,0.6080485497838177,171.69,100.0
ET020209,Abaala town,Afar,2538.49,78.51,28.63626939878377,low,52975.00781,1,0.0,0.6771671270923925,2538.49,100.0
ET020301,Amibara,Afar,8083.98,250.02,13.013190948818425,high,79174.40625,3,2425.194,0.26272394207283517,8083.98,100.0
ET020302,Awash,Afar,4421.26,136.74,12.33530779192117,moderate,30405.76367,2,442.12600000000003,0.24474131108782382,4421.26,100.0
ET020303,Gewane,Afar,2406.57,74.43,27.03685005166807,low,304399.375,1,0.0,0.6347383285349607,2406.57,100.0
ET020304,Dulecha,Afar,3796.58,117.42,13.691945866445543,moderate,42316.15625,2,379.658,0.2807296988006134,3796.58,100.0
ET020305,Gelalu,Afar,2437.61,75.39,16.714338958485428,moderate,63986.0,2,243.76100000000002,0.36090661293810183,2437.61,100.0
ET020306,Arguba,Afar,620.8,19.2,12.377551205849908,low,35330.5625,1,0.0,0.24586192858141162,620.8,100.0
ET020307,Hanruka,Afar,2405.6,74.39999999999999,14.375967353543674,moderate,39276.27344,2,240.56,0.29887516511460943,2405.6,100.0
ET020396,Awash town,Afar,461.72,14.28,12.243144963528977,low,38799.12109,1,0.0,0.24229645002784775,461.72,100.0
ET020401,Awra (AF),Afar,5226.36,161.64,24.200401836068693,moderate,72514.6875,2,522.636,0.5594940905711776,5226.36,100.0
ET020402,Euwa,Afar,4637.57,143.43,29.44789894568129,moderate,65859.91406,2,463.757,0.698697732315266,4637.57,100.0
ET020403,Teru,Afar,4821.87,149.13,25.816058294562048,moderate,215555.125,2,482.187,0.6023536211496013,4821.87,100.0
ET020404,Yalo,Afar,6620.25,204.75,32.520849007056114,moderate,169032.6406,2,662.0250000000001,0.7802158028364475,6620.25,100.0
ET020405,Gulina,Afar,7957.88,246.12,27.089116148688436,high,295077.3438,3,2387.364,0.6361248240189996,7957.88,100.0
ET020501,Telalek,Afar,4565.79,141.21,20.541625631519288,moderate,24581.10547,2,456.579,0.4624354431129626,4565.79,100.0
ET020502,Samurobi,Afar,535.4399999999999,16.560000000000002,23.07738096734224,low,29367.64844,1,0.0,0.5297030127647767,535.44,100.0
ET020503,Dawe,Afar,2084.5299999999997,64.47,20.629812122310444,low,26816.91602,1,0.0,0.4647748213754628,2084.53,100.0
ET020504,Dalefage,Afar,6809.4,210.6,21.3995124565806,moderate,34967.83984,2,680.94,0.48519314411941905,6809.4,100.0
ET020505,Hadelela,Afar,4781.13,147.87,22.198616940973515,moderate,18466.41211,2,478.11300000000006,0.5063914891661948,4781.13,100.0
ET030101,Addi Arekay,Amhara,21020.87,650.13,36.4934781263615,high,173719.9531,3,6306.2609999999995,0.8856002230951845,21020.87,100.0
ET030102,Beyeda,Amhara,1511.26,46.74,31.522907017846528,low,127795.75,1,0.0,0.7537427707898287,1511.26,100.0
ET030103,Janamora,Amhara,7685.3099999999995,237.69,30.962248981059776,moderate,212455.8906,2,768.531,0.7388698439709002,7685.31,100.0
ET030104,Debark,Amhara,14032.99,434.01,28.77470687836232,moderate,163338.7344,2,1403.299,0.6808395448009997,14032.99,100.0
ET030105,Dabat,Amhara,7602.86,235.14,28.25055101226344,moderate,158555.4531,2,760.2860000000001,0.6669349339211135,7602.86,100.0
ET030119,Telemt,Amhara,21400.14,661.86,35.19117557316736,high,109410.2031,3,6420.0419999999995,0.8510532277809492,21400.14,100.0
ET030198,Debark town,Amhara,1898.29,58.71,27.82947190787133,low,50395.05078,1,0.0,0.6557647048444083,1898.29,100.0
ET030201,Ebenat,Amhara,20345.75,629.25,25.025239150538148,high,192716.8125,3,6103.724999999999,0.5813750665149716,20345.75,100.0
ET030202,Libokemekem,Amhara,52843.66,1634.34,23.636355993926912,very high,229955.1094,4,26421.83,0.5445312933181946,26421.83,50.0
ET030203,Fogera,Amhara,64592.3,1997.6999999999998,22.87312813093839,very high,284817.2813,4,32296.15,0.5242846698729072,32296.15,50.0
ET030205,Lay Gayint,Amhara,5547.43,171.57,25.51766363713781,moderate,221991.375,2,554.743,0.5944379192210871,5547.43,100.0
ET030206,Tach Gayint,Amhara,3922.6800000000003,121.32,26.75104872247416,moderate,135362.8125,2,392.26800000000003,0.6271566977101978,3922.68,100.0
ET030207,Semada,Amhara,20477.67,633.33,25.767463586305897,high,155090.0,3,6143.3009999999995,0.6010645188942888,20477.67,100.0
ET030208,East Esite,Amhara,32430.01,1002.99,24.81513643514063,high,265349.75,3,9729.002999999999,0.5758015402199156,32430.01,100.0
ET030209,Dera (AM),Amhara,116499.91,3603.09,23.179912478143606,very high,309100.7188,4,58249.955,0.5324229303557608,58249.955,50.0
ET030210,Debre Tabor town,Amhara,41497.57,1283.43,23.95021150269876,high,234441.1719,3,12449.270999999999,0.5528571349317998,12449.271,30.0
ET030211,Andabet/ West Esite,Amhara,32346.59,1000.41,25.0035126862113,high,134404.0938,3,9703.976999999999,0.5807987149909317,32346.59,100.0
ET030212,Guna Begemider,Amhara,12205.509999999998,377.49,24.93917209230299,moderate,74397.89063,2,1220.551,0.5790919117670467,12205.51,100.0
ET030213,Mena Meketewa,Amhara,1300.77,40.23,25.484733303196155,moderate,56968.22656,2,130.077,0.5935643556320515,1300.77,100.0
ET030214,Sede Muja,Amhara,8058.76,249.24,26.165962780481827,moderate,107193.6641,2,805.8760000000001,0.6116357565534306,8058.76,100.0
ET030293,Woreta town,Amhara,26029.95,805.05,22.62569231183877,high,24807.08398,3,7808.985,0.5177207849584204,26029.95,100.0
ET030301,Bugna,Amhara,7425.35,229.65,26.80433439486004,moderate,130001.40629999999,2,742.5350000000001,0.628570240108403,7425.35,100.0
ET030302,Raya Kobo,Amhara,10513.83,325.16999999999996,21.31955034862717,moderate,256107.9063,2,1051.383,0.4830719392104615,10513.83,100.0
ET030303,Gidan,Amhara,923.44,28.56,22.318100654392254,low,181736.5,1,0.0,0.5095611084512682,923.44,100.0
ET030304,Meket,Amhara,11912.57,368.43,22.638722914921352,moderate,159029.3438,2,1191.257,0.5180664559259937,11912.57,100.0
ET030305,Wadla,Amhara,1468.58,45.42,21.640212000373477,low,176217.7188,1,0.0,0.49157833164067205,1468.58,100.0
ET030307,Guba Lafto,Amhara,7378.79,228.20999999999998,20.28300802647204,moderate,93176.32031,2,737.879,0.4555749319607479,7378.79,100.0
ET030308,Habru,Amhara,5593.02,172.98,19.936712474424567,moderate,218811.8438,2,559.302,0.4463885330056189,5593.02,100.0
ET030309,Woldiya town,Amhara,1937.09,59.91,20.03860039447689,low,146261.8906,1,0.0,0.44909137766179463,1937.09,100.0
ET030310,Lasta,Amhara,13397.64,414.36,20.249285920744427,moderate,165553.5469,2,1339.7640000000001,0.45468036454574856,13397.64,100.0
ET030311,Dawunt,Amhara,505.37,15.629999999999999,20.38165031873656,low,91695.21875,1,0.0,0.4581916778162249,505.37,100.0
ET030312,Gazo,Amhara,350.17,10.83,21.09422159866493,low,10083.60352,1,0.0,0.47709450236215367,350.17,100.0
ET030313,Angot,Amhara,56.26,1.74,22.040743461904164,low,100594.03129999999,1,0.0,0.5022034805285139,56.26,100.0
ET030398,Lalibela town,Amhara,2766.44,85.56,20.093006431518997,low,32344.28711,1,0.0,0.450534640674794,2766.44,100.0
ET030399,Kobo town,Amhara,13383.09,413.90999999999997,21.438601492344752,moderate,46035.23438,2,1338.3090000000002,0.48623008344820257,13383.09,100.0
ET030401,Argoba,Amhara,1650.94,51.06,18.6404476549682,low,48733.98438,1,0.0,0.4120017044349994,1650.94,100.0
ET030402,Tenta,Amhara,524.77,16.23,19.004552056289747,low,197347.0469,1,0.0,0.4216605298865016,524.77,100.0
ET030403,Kutaber,Amhara,777.9399999999999,24.06,17.662574040291027,low,94863.46875,1,0.0,0.38606103872616826,777.94,100.0
ET030404,Ambasel,Amhara,616.92,19.08,18.9185239191496,low,143146.1875,1,0.0,0.4193784076228359,616.92,100.0
ET030405,Thehulederie,Amhara,672.21,20.79,17.533814029519917,low,106713.2734,1,0.0,0.3826453412925264,672.21,100.0
ET030406,Delanta,Amhara,278.39,8.61,19.641231005347173,low,161019.8906,1,0.0,0.4385501110485836,278.39,100.0
ET030407,Kalu,Amhara,2282.41,70.59,18.132856792751788,moderate,224695.7031,2,228.24099999999999,0.3985365237859027,2282.41,100.0
ET030408,Albuko,Amhara,329.8,10.2,17.92254230398673,moderate,92162.05469,2,32.980000000000004,0.3929573796461161,329.8,100.0
ET030409,Dessie Zuria,Amhara,321.07,9.93,18.55334348279507,moderate,209756.7031,2,32.107,0.40969103751621405,321.07,100.0
ET030410,Legambo,Amhara,758.54,23.46,18.599851270358457,low,189240.625,1,0.0,0.41092477871950583,758.54,100.0
ET030411,Sayint,Amhara,4758.82,147.18,22.04773320565393,moderate,185065.6406,2,475.882,0.5023889018378546,4758.82,100.0
ET030412,Borena /Debresina,Amhara,4796.65,148.35,21.934114792345152,moderate,204467.6875,2,479.66499999999996,0.49937487504157596,4796.65,100.0
ET030413,Kelela,Amhara,2419.18,74.82,21.13743201750436,low,163861.7344,1,0.0,0.4782407722005338,2419.18,100.0
ET030415,Were Ilu,Amhara,711.01,21.99,18.9305643861856,low,146161.9375,1,0.0,0.41969781263149053,711.01,100.0
ET030416,Wegde,Amhara,1325.99,41.01,20.18592224622774,low,199525.6094,1,0.0,0.45299947667429985,1325.99,100.0
ET030417,Kombolcha town,Amhara,2029.24,62.76,17.262643540395615,low,167670.0625,1,0.0,0.37545183192394,2029.24,100.0
ET030418,Dessie town,Amhara,679.97,21.03,16.9292622364676,low,265700.5625,1,0.0,0.3666080173154173,679.97,100.0
ET030419,Mehal Sayint,Amhara,2844.04,87.96000000000001,22.099103160490724,low,94103.01563,1,0.0,0.5037516247970367,2844.04,100.0
ET030420,Legehida,Amhara,207.57999999999998,6.419999999999999,19.42529550239769,low,108839.8359,1,0.0,0.43282185474571766,207.58,100.0
ET030421,Mekdela,Amhara,1079.61,33.39,20.147807389651227,low,188344.2813,1,0.0,0.45198838000684577,1079.61,100.0
ET030422,Worebabu,Amhara,646.02,19.98,18.786687582500907,low,107890.3984,1,0.0,0.41588110256628247,646.02,100.0
ET030425,Degolo town,Amhara,215.34,6.66,20.000813788367864,low,16402.86719,1,0.0,0.44808898870003794,215.34,100.0
ET030501,Mida Woremo,Amhara,2976.93,92.07,21.3014590147107,moderate,131582.9063,2,297.693,0.4825920190670911,2976.93,100.0
ET030502,Merhabete,Amhara,889.49,27.509999999999998,7.987433381837469,low,147133.6719,1,0.0,0.12940252402667873,889.49,100.0
ET030503,Ensaro,Amhara,689.67,21.33,6.941357818876651,low,77592.11719,1,0.0,0.10165262252851595,689.67,100.0
ET030504,Moretna Jiru,Amhara,371.51,11.49,6.185464056398223,low,118750.5,1,0.0,0.08160055535998226,371.51,100.0
ET030505,Menze Gera Midir,Amhara,205.64,6.359999999999999,21.3499587291894,low,154313.8906,1,0.0,0.4838786013629852,205.64,100.0
ET030506,Gishe Rabel,Amhara,441.35,13.649999999999999,20.018206158807256,low,82048.92969,1,0.0,0.44855036700156964,441.35,100.0
ET030507,Antsokiya,Amhara,458.81,14.19,19.14754087290335,low,93380.32813,1,0.0,0.4254536837626284,458.81,100.0
ET030508,Eferatana Gidem,Amhara,586.85,18.15,20.84513292244319,low,106308.1797,1,0.0,0.47048677107179,586.85,100.0
ET030509,Menze Mama Midir,Amhara,42.68,1.3199999999999998,22.86713429919451,low,81607.97656,1,0.0,0.5241256677449745,42.68,100.0
ET030510,Tarema Ber,Amhara,76.63,2.3699999999999997,22.319956694013698,low,90723.65625,1,0.0,0.5096103447765352,76.63,100.0
ET030511,Mojan Wedera,Amhara,32.98,1.02,12.709681094955693,low,80263.34375,1,0.0,0.2546725461253246,32.98,100.0
ET030512,Kewet,Amhara,230.85999999999999,7.14,21.749494310550403,low,116962.2891,1,0.0,0.4944773319139582,230.86,100.0
ET030513,Angolelana Tera,Amhara,0.0,0.0,10.32298891050159,low,104814.7969,1,0.0,0.19135926803136244,0.0,
ET030514,Assagirt,Amhara,32.01,0.99,10.187803218443864,low,62890.26953,1,0.0,0.18777311252654894,32.01,100.0
ET030515,Ankober,Amhara,37.83,1.17,11.674681852125836,low,101419.5703,1,0.0,0.2272164731071297,37.83,100.0
ET030516,Hagere Mariam,Amhara,23.28,0.72,10.27517953221055,low,70878.71875,1,0.0,0.19009099871579827,23.28,100.0
ET030517,Berehet,Amhara,443.29,13.709999999999999,12.482402030433589,low,41791.07422,1,0.0,0.2486433720614246,443.29,100.0
ET030518,Minjar Shenkora,Amhara,697.4300000000001,21.57,11.080808751334605,low,153028.3594,1,0.0,0.21146242948649457,697.43,100.0
ET030519,Basona Worena,Amhara,14.549999999999999,0.44999999999999996,10.61425305367658,low,99478.96875,1,0.0,0.19908581434334766,14.55,100.0
ET030520,Debre Berhan town,Amhara,475.3,14.7,10.25308813814116,low,165891.0313,1,0.0,0.1895049664719635,475.3,100.0
ET030521,Menze Keya Gabriel,Amhara,357.93,11.07,19.894827784646942,low,66335.52344,1,0.0,0.4452774316122163,357.93,100.0
ET030522,Menze Lalo Midir,Amhara,79.54,2.46,23.687927988535325,low,18796.96875,1,0.0,0.5458993759129133,79.54,100.0
ET030523,Siya Debirna Wayu,Amhara,56.26,1.74,7.005646640528076,low,71994.28906,1,0.0,0.10335805235732348,56.26,100.0
ET030595,Shoa Robit,Amhara,4709.349999999999,145.65,21.66250038477805,moderate,24670.20117,2,470.93499999999995,0.4921695895704811,4709.35,100.0
ET030601,Bibugn,Amhara,1210.56,37.44,26.020890403321225,low,146084.5313,1,0.0,0.6077873307619739,1210.56,100.0
ET030602,Hulet Ej Enese,Amhara,8744.55,270.45,27.850531319527757,moderate,401249.9375,2,874.4549999999999,0.6563233610445599,8744.55,100.0
ET030603,Goncha Siso Enebse,Amhara,7077.12,218.88,27.92129995146535,moderate,134361.2656,2,707.712,0.6582006848584052,7077.12,100.0
ET030604,Enebse Sarmder,Amhara,3851.87,119.13,28.54490648594064,moderate,145680.7344,2,385.187,0.6747434858930835,3851.87,100.0
ET030605,Enarj Enawga,Amhara,3665.63,113.37,29.026211163279022,low,235820.9531,1,0.0,0.6875113564558388,3665.63,100.0
ET030606,Enemay,Amhara,11707.9,362.09999999999997,10.625669446593443,moderate,213536.2188,2,1170.79,0.1993886641470565,11707.9,100.0
ET030607,Debay Telatgen,Amhara,1552.97,48.03,28.691819343640525,low,196693.7813,1,0.0,0.6786407352642918,1552.97,100.0
ET030608,Debre Elias,Amhara,12195.81,377.19,27.920748891838898,high,111098.96879999999,3,3658.743,0.6581860665546276,12195.81,100.0
ET030609,Michakel,Amhara,3046.77,94.23,26.657260806598902,low,159266.5938,1,0.0,0.624668726936949,3046.77,100.0
ET030610,Guzamn,Amhara,12339.369999999999,381.63,27.137987325196438,high,177921.0469,3,3701.8109999999997,0.63742126032075,12339.37,100.0
ET030611,Baso Liben,Amhara,26193.88,810.12,28.77353552417309,very high,248062.6406,4,13096.94,0.6808084715549346,26193.88,100.0
ET030612,Awabel,Amhara,9061.74,280.26,10.19267634405494,moderate,154162.375,2,906.174,0.18790238498112455,9061.74,100.0
ET030613,Dejen,Amhara,10720.439999999999,331.56,10.446004990137324,moderate,121169.3828,2,1072.0439999999999,0.19462259260699794,10720.44,100.0
ET030614,Shebel Bernta,Amhara,5898.570000000001,182.42999999999998,10.967596374043714,moderate,159042.5313,2,589.8570000000001,0.20845917386191717,5898.57,100.0
ET030615,Debre Markos town,Amhara,4242.78,131.22,27.6143006068302,moderate,111967.8672,2,424.278,0.650056721004099,4242.78,100.0
ET030616,Senan,Amhara,90.21000000000001,2.79,27.11638658925809,low,76851.35938,1,0.0,0.6368482440724014,90.21,100.0
ET030617,Aneded,Amhara,9826.1,303.9,28.64022485232335,moderate,131616.3594,2,982.6100000000001,0.6772720558852926,9826.1,100.0
ET030619,Sedae,Amhara,1378.37,42.629999999999995,26.6797418427904,low,57415.88672,1,0.0,0.6252650954613459,1378.37,100.0
ET030694,Mota Town,Amhara,3051.62,94.38,27.8873250227249,low,42070.39844,1,0.0,0.6572994106490297,3051.62,100.0
ET030701,Semen Achefer,Amhara,9587.48,296.52,22.497041770863973,moderate,292397.2813,2,958.748,0.5143079914986142,9587.48,100.0
ET030704,Mecha,Amhara,9100.54,281.46000000000004,21.84965106361271,moderate,299219.8125,2,910.0540000000001,0.4971342528193545,9100.54,100.0
ET030705,Sekela,Amhara,3197.12,98.88,23.90809031450917,moderate,190051.375,2,319.712,0.5517397597969306,3197.12,100.0
ET030706,Quarit,Amhara,7786.1900000000005,240.81,24.64510296620288,moderate,82281.10938,2,778.6190000000001,0.5712909559165614,7786.19,100.0
ET030707,Dega Damot,Amhara,1702.35,52.65,25.24112389460398,moderate,200007.1875,2,170.235,0.5871019763051464,1702.35,100.0
ET030708,Dembecha,Amhara,14463.67,447.33,26.64171796681812,moderate,172013.25,2,1446.3670000000002,0.6242564122933513,14463.67,100.0
ET030710,Bure (AM),Amhara,16440.53,508.46999999999997,25.752626613074995,moderate,155382.625,2,1644.0529999999999,0.6006709292146647,16440.53,100.0
ET030711,Wemberma,Amhara,35899.7,1110.3,24.850600228136784,high,133586.7188,3,10769.909999999998,0.5767423104637105,10769.91,30.0
ET030712,Bahir Dar town,Amhara,148031.69999999998,4578.3,21.00970983869265,very high,475017.4063,4,74015.84999999999,0.4748526059851565,74015.85,50.0
ET030713,Debub Achefer,Amhara,9458.47,292.53,23.61957639498433,moderate,196715.4531,2,945.847,0.5440861703898686,9458.47,100.0
ET030714,Finote Selam town,Amhara,102197.26,3160.7400000000002,25.743369753821145,very high,47011.75,4,51098.63,0.6004253667127077,51098.63,50.0
ET030715,Debub Mecha,Amhara,3177.72,98.28,22.692140742879324,low,556294.0,1,0.0,0.519483504097814,3177.72,100.0
ET030718,Gonje,Amhara,5302.02,163.98000000000002,24.300078455065584,moderate,119717.84379999999,2,530.2020000000001,0.5621382746595667,5302.02,100.0
ET030798,Bure town,Amhara,7243.96,224.04,25.249892377131275,moderate,41180.48828,2,724.3960000000001,0.5873345833318626,7243.96,100.0
ET030799,Adete town,Amhara,8645.61,267.39,23.329359572020326,moderate,10648.38867,2,864.5610000000001,0.5363874069969392,8645.61,100.0
ET030801,Zequala,Amhara,13246.32,409.68,32.800441331734355,moderate,87325.4375,2,1324.632,0.787632723510422,13246.32,100.0
ET030803,Dehana,Amhara,4876.19,150.81,28.75823834713544,moderate,151157.875,2,487.61899999999997,0.6804026737607549,4876.19,100.0
ET030804,Gaz Gibla,Amhara,3243.68,100.32,29.0689500874546,low,114654.65629999999,1,0.0,0.6886451186600269,3243.68,100.0
ET030805,Abergele (AM),Amhara,14550.0,450.0,30.351879004079965,moderate,77824.38281,2,1455.0,0.722678177385472,14550.0,100.0
ET030806,Sahila,Amhara,11522.63,356.37,32.050945799729554,moderate,47086.53125,2,1152.263,0.7677503862081545,11522.63,100.0
ET030807,Sekota town,Amhara,2989.54,92.46000000000001,30.31592779696589,moderate,52946.96484,2,298.954,0.7217244772021584,2989.54,100.0
ET030808,Tsagbeji,Amhara,804.1299999999999,24.87,29.704316845239997,low,35441.40234,1,0.0,0.705499890502558,804.13,100.0
ET030901,Dangila,Amhara,11641.94,360.06,23.37992512831916,moderate,171843.7188,2,1164.1940000000002,0.5377287911724006,11641.94,100.0
ET030903,Ankasha,Amhara,11343.18,350.82,25.145086319393364,moderate,135310.6563,2,1134.318,0.5845543274099998,11343.18,100.0
ET030904,Guangua,Amhara,50294.5,1555.5,26.09059783272168,high,301561.2188,3,15088.349999999999,0.6096365033916047,15088.35,30.0
ET030905,Fagta Lakoma,Amhara,2234.88,69.12,24.29558691096905,low,142456.9375,1,0.0,0.5620191246567688,2234.88,100.0
ET030906,Jawi,Amhara,26923.32,832.6800000000001,25.08483618432429,very high,143820.5469,4,13461.66,0.5829560343491376,26923.32,100.0
ET030907,Guagusa Shikudad,Amhara,4777.25,147.75,24.757478200724847,moderate,102567.0781,2,477.725,0.5742720041306992,4777.25,100.0
ET030908,Ayehu Guwagusa,Amhara,59834.45,1850.55,25.587471682870184,very high,134165.3125,4,29917.225,0.5962897609631594,29917.225,50.0
ET030996,Injibara town,Amhara,11733.12,362.88,24.17978157448669,moderate,41916.48828,2,1173.3120000000001,0.5589470839800406,11733.12,100.0
ET030997,Zigem,Amhara,47709.45,1475.55,26.479559153166043,high,10689.8252,3,14312.835,0.6199547239017713,14312.835,30.0
ET030998,Dangila town,Amhara,1636.39,50.61,23.203816523856965,low,38112.05469,1,0.0,0.5330570479448151,1636.39,100.0
ET030999,Chagni town,Amhara,45850.93,1418.07,25.26002446543661,high,60168.74219,3,13755.279,0.5876033635829259,13755.279,30.0
ET031001,Dewa Cheffa,Amhara,1322.1100000000001,40.89,18.56553213788689,moderate,183469.7344,2,132.211,0.4100143736022189,1322.11,100.0
ET031002,Bati,Amhara,891.43,27.57,18.871346655429555,low,97891.90625,1,0.0,0.41812690680631875,891.43,100.0
ET031003,Jilye Tumuga,Amhara,1830.3899999999999,56.61,20.91803061113048,moderate,80322.84375,2,183.039,0.47242057370722323,1830.39,100.0
ET031004,Artuma Fursi,Amhara,648.93,20.07,20.12521085653175,low,82204.33594,1,0.0,0.45138894762311754,648.93,100.0
ET031005,Dewa Harewa,Amhara,720.71,22.29,19.47539410338213,low,53744.26953,1,0.0,0.4341508517051524,720.71,100.0
ET031006,Kemisie town,Amhara,1399.71,43.29,18.8078296777008,low,21570.27148,1,0.0,0.4164419521645669,1399.71,100.0
ET031099,Bati Town,Amhara,448.14,13.86,18.49921543704547,low,26909.62109,1,0.0,0.4082551489523057,448.14,100.0
ET031106,Chilga 1,Amhara,21160.55,654.4499999999999,26.683505753602404,high,164180.2031,3,6348.165,0.62536494308037,21160.55,100.0
ET031107,Tegede,Amhara,14519.93,449.07,30.253294667592897,very high,210542.9531,4,7259.965,0.7200629689591947,14519.93,100.0
ET031108,Lay Armacho,Amhara,4871.34,150.66,25.950598661301893,moderate,239219.125,2,487.134,0.6059226577056128,4871.34,100.0
ET031109,Wegera,Amhara,3247.56,100.44,26.329769135996894,moderate,205883.0625,2,324.75600000000003,0.6159811503196804,3247.56,100.0
ET031110,Gonder Zuria,Amhara,40489.74,1252.26,26.071057303620574,very high,233485.0156,4,20244.87,0.6091181395401034,40489.74,100.0
ET031111,East Dembia,Amhara,30682.07,948.93,25.65862348762606,very high,145165.0,4,15341.035,0.5981772494422933,30682.07,100.0
ET031115,Alefa,Amhara,4916.93,152.07,23.94182133912142,high,353461.9063,3,1475.079,0.5526345638087676,4916.93,100.0
ET031116,West Belesa,Amhara,23400.28,723.72,27.02361175779456,high,224964.8594,3,7020.084,0.6343871480237232,23400.28,100.0
ET031117,East Belesa,Amhara,13412.19,414.81,26.18722504840328,very high,114071.9766,4,6706.095,0.6121997940487506,13412.19,100.0
ET031118,Gondar town,Amhara,32043.949999999997,991.05,25.117673409996563,high,450757.5,3,9613.185,0.5838271279968081,32043.95,100.0
ET031119,Masero Denb /Central Armacho,Amhara,4945.0599999999995,152.94,29.421613444390484,high,103414.5547,3,1483.5179999999998,0.698000440362871,4945.06,100.0
ET031120,Tach Armacho,Amhara,16109.76,498.24,26.88726465535142,very high,167483.9219,4,8054.88,0.6307701830583551,16109.76,100.0
ET031121,Takusa,Amhara,8973.47,277.53000000000003,28.46506037774255,high,264550.8125,3,2692.0409999999997,0.6726253581822733,8973.47,100.0
ET031122,Kinfaz Begela,Amhara,10777.67,333.33,28.2465470077474,high,164856.1406,3,3233.301,0.6668287171860586,10777.67,100.0
ET031125,West Dembiya,Amhara,24599.2,760.8,26.403277559990617,very high,197898.1563,4,12299.6,0.6179311543130223,24599.2,100.0
ET031205,Adagn Ager Chaqo,Amhara,8777.53,271.47,27.855729685665565,high,37628.69531,3,2633.259,0.6564612613582498,8777.53,100.0
ET031206,Mirab Armacho,Amhara,23406.1,723.9,31.65766366262065,very high,46034.66797,4,11703.05,0.757317544688686,23406.1,100.0
ET031213,Metema,Amhara,39166.66,1211.34,29.463903108030493,very high,219847.4531,4,19583.33,0.6991222847515107,39166.66,100.0
ET031214,Quara,Amhara,33971.34,1050.66,27.54676415922927,very high,310854.9063,4,16985.67,0.6482651393681059,33971.34,100.0
ET031292,Gendawuha town,Amhara,8067.49,249.51,29.429749984520623,high,75816.33594,3,2420.247,0.6982162834579034,8067.49,100.0
ET040101,Mana Sibu,Oromia,70183.38,2170.62,30.697817934040224,very high,168891.3281,4,35091.69,0.7318551160031812,35091.69,50.0
ET040102,Nejo,Oromia,101985.8,3154.2,20.25580217516152,very high,89024.51563,4,50992.9,0.4548532253070682,50992.9,50.0
ET040103,Gimbi,Oromia,85111.68,2632.32,17.836295947079858,very high,99077.96875,4,42555.84,0.39066946853005197,42555.84,50.0
ET040104,Lalo Asabi,Oromia,63875.47,1975.53,18.736093498967605,very high,106201.5391,4,31937.735,0.414538961631009,31937.735,50.0
ET040105,Kiltu Kara,Oromia,57307.6,1772.4,30.964081826393837,high,65031.48828,3,17192.28,0.7389184650067817,17192.28,30.0
ET040106,Boji Dirmeji,Oromia,37100.56,1147.44,19.5607233436448,high,47625.49609,3,11130.168,0.43641443389370876,11130.168,30.0
ET040107,Ayira,Oromia,63485.53,1963.47,20.55719906668648,very high,87193.16406,4,31742.765,0.46284856937953395,31742.765,50.0
ET040109,Gudetu Kondole,Oromia,72017.65,2227.35,28.9114111519083,very high,350060.5,4,36008.825,0.684465984667869,36008.825,50.0
ET040110,Boji Chekorsa,Oromia,66994.99,2072.01,19.952976816416463,very high,44476.07422,4,33497.495,0.4468199873901665,33497.495,50.0
ET040111,Babo,Oromia,79904.72,2471.2799999999997,30.726127328654897,very high,108462.34379999999,4,39952.36,0.7326060970411152,39952.36,50.0
ET040112,Yubdo,Oromia,53556.61,1656.3899999999999,20.176846822102064,very high,54254.51172,4,26778.305,0.4527587272156004,26778.305,50.0
ET040113,Gaji,Oromia,70697.48,2186.52,19.42223419080983,high,115922.8359,3,21209.244,0.4327406454162713,21209.244,30.0
ET040114,Haru,Oromia,42717.829999999994,1321.17,18.275057862151684,high,92641.6875,3,12815.348999999998,0.40230878059841396,12815.349,30.0
ET040115,Nole Kaba,Oromia,66181.15999999999,2046.8400000000001,19.073608430512174,high,121420.4297,3,19854.347999999994,0.4234924315677422,19854.348,30.0
ET040116,Begi,Oromia,62768.7,1941.3,28.69017730512921,very high,2046273.625,4,31384.35,0.6785971758804781,31384.35,50.0
ET040117,Homa,Oromia,30789.74,952.26,18.846380707322503,high,32259.74023,3,9236.922,0.41746461946751695,30789.74,100.0
ET040118,Sayo Nole,Oromia,54280.229999999996,1678.77,19.88280727545405,high,76210.48438,3,16284.068999999998,0.44495855603776313,16284.069,30.0
ET040119,Guliso,Oromia,52986.25,1638.75,19.888390770369817,very high,107247.84379999999,4,26493.125,0.44510667290370876,26493.125,50.0
ET040193,Gimbi town,Oromia,31884.87,986.13,18.200782377882497,high,51685.60156,3,9565.461,0.4003384283168212,31884.87,100.0
ET040197,Leta Sibu,Oromia,48952.990000000005,1514.01,31.327307687518577,high,50862.03906,3,14685.897,0.7485539848723523,14685.897,30.0
ET040198,Mendi town,Oromia,13897.19,429.81,30.05169874677163,moderate,39433.00391,2,1389.719,0.7147151077307119,13897.19,100.0
ET040199,Nejo town,Oromia,47747.28,1476.72,20.14345527954333,high,28979.56055,3,14324.184,0.4518729288567763,14324.184,30.0
ET040201,Limu (OR),Oromia,30795.56,952.44,18.98999885094993,high,138920.7813,3,9238.668,0.4212744678954162,30795.56,100.0
ET040202,Ibantu,Oromia,10139.41,313.59000000000003,19.43461119149381,moderate,57720.625,2,1013.941,0.43306897786373905,10139.41,100.0
ET040203,Gida Ayana,Oromia,59625.899999999994,1844.1,18.127014401814883,high,155814.4531,3,17887.769999999997,0.39838153902308693,17887.77,30.0
ET040204,Haro Limu,Oromia,27183.280000000002,840.72,19.8579061058269,high,99096.19531,3,8154.984,0.44429798711826113,27183.28,100.0
ET040205,Boneya Boshe,Oromia,26431.53,817.47,17.555718635181073,high,72742.22656,3,7929.458999999999,0.3832264184832914,26431.53,100.0
ET040206,Wayu Tuka,Oromia,30920.69,956.31,15.44556962580536,high,91139.34375,3,9276.206999999999,0.3272491743625289,30920.69,100.0
ET040207,Bila Seyo,Oromia,17546.329999999998,542.67,17.669777699855054,moderate,79478.6875,2,1754.6329999999998,0.38625213471426517,17546.33,100.0
ET040208,Gobu Seyo,Oromia,25690.45,794.55,17.53106078964983,moderate,53240.02344,2,2569.045,0.38257230437444806,2569.045,10.0
ET040209,Sibu Sire,Oromia,21150.850000000002,654.15,16.77063556565201,moderate,195670.0469,2,2115.0850000000005,0.3624000282886447,21150.85,100.0
ET040210,Diga,Oromia,34067.37,1053.63,15.867931020209628,high,93888.82031,3,10220.211000000001,0.33845341954934066,10220.211,30.0
ET040211,Sasiga,Oromia,55353.049999999996,1711.95,15.833788528521469,high,168384.1094,3,16605.914999999997,0.3375477002927254,16605.915,30.0
ET040212,Leka Dulecha,Oromia,53531.39,1655.61,15.83522952856517,high,124166.0,3,16059.417,0.33758592660322095,16059.417,30.0
ET040213,Guto Gida,Oromia,44007.93,1361.07,15.611395383947514,high,171785.3281,3,13202.378999999999,0.3316481380867922,13202.379,30.0
ET040214,Jimma Arjo,Oromia,39632.26,1225.74,16.436624122270633,high,134373.6719,3,11889.678,0.3535394975762572,11889.678,30.0
ET040215,Nunu Kumba,Oromia,30490.98,943.02,16.92654757900376,moderate,100960.34379999999,2,3049.098,0.36653600389698926,3049.098,10.0
ET040216,Wama Hagalo,Oromia,15639.31,483.69,16.414357414396612,moderate,84952.96094,2,1563.931,0.3529488146733476,15639.31,100.0
ET040217,Kiremu,Oromia,27716.78,857.22,19.307355600017477,moderate,101124.1328,2,2771.678,0.4296931891027784,2771.678,10.0
ET040297,Nekemte town,Oromia,32576.48,1007.52,15.057453354400398,high,130280.0,3,9772.944,0.3169533709973897,32576.48,100.0
ET040301,Darimu,Oromia,94032.77,2908.23,21.49565916802006,very high,277648.875,4,47016.385,0.4877436881396481,47016.385,50.0
ET040302,Alge Sachi,Oromia,29771.24,920.76,19.834111546813325,high,142531.2813,3,8931.372,0.44366677395145127,29771.24,100.0
ET040309,Yayu,Oromia,6921.92,214.08,20.52856492228612,moderate,91918.03906,2,692.192,0.4620889735006807,6921.92,100.0
ET040310,Metu Zuria,Oromia,14196.92,439.08,31.67580109946728,moderate,91349.47656,2,1419.692,0.7577986878333538,14196.92,100.0
ET040311,Ale,Oromia,0.0,0.0,30.31642017219017,low,107467.7109,1,0.0,0.7217375387480521,0.0,
ET040312,Bure (OR),Oromia,19638.62,607.38,28.5689901715138,moderate,65072.35938,2,1963.862,0.675382368901187,19638.62,100.0
ET040313,Sale Nono,Oromia,5503.78,170.22,34.45294289141082,moderate,52670.8125,2,550.378,0.8314696671598741,5503.78,100.0
ET040314,Becho (Ilu Aba Bora),Oromia,11646.789999999999,360.21000000000004,31.559317790842115,moderate,47093.43359,2,1164.6789999999999,0.7547086621650556,11646.79,100.0
ET040315,Bilo Nopha,Oromia,15274.59,472.40999999999997,31.47127242016294,moderate,39334.71875,2,1527.459,0.7523730274841336,15274.59,100.0
ET040316,Hurumu,Oromia,10506.07,324.93,31.98222302291714,moderate,50009.98047,2,1050.607,0.7659273340743039,10506.07,100.0
ET040317,Didu,Oromia,6110.03,188.97,30.98898807669964,moderate,33407.66797,2,611.003,0.7395791687046278,6110.03,100.0
ET040319,Halu /Huka,Oromia,11801.99,365.01,29.49822039392505,moderate,29830.33398,2,1180.199,0.700032640883493,11801.99,100.0
ET040320,Metu town,Oromia,59044.869999999995,1826.13,30.78994155520175,high,50798.85938,3,17713.461,0.7342989369883983,17713.461,30.0
ET040324,Dorani,Oromia,14065.970000000001,435.03000000000003,19.96950607804657,moderate,71849.41406,2,1406.5970000000002,0.44725846946384634,14065.97,100.0
ET040401,Limu Seka,Oromia,56940.94,1761.06,19.8057060509853,high,217055.75,3,17082.282,0.44291324357645323,17082.282,30.0
ET040402,Limu Kosa,Oromia,47724.97,1476.03,17.984227236278084,high,243644.8281,3,14317.491,0.3945937344713459,14317.491,30.0
ET040403,Sekoru,Oromia,37808.66,1169.34,20.04261701407297,high,46726.05469,3,11342.598,0.449197929044977,11342.598,30.0
ET040404,Tiro Afeta,Oromia,17320.32,535.68,18.18582171847852,moderate,183889.0,2,1732.0320000000002,0.39994155753663313,17320.32,100.0
ET040405,Kersa (Jimma),Oromia,44771.32,1384.68,17.035196470348126,high,228810.9531,3,13431.395999999999,0.36941820107226514,13431.396,30.0
ET040406,Mena (Jimma),Oromia,24371.25,753.75,16.623700671319174,moderate,203721.6094,2,2437.125,0.358502194337875,2437.125,10.0
ET040407,Goma,Oromia,87468.78,2705.2200000000003,17.76401501811461,very high,318171.9688,4,43734.39,0.3887520270659725,43734.39,50.0
ET040408,Gera,Oromia,54712.85,1692.15,19.00641692923878,high,228950.5469,3,16413.855,0.4217100005389809,16413.855,30.0
ET040409,Seka Chekorsa,Oromia,65340.17,2020.83,16.83498690439455,high,336614.0,3,19602.051,0.3641071165474757,19602.051,30.0
ET040410,Dedo,Oromia,33511.56,1036.44,16.97472943897716,high,235416.4219,3,10053.467999999999,0.36781415426738484,13949.861,41.6
ET040411,Omo Nada,Oromia,46332.05,1432.95,18.31489686225686,high,239108.5938,3,13899.615,0.4033656147008901,13899.615,30.0
ET040412,Sigmo,Oromia,11290.8,349.2,20.097644748003,moderate,148360.8281,2,1129.08,0.4506576842006212,11290.8,100.0
ET040413,Setema,Oromia,9847.44,304.56,19.14587305082698,moderate,124519.0547,2,984.7440000000001,0.42540944040203915,9847.44,100.0
ET040414,Shebe Sambo,Oromia,82388.89,2548.11,17.83852170349672,very high,100430.5547,4,41194.445,0.39072851256426305,41194.445,50.0
ET040415,Chora (Jimma),Oromia,11867.95,367.05,19.35115415180528,moderate,83755.95313,2,1186.795,0.43085506071216156,11867.95,100.0
ET040416,Gumay,Oromia,6823.95,211.05,18.723750264842757,low,59972.56641,1,0.0,0.4142115249301995,6823.95,100.0
ET040417,Agaro town,Oromia,20538.78,635.22,17.400041740976963,moderate,27259.83789,2,2053.878,0.37909668002780494,20538.78,100.0
ET040418,Jimma town,Oromia,43038.9,1331.1,16.2059572160003,high,251833.8594,3,12911.67,0.34742045211287753,12911.67,30.0
ET040490,Mancho,Oromia,45010.91,1392.0900000000001,17.55048813700382,high,207766.9375,3,13503.273000000001,0.3830876657828706,13503.273,30.0
ET040491,Omo Beyam,Oromia,12193.87,377.13,18.89272403763522,moderate,113062.6875,2,1219.3870000000002,0.41869399801033913,12193.87,100.0
ET040495,Botor Tolay,Oromia,6638.68,205.32,20.466502391123512,moderate,86389.80469,2,663.868,0.46044260187374547,6638.68,100.0
ET040499,Nono Benja,Oromia,34136.24,1055.76,20.92556516190888,high,140194.8281,3,10240.872,0.47262044745376386,10240.872,30.0
ET040500,Illu Galan,Oromia,27571.28,852.72,18.35384966406368,high,94128.46875,3,8271.384,0.4043989400661795,27571.28,100.0
ET040501,Ginde Beret,Oromia,1682.95,52.05,8.385010947273985,low,164025.8281,1,0.0,0.13994931306313757,1682.95,100.0
ET040502,Jeldu,Oromia,147.44,4.5600000000000005,6.530865280435039,low,249861.8281,1,0.0,0.09076322991595553,147.44,100.0
ET040503,Ambo Zuria,Oromia,501.49,15.51,6.690031003346343,low,179349.875,1,0.0,0.09498551871521886,501.49,100.0
ET040504,Mida Kegn,Oromia,3312.55,102.44999999999999,20.15120881223541,low,147630.4375,1,0.0,0.45207861167366487,3312.55,100.0
ET040505,Cheliya,Oromia,1620.87,50.13,18.89067735964029,low,100613.59379999999,1,0.0,0.41863970450156335,1620.87,100.0
ET040506,Bako Tibe,Oromia,61625.07,1905.93,17.528367586006,high,186076.8281,3,18487.521,0.38250086007493755,18487.521,30.0
ET040507,Dano,Oromia,13728.41,424.59,19.198063809458727,moderate,197928.9219,2,1372.8410000000001,0.4267939373374671,13728.41,100.0
ET040508,Nono,Oromia,6080.93,188.07,21.651736682957804,moderate,167888.3594,2,608.0930000000001,0.4918840541121993,6080.93,100.0
ET040509,Tikur Enchini,Oromia,64.99,2.01,7.519614907488748,low,64207.61719,1,0.0,0.11699241041552266,64.99,100.0
ET040510,Dendi,Oromia,1126.17,34.83,5.530840615180791,low,161665.1406,1,0.0,0.06423494941775408,1126.17,100.0
ET040511,Ejere /Addis Alem,Oromia,857.48,26.52,4.342266429239541,low,113736.3047,1,0.0,0.0327048977169248,857.48,100.0
ET040513,Adda Berga,Oromia,266.75,8.25,5.805092794446576,low,168129.25,1,0.0,0.07151020871043967,266.75,100.0
ET040514,Meta Robi,Oromia,59.17,1.8299999999999998,6.244531413362701,low,114170.7266,1,0.0,0.08316747212542291,59.17,100.0
ET040515,Ambo town,Oromia,1655.79,51.21,6.195001447873213,low,77751.03906,1,0.0,0.08185355971583519,1655.79,100.0
ET040516,Abuna Ginde Beret,Oromia,549.02,16.98,8.186640393716367,low,220976.875,1,0.0,0.13468701317174234,549.02,100.0
ET040517,Toke Kutaye,Oromia,1550.06,47.94,7.008912227308667,low,197815.6875,1,0.0,0.10344468062272201,1550.06,100.0
ET040518,Jibat,Oromia,101.85,3.15,19.940328745627863,low,133949.1719,1,0.0,0.4464844640962928,101.85,100.0
ET040519,Ifata,Oromia,226.01,6.99,6.341898534809044,low,81721.08594,1,0.0,0.08575039072610996,226.01,100.0
ET040590,Ejersa Lafo,Oromia,3607.43,111.57000000000001,4.796404437063489,low,62278.71094,1,0.0,0.044752101026040304,3607.43,100.0
ET040592,Cobi,Oromia,644.0799999999999,19.92,7.208671290494024,low,68645.01563,1,0.0,0.10874381437847974,644.08,100.0
ET040594,Meta Walkite,Oromia,191.09,5.91,5.297137179954861,low,91657.75,1,0.0,0.058035352049332675,191.09,100.0
ET040597,Liban Jawi,Oromia,1004.92,31.08,19.354752865777854,low,86970.89844,1,0.0,0.43095052605118195,1004.92,100.0
ET040601,Wara Jarso,Oromia,2199.96,68.03999999999999,6.35900230626363,low,185048.2031,1,0.0,0.08620411318165463,2199.96,100.0
ET040602,Dera (OR),Oromia,1215.4099999999999,37.59,9.044227793368098,moderate,262203.5938,2,121.541,0.15743677113286247,1215.41,100.0
ET040603,Hidabu Abote,Oromia,953.51,29.490000000000002,7.288068526572359,low,122559.5781,1,0.0,0.11085003457749103,953.51,100.0
ET040604,Kuyu,Oromia,152.29,4.71,8.167178601256275,low,141027.5625,1,0.0,0.1341707380164212,152.29,100.0
ET040605,Degem,Oromia,50.44,1.56,6.662005072439477,low,124799.8281,1,0.0,0.09424205729656324,50.44,100.0
ET040607,Debre Libanos,Oromia,97.0,3.0,5.592489881415856,low,81720.77344,1,0.0,0.06587035810717506,97.0,100.0
ET040609,Abichugna Gne'a,Oromia,2.91,0.09,7.803040035505236,low,77360.83594,1,0.0,0.12451100626370454,2.91,100.0
ET040610,Kimbibit,Oromia,22.310000000000002,0.69,9.15667593656458,low,103726.2109,1,0.0,0.16041975344106363,22.31,100.0
ET040613,Fiche town,Oromia,145.5,4.5,6.233938828637935,low,33381.97656,1,0.0,0.08288647599748432,145.5,100.0
ET040614,Yaya Gulele,Oromia,223.1,6.9,6.353605540329015,low,67890.54688,1,0.0,0.08606094979231943,223.1,100.0
ET040615,Jida,Oromia,9.7,0.3,8.701228431135533,low,98105.67188,1,0.0,0.14833781226898654,9.7,100.0
ET040617,Aleltu,Oromia,14.55,0.44999999999999996,7.869389534511427,low,83820.49219,1,0.0,0.12627110097107244,14.55,100.0
ET040701,Fentale,Oromia,12348.1,381.9,11.009143821461077,high,109384.7109,3,3704.43,0.20956132901605215,12348.1,100.0
ET040702,Boset,Oromia,7164.42,221.57999999999998,9.905323403698072,moderate,224079.0156,2,716.442,0.1802795935954422,7164.42,100.0
ET040703,Adama,Oromia,1363.82,42.18,9.556440567997932,low,231319.8281,1,0.0,0.17102456014673403,1363.82,100.0
ET040704,Lome (OR),Oromia,5297.17,163.83,9.288128603108955,moderate,135544.5,2,529.717,0.16390688064051037,5297.17,100.0
ET040705,Gimbichu,Oromia,89.24,2.76,8.524908324406427,low,152173.9531,1,0.0,0.14366045838832667,89.24,100.0
ET040706,Ada'a,Oromia,179.45,5.55,9.619512981521792,low,207443.1406,1,0.0,0.17269772155544202,179.45,100.0
ET040707,Dugda,Oromia,10313.039999999999,318.96,11.141227584324524,moderate,241779.7344,2,1031.3039999999999,0.21306519770273957,10313.04,100.0
ET040708,Adama Tulu Jido Kombolcha,Oromia,36579.67,1131.33,16.847637032468818,high,414161.3125,3,10973.901,0.36444269441625454,10973.901,30.0
ET040709,Bishoftu town,Oromia,6687.18,206.82,7.627536528351937,moderate,154109.3281,2,668.7180000000001,0.11985531483133659,6687.18,100.0
ET040710,Bora (OR),Oromia,2919.7,90.3,10.480686847963709,low,121334.2266,1,0.0,0.19554261996690628,2919.7,100.0
ET040711,Liben Chukala,Oromia,1099.01,33.989999999999995,10.444923635382787,low,104743.0391,1,0.0,0.19459390683229347,1099.01,100.0
ET040714,Adama town,Oromia,24025.93,743.0699999999999,8.785675956727992,high,376737.1875,3,7207.7789999999995,0.15057800466036744,24025.93,100.0
ET040799,Metehara town,Oromia,5755.98,178.02,11.373269521883747,moderate,20646.69531,2,575.598,0.2192207194821471,5755.98,100.0
ET040801,Merti,Oromia,5387.38,166.62,11.452916768844926,moderate,127469.1328,2,538.738,0.22133357187640126,5387.38,100.0
ET040802,Aseko,Oromia,319.13,9.87,12.784937996429925,low,147347.4063,1,0.0,0.25666893307566685,319.13,100.0
ET040803,Golocha,Oromia,527.68,16.32,13.54711021471621,low,178665.7344,1,0.0,0.27688755277290644,527.68,100.0
ET040804,Jeju,Oromia,1849.79,57.209999999999994,10.716900514142688,low,212133.6719,1,0.0,0.20180880780369462,1849.79,100.0
ET040806,Ziway Dugda,Oromia,4314.5599999999995,133.44,11.461215287412204,low,161466.8438,1,0.0,0.22155371187486453,4314.56,100.0
ET040807,Hitosa,Oromia,37.83,1.17,10.404274814152563,low,191093.8594,1,0.0,0.19351559009773325,37.83,100.0
ET040808,Sude,Oromia,186.24,5.76,11.529885529967173,low,248362.1875,1,0.0,0.2233753703995716,186.24,100.0
ET040809,Chole,Oromia,362.78,11.22,12.30621410795131,low,137357.75,1,0.0,0.24396952471505245,362.78,100.0
ET040811,Seru,Oromia,1228.02,37.98,14.016189740769727,low,80416.03906,1,0.0,0.28933111909229053,1228.02,100.0
ET040812,Robe,Oromia,127.07,3.93,12.49110886228899,low,265332.375,1,0.0,0.24887434364216257,127.07,100.0
ET040813,Tena,Oromia,28.13,0.87,12.18096136245213,low,87029.21875,1,0.0,0.240646866703485,28.13,100.0
ET040814,Shirka,Oromia,12.61,0.39,12.968836931668116,low,287248.0938,1,0.0,0.2615473352859553,12.61,100.0
ET040815,Degeluna Tijo,Oromia,4.85,0.15,11.215121272702795,low,206655.25,1,0.0,0.2150254218456582,4.85,100.0
ET040816,Tiyo,Oromia,31.04,0.96,11.113407589848434,low,169827.2813,1,0.0,0.21232719928873797,31.04,100.0
ET040817,Munessa,Oromia,176.54000000000002,5.46,17.10637628177111,low,317844.5313,1,0.0,0.3713064325017948,176.54,100.0
ET040818,Limu Bilbilo,Oromia,9.7,0.3,17.972368157877597,low,275636.8125,1,0.0,0.3942791412726088,9.7,100.0
ET040819,Guna,Oromia,31.04,0.96,11.884149700835149,low,122659.2344,1,0.0,0.2327731578960021,31.04,100.0
ET040820,Sire,Oromia,36.86,1.14,10.12620317016293,low,118018.0781,1,0.0,0.18613900947261683,36.86,100.0
ET040821,Lude Hitosa,Oromia,141.62,4.38,10.74483536693768,low,153627.6406,1,0.0,0.2025498531362446,141.62,100.0
ET040822,Diksis,Oromia,22.31,0.69,11.0442206870754,low,100141.46879999999,1,0.0,0.2104918349949001,22.31,100.0
ET040823,Bele Gesgar,Oromia,538.35,16.65,12.937638432613117,low,135678.0625,1,0.0,0.2607197131654114,538.35,100.0
ET040824,Inkolo Wabe,Oromia,54.32,1.68,18.56941566442016,low,98698.92188,1,0.0,0.41011739434238287,54.32,100.0
ET040825,Asela town,Oromia,557.75,17.25,10.9417593434463,low,57786.65234,1,0.0,0.2077737787724325,557.75,100.0
ET040893,Shanan Kolu,Oromia,357.93,11.07,14.13820874051526,low,119171.75,1,0.0,0.29256799350531965,357.93,100.0
ET040894,Bekoji town,Oromia,32.01,0.99,12.459466703579688,low,27783.52734,1,0.0,0.24803495228415487,32.01,100.0
ET040901,Mieso,Oromia,701.31,21.689999999999998,23.625557531057467,low,140821.8906,1,0.0,0.5442448357317938,701.31,100.0
ET040902,Doba,Oromia,291.0,9.0,22.97037371096317,low,202947.5625,1,0.0,0.5268643642681967,291.0,100.0
ET040903,Tulo (OR),Oromia,297.79,9.21,23.07714268085754,low,208165.8594,1,0.0,0.5296966915899851,297.79,100.0
ET040904,Mesela,Oromia,0.0,0.0,23.553980566865256,low,199292.7188,1,0.0,0.5423460687820627,0.0,
ET040905,Chiro town,Oromia,754.66,23.34,24.11789809590639,low,50678.72656,1,0.0,0.5573054621930766,754.66,100.0
ET040906,Anchar,Oromia,261.9,8.1,13.207763512001383,low,135107.5781,1,0.0,0.2678854902953075,261.9,100.0
ET040907,Goba Koricha,Oromia,41.71,1.2899999999999998,14.534122357127236,low,154572.8438,1,0.0,0.3030706419293659,41.71,100.0
ET040908,Habro,Oromia,154.23,4.77,14.491449078714863,low,352859.875,1,0.0,0.30193862115144493,154.23,100.0
ET040909,Daro Lebu,Oromia,268.69,8.31,16.062882030361166,low,176541.4219,1,0.0,0.34362500707152727,268.69,100.0
ET040910,Boke,Oromia,162.96,5.04,26.153762007042666,low,309162.2188,1,0.0,0.6113120989964375,162.96,100.0
ET040912,Gemechis,Oromia,530.59,16.41,24.97179162279975,low,280741.7188,1,0.0,0.5799572304784782,530.59,100.0
ET040913,Chiro Zuria,Oromia,57.23,1.77,24.460815686464,low,262769.0625,1,0.0,0.5664022518485267,57.23,100.0
ET040914,Bedesa,Oromia,266.75,8.25,24.644961801603127,low,24238.38477,1,0.0,0.5712872111548283,266.75,100.0
ET040915,Hawi Gudina,Oromia,418.07,12.93,16.69391793294941,low,286791.5625,1,0.0,0.36036489160631585,418.07,100.0
ET040991,Gumbi Bordede,Oromia,227.95,7.05,13.180808835001114,low,99247.21875,1,0.0,0.267170446699838,227.95,100.0
ET040998,Burqua Dhintu,Oromia,1130.05,34.95,27.590736695176588,low,78396.39063,1,0.0,0.6494316263642353,1130.05,100.0
ET041000,Babile town,Oromia,553.87,17.13,25.28395671974921,low,20420.64063,1,0.0,0.588238229479156,553.87,100.0
ET041001,Kombolcha,Oromia,361.81,11.19,21.022390911604223,low,271261.4063,1,0.0,0.4751890047470118,361.81,100.0
ET041002,Jarso (East Hararghe),Oromia,66000.74,2041.26,25.69189523349585,very high,173345.3906,4,33000.37,0.5990598698793345,33000.37,50.0
ET041003,Gursum (OR),Oromia,59.17,1.83,25.060207998903977,low,199932.5469,1,0.0,0.5823027070526297,59.17,100.0
ET041004,Babile (OR),Oromia,1750.85,54.15,26.33306617784752,low,181995.2188,1,0.0,0.6160686130134184,1750.85,100.0
ET041005,Fedis,Oromia,18666.68,577.3199999999999,21.37563815992481,moderate,121416.5234,2,1866.6680000000001,0.4845598157022435,18666.68,100.0
ET041006,Haro Maya,Oromia,19340.83,598.17,20.21314381010359,moderate,385132.2813,2,1934.0830000000003,0.45372160014503904,19340.83,100.0
ET041007,Kurfa Chele,Oromia,2808.15,86.85,21.05441498684156,low,103413.1016,1,0.0,0.4760385274439101,2808.15,100.0
ET041008,Kersa (East Hararge),Oromia,18195.260000000002,562.74,20.654620182188225,moderate,292126.5625,2,1819.5260000000003,0.4654329203143391,18195.26,100.0
ET041009,Meta,Oromia,1519.02,46.98,20.871775973394424,low,304981.3438,1,0.0,0.4711935479679203,1519.02,100.0
ET041010,Goro Gutu,Oromia,447.17,13.83,20.678246752282483,low,295340.875,1,0.0,0.4660596771338937,447.17,100.0
ET041011,Deder,Oromia,133.86,4.14,21.92818951731516,low,346216.7188,1,0.0,0.49921769156052187,133.86,100.0
ET041012,Melka Balo,Oromia,496.64,15.36,23.246131228220836,low,297263.1875,1,0.0,0.5341795566044168,496.64,100.0
ET041013,Bedeno,Oromia,2697.57,83.43,21.774886057903306,low,352211.9063,1,0.0,0.4951509146959849,2697.57,100.0
ET041014,Midhaga Tola,Oromia,489.84999999999997,15.15,22.373499990145827,low,152043.8438,1,0.0,0.511030721321178,489.85,100.0
ET041015,Chinaksen,Oromia,80.51,2.49,24.431670537744804,low,149552.3438,1,0.0,0.5656291002381231,80.51,100.0
ET041016,Girawa,Oromia,1545.21,47.79,23.51090974959473,low,330950.3125,1,0.0,0.5412035022419176,1545.21,100.0
ET041017,Golo Oda,Oromia,361.81,11.19,23.478484112284104,low,718198.1875,1,0.0,0.5403433270564479,361.81,100.0
ET041018,Meyu Muleke,Oromia,692.58,21.42,24.337330394953536,low,289497.6563,1,0.0,0.5631264801956756,692.58,100.0
ET041019,Haromaya town,Oromia,0.0,0.0,19.993523336964145,low,29701.32617,1,0.0,0.4478955903304615,0.0,
ET041089,Goro Muti,Oromia,741.0799999999999,22.92,21.574172596969667,low,124315.0859,1,0.0,0.4898264630335265,741.08,100.0
ET041097,Deder town,Oromia,1324.05,40.949999999999996,21.451342023422395,low,13818.65039,1,0.0,0.48656805949406123,1324.05,100.0
ET041098,Kumbi,Oromia,119.31,3.6899999999999995,25.285488924840163,low,108195.2734,1,0.0,0.5882788752430516,119.31,100.0
ET041099,Aweday town,Oromia,0.0,0.0,20.19945228945833,low,98341.51563,1,0.0,0.45335839660342236,0.0,
ET041104,Agarfa,Oromia,298.76,9.24,19.95705116075096,low,188070.8125,1,0.0,0.44692807007363144,298.76,100.0
ET041106,Gasera,Oromia,612.0699999999999,18.93,15.214511240848577,low,120771.25,1,0.0,0.32111974389889475,612.07,100.0
ET041109,Sinana,Oromia,0.97,0.03,31.54515039734884,low,178956.9063,1,0.0,0.754332834846414,0.97,100.0
ET041110,Goba (OR),Oromia,0.97,0.03,29.779273439233,low,38174.1875,1,0.0,0.7074883110082968,0.97,100.0
ET041111,Harena Buluk,Oromia,68.87,2.13,28.492263960445705,low,233389.4063,1,0.0,0.6733470046551849,68.87,100.0
ET041112,Mena (Bale),Oromia,506.34000000000003,15.659999999999998,25.963124477625207,low,248844.7344,1,0.0,0.6062549378787317,506.34,100.0
ET041113,Meda Welabu,Oromia,560.66,17.34,25.9209149339409,low,457381.1875,1,0.0,0.605135218882327,560.66,100.0
ET041114,Berbere,Oromia,480.15,14.85,32.35010173699952,low,297621.8438,1,0.0,0.7756862830838404,480.15,100.0
ET041115,Gura Damole,Oromia,52.379999999999995,1.6199999999999999,20.61705705251718,low,107370.4609,1,0.0,0.4644364596519909,52.38,100.0
ET041116,Goro (Bale),Oromia,157.14,4.86,18.06082890267128,low,168850.6719,1,0.0,0.3966257948427685,157.14,100.0
ET041119,Robe Town,Oromia,273.54,8.459999999999999,30.91250341715035,low,101902.9922,1,0.0,0.7375502122470217,273.54,100.0
ET041120,Goba town,Oromia,0.0,0.0,30.54118820378438,low,55174.75781,1,0.0,0.7277001010690963,0.0,
ET041122,Dinsho,Oromia,0.0,0.0,19.117575047237956,low,69316.04688,1,0.0,0.4246587615409753,0.0,
ET041207,Yabelo,Oromia,321.07,9.93,24.248023222871343,low,85662.66406,1,0.0,0.5607573729188113,321.07,100.0
ET041208,Arero,Oromia,1120.35,34.65,27.65982397555061,low,67000.44531,1,0.0,0.6512643479123122,1120.35,100.0
ET041210,Moyale (OR),Oromia,2271.74,70.25999999999999,28.98231223635822,low,19328.30273,1,0.0,0.6863468221324489,2271.74,100.0
ET041211,Dire,Oromia,674.15,20.85,30.24075532361333,low,31460.36914,1,0.0,0.7197303299294676,674.15,100.0
ET041212,Teltale,Oromia,4646.3,143.7,23.44265565257358,moderate,140534.3594,2,464.63000000000005,0.5393928830703713,4646.3,100.0
ET041216,Miyo,Oromia,403.52,12.48,30.04495174133302,low,97358.61719,1,0.0,0.714536125692551,403.52,100.0
ET041219,Dilo,Oromia,1118.41,34.59,25.80088743250353,low,38014.92969,1,0.0,0.60195117419197,1118.41,100.0
ET041220,Dhas,Oromia,595.58,18.42,27.61585339815654,low,68129.16406,1,0.0,0.6500979128719514,595.58,100.0
ET041223,Gomole,Oromia,841.96,26.04,25.15282859251876,low,48091.57422,1,0.0,0.5847597115373122,841.96,100.0
ET041290,Guchi,Oromia,281.3,8.700000000000001,29.25316706669608,low,14004.80078,1,0.0,0.6935319578227458,281.3,100.0
ET041291,Dubluk,Oromia,333.68,10.32,29.308559691553217,low,26114.29883,1,0.0,0.6950013926685036,333.68,100.0
ET041295,Elwaya,Oromia,3178.69,98.31,21.905505931507737,low,39861.63672,1,0.0,0.4986159498756291,3178.69,100.0
ET041296,Yabelo town,Oromia,1241.6,38.4,23.876371447336176,low,52452.4375,1,0.0,0.5508983335454726,1241.6,100.0
ET041298,Wachile,Oromia,878.8199999999999,27.18,26.50243372930081,low,22672.7168,1,0.0,0.6205615321066732,878.82,100.0
ET041301,Ameya,Oromia,9891.09,305.91,10.845207942113564,moderate,190485.2813,2,989.109,0.2052124992899929,9891.09,100.0
ET041302,Wenchi,Oromia,2569.53,79.47,10.299344478184864,low,127259.8594,1,0.0,0.19073203736944735,2569.53,100.0
ET041303,Waliso,Oromia,3369.78,104.22,10.12894704862478,low,216904.5156,1,0.0,0.1862117980547569,3369.78,100.0
ET041304,Dawo,Oromia,5749.1900000000005,177.81,5.997299780439594,low,152805.5781,1,0.0,0.07660900378549944,5749.19,100.0
ET041305,Ilu,Oromia,3227.19,99.81,8.758255368865642,low,66341.4375,1,0.0,0.14985060155571198,3227.19,100.0
ET041307,Kersana Malima,Oromia,165.87,5.13,8.789832830540055,low,107661.4141,1,0.0,0.1506882766549627,165.87,100.0
ET041308,Tole,Oromia,1004.92,31.08,9.004935850606564,low,100038.7656,1,0.0,0.15639444916310163,1004.92,100.0
ET041309,Becho (SW Shewa),Oromia,826.4399999999999,25.56,8.858693315098408,low,129746.3281,1,0.0,0.15251498184842074,826.44,100.0
ET041310,Seden Sodo,Oromia,227.95,7.05,9.685552075971824,low,109478.0469,1,0.0,0.17444958196677723,227.95,100.0
ET041311,Woliso town,Oromia,4227.26,130.74,9.79447754825256,moderate,54137.14453,2,422.72600000000006,0.1773391161777437,4227.26,100.0
ET041312,Goro (SW Shewa),Oromia,14019.41,433.59000000000003,10.53081978001747,moderate,43461.31641,2,1401.941,0.19687252764811466,14019.41,100.0
ET041314,Sodo Daci,Oromia,142.59,4.41,8.883485231593589,low,86673.45313,1,0.0,0.15317265254167803,142.59,100.0
ET041401,Uraga,Oromia,119.31,3.6899999999999995,18.45483877092169,low,245329.3906,1,0.0,0.407077941341924,119.31,100.0
ET041402,Bore,Oromia,304.58,9.42,17.48623290604986,low,172230.375,1,0.0,0.3813831270355288,304.58,100.0
ET041403,Adola,Oromia,1473.43,45.57,26.391404301713337,low,201021.125,1,0.0,0.6176161849558143,1473.43,100.0
ET041404,Wadera,Oromia,217.28,6.72,24.52906834257737,low,85329.45313,1,0.0,0.56821283279621,217.28,100.0
ET041405,Odo Shakiso,Oromia,712.95,22.05,26.9338269786472,low,174942.5156,1,0.0,0.6320053709651697,712.95,100.0
ET041407,Liben,Oromia,1371.58,42.42,23.028203163819267,low,143163.4375,1,0.0,0.5283984423761942,1371.58,100.0
ET041408,Dama,Oromia,10.67,0.32999999999999996,17.708058220224633,low,106776.4375,1,0.0,0.38726762604889453,10.67,100.0
ET041409,Arda Jila,Oromia,545.14,16.86,27.11857021075066,low,97238.22656,1,0.0,0.6369061703670914,545.14,100.0
ET041410,Girja /Harenfema,Oromia,779.88,24.12,26.48871996364838,low,131303.0156,1,0.0,0.6201977384578217,779.88,100.0
ET041411,Ana Sora,Oromia,462.69,14.309999999999999,18.12297152570128,low,254831.9063,1,0.0,0.39827429111682267,462.69,100.0
ET041412,Saba Boru,Oromia,3447.38,106.62,25.82271239988768,moderate,281235.875,2,344.73800000000006,0.6025301387682924,3447.38,100.0
ET041413,Gora Dola,Oromia,1351.21,41.79,23.990537577079667,low,93599.34375,1,0.0,0.5539268899585881,1351.21,100.0
ET041414,Negele town,Oromia,2853.74,88.25999999999999,22.688541767174947,low,79561.95313,1,0.0,0.5193880318156702,2853.74,100.0
ET041482,Aga Wayu,Oromia,287.12,8.879999999999999,27.4457442264982,low,150066.5156,1,0.0,0.645585320355124,287.12,100.0
ET041490,Haro Walabu,Oromia,0.97,0.03,17.838825960413143,low,82996.8125,1,0.0,0.3907365837780069,0.97,100.0
ET041492,Adola town,Oromia,931.2,28.8,26.046257429560264,low,53954.64453,1,0.0,0.608460257751533,931.2,100.0
ET041497,Gumi Idalo,Oromia,3662.72,113.28,24.362127507625893,low,22065.00586,1,0.0,0.5637842887311786,3662.72,100.0
ET041499,Shakiso town,Oromia,6148.83,190.17000000000002,26.27906427839308,moderate,31069.66602,2,614.883,0.614636070811273,6148.83,100.0
ET041501,Bule Hora,Oromia,1109.68,34.32,19.74623702883323,moderate,248005.0313,2,110.96800000000002,0.4413356715870636,1109.68,100.0
ET041502,Kercha,Oromia,918.59,28.41,21.31643844757437,low,395694.4375,1,0.0,0.4829893878626001,918.59,100.0
ET041509,Hambela Wamena,Oromia,111.55,3.45,19.30630442937544,low,243079.9063,1,0.0,0.4296653040409271,111.55,100.0
ET041513,Abaya,Oromia,13069.779999999999,404.22,17.408522004435127,high,206246.5,3,3920.9339999999993,0.37932164128679513,13069.78,100.0
ET041515,Dugda Dawa,Oromia,2529.76,78.24,20.660243496128416,low,250842.4844,1,0.0,0.46558209348447976,2529.76,100.0
ET041517,Gelana (West Guji),Oromia,21152.79,654.21,18.963731109438967,high,119518.5156,3,6345.837,0.420577647067822,21152.79,100.0
ET041518,Melka Soda,Oromia,4288.37,132.63,29.04745471515084,moderate,224466.6719,2,428.837,0.6880748974587905,4288.37,100.0
ET041587,Bule Hora town,Oromia,2324.12,71.88,19.495509608113743,low,47913.23828,1,0.0,0.4346844682952467,2324.12,100.0
ET041594,Suro Berguda,Oromia,778.91,24.09,23.969022188329284,moderate,112347.9219,2,77.891,0.5533561377685379,778.91,100.0
ET041596,Birbirsa Kojowa,Oromia,475.3,14.7,22.690505007562347,low,153557.8281,1,0.0,0.5194401119227835,475.3,100.0
ET041603,Chora (Buno Bedele),Oromia,12248.19,378.81,19.05231567877901,moderate,125461.0156,2,1224.8190000000002,0.4229275854092604,12248.19,100.0
ET041604,Dega,Oromia,9309.09,287.91,18.19998927156228,moderate,47335.64063,2,930.9090000000001,0.4003173890888315,9309.09,100.0
ET041605,Dabo Hana,Oromia,8536.0,264.0,17.6097115734146,moderate,57193.97656,2,853.6,0.3846587229655183,8536.0,100.0
ET041606,Gechi,Oromia,9082.11,280.89,18.77463789978325,moderate,140644.5,2,908.2110000000001,0.41556145308746983,9082.11,100.0
ET041607,Borecha,Oromia,13274.45,410.54999999999995,19.885529072342663,moderate,155070.125,2,1327.4450000000002,0.4450307588481827,13274.45,100.0
ET041608,Dedesa,Oromia,20758.97,642.03,19.1352130022312,moderate,246114.5938,2,2075.8970000000004,0.42512665461774907,20758.97,100.0
ET041618,Meko,Oromia,8342.0,258.0,18.954074303966895,moderate,38244.67969,2,834.2,0.4203214749420929,8342.0,100.0
ET041621,Bedele town,Oromia,12238.49,378.51,17.979617360478095,moderate,33332.60156,2,1223.849,0.3944714454093527,12238.49,100.0
ET041622,Bedele Zuria,Oromia,16291.15,503.85,18.165003540703903,moderate,113633.25,2,1629.115,0.399389300698722,16291.15,100.0
ET041623,Chwaka,Oromia,154729.55,4785.45,17.068400213277968,very high,623255.5625,4,77364.775,0.3702990175527357,77364.775,50.0
ET041700,Dodola town,Oromia,178.48,5.52,16.84057211826017,low,46310.62891,1,0.0,0.36425527901308036,178.48,100.0
ET041701,Siraro,Oromia,12860.259999999998,397.74,16.22689188619897,high,305674.5,3,3858.0779999999995,0.34797579921826766,12860.26,100.0
ET041702,Shala,Oromia,16369.720000000001,506.28,15.467099321237892,moderate,277709.8125,2,1636.9720000000002,0.3278203060748951,16369.72,100.0
ET041703,Arsi Negele,Oromia,11042.48,341.52,15.507797486343854,moderate,291668.3438,2,1104.248,0.32889993178534555,11042.48,100.0
ET041704,Kofele,Oromia,588.7900000000001,18.21,15.875682602146483,low,341462.9063,1,0.0,0.33865905061732376,588.79,100.0
ET041705,Kore,Oromia,4843.21,149.79,16.037718610112794,low,188844.1563,1,0.0,0.34295748126557807,4843.21,100.0
ET041706,Gedeb Asasa,Oromia,364.72,11.28,16.977132449237033,low,360815.9063,1,0.0,0.3678779004252836,364.72,100.0
ET041707,Dodola,Oromia,24.25,0.7499999999999999,17.02128170844526,low,321554.75,1,0.0,0.3690490754700171,24.25,100.0
ET041708,Kokosa,Oromia,370.54,11.46,16.483149925407197,low,270342.9063,1,0.0,0.3547737166899398,370.54,100.0
ET041709,Nenesebo,Oromia,1655.79,51.21,18.58985493224957,low,381302.5938,1,0.0,0.41065959959890885,1655.79,100.0
ET041710,Adaba,Oromia,532.53,16.47,17.967542547826767,low,226548.2656,1,0.0,0.3941511292930535,532.53,100.0
ET041711,Shashemene town,Oromia,47052.76,1455.24,14.718598267394752,high,81410.47656,3,14115.828,0.30796434991755184,14115.828,30.0
ET041783,Heban Arsi,Oromia,7587.34,234.66,16.068133191192707,moderate,76252.83594,2,758.734,0.34376430790311713,7587.34,100.0
ET041798,Bishan Guracha,Oromia,0.0,0.0,15.13806929702126,low,45486.08984,1,0.0,0.3190919205879935,0.0,
ET041799,Arsi Negele town,Oromia,6726.95,208.05,15.265500961932378,moderate,85814.54688,2,672.695,0.32247238015921365,6726.95,100.0
ET041801,Hawa Galan,Oromia,23084.06,713.94,29.799891810927413,high,196432.1094,3,6925.218,0.7080352674652023,23084.06,100.0
ET041802,Yama Logi Welel,Oromia,9658.29,298.71,30.78642246344404,moderate,108722.3516,2,965.8290000000002,0.73420558383773,9658.29,100.0
ET041803,Dale Wabera,Oromia,50606.84,1565.16,31.461244997301865,very high,130742.4609,4,25303.42,0.7521070237588504,25303.42,50.0
ET041804,Gawo Kebe,Oromia,49501.04,1530.96,32.290560123795174,very high,99259.08594,4,24750.52,0.7741067854261514,24750.52,50.0
ET041805,Sayo,Oromia,9661.199999999999,298.8,27.6921407223914,moderate,201958.875,2,966.1199999999999,0.6521216344921027,9661.2,100.0
ET041806,Denbi Dollo town,Oromia,23028.77,712.23,28.982212692446232,high,53436.53906,3,6908.631,0.6863441814687624,23028.77,100.0
ET041807,Anfilo,Oromia,13552.84,419.16,27.77897266135632,moderate,137252.25,2,1355.284,0.6544250797101049,13552.84,100.0
ET041808,Dale Sadi,Oromia,53090.04,1641.96,31.613433106287463,very high,120848.1406,4,26545.02,0.7561442130242115,26545.02,50.0
ET041809,Gidami,Oromia,19982.0,618.0,30.356292044266997,moderate,281734.4688,2,1998.2,0.7227952448659043,19982.0,100.0
ET041810,Jimma Horo,Oromia,28325.94,876.06,30.728276178315227,high,65700.00781,3,8497.782,0.7326631009216378,28325.94,100.0
ET041811,Lalo Kile,Oromia,53240.39,1646.61,32.198908831596114,very high,82861.95313,4,26620.195,0.7716754942070881,26620.195,50.0
ET041812,Sedi Chenka,Oromia,24377.07,753.93,30.69820236999661,high,62590.11719,3,7313.121,0.7318653141765253,24377.07,100.0
ET041901,Horo,Oromia,2474.4700000000003,76.53,19.215464338086235,low,75393.69531,1,0.0,0.4272555320563635,2474.47,100.0
ET041902,Shambu town,Oromia,3529.83,109.17,19.009991392316746,low,19796.87305,1,0.0,0.4218048225593343,3529.83,100.0
ET041903,Guduru,Oromia,6811.34,210.66,20.31205859165202,moderate,91422.07031,2,681.134,0.4563455744943797,6811.34,100.0
ET041904,Ababo,Oromia,0.0,0.0,21.624135431979017,moderate,66520.45313,2,0.0,0.4911518584439251,0.0,
ET041905,Abay Chomen,Oromia,13380.18,413.82,20.52413317590267,moderate,83825.95313,2,1338.018,0.4619714097892625,13380.18,100.0
ET041906,Jimma Genete,Oromia,7484.5199999999995,231.48,18.312728978988524,low,86500.67969,1,0.0,0.40330810590392946,7484.52,100.0
ET041907,Jimma Rare,Oromia,1510.29,46.71,19.354510683327348,low,92675.25781,1,0.0,0.43094410152566576,1510.29,100.0
ET041908,Jarte Jardega,Oromia,6792.91,210.09,20.76482163457329,low,62713.71875,1,0.0,0.468356303248536,6792.91,100.0
ET041909,Amuru,Oromia,13394.73,414.27,20.05357331629235,moderate,91435.60938,2,1339.473,0.4494885737346507,13394.73,100.0
ET041910,Abe Dongoro,Oromia,14863.31,459.69,17.820901598786453,moderate,127167.625,2,1486.3310000000001,0.39026109301312345,14863.31,100.0
ET041911,Choman Guduru,Oromia,1554.9099999999999,48.089999999999996,20.191823635704075,low,44175.39844,1,0.0,0.45315602652831527,1554.91,100.0
ET041912,Horo Buluk,Oromia,6464.08,199.92,19.694102931397737,low,68327.89844,1,0.0,0.43995267773866914,6464.08,100.0
ET042001,Burayu,Oromia,3364.93,104.07,3.441435307324846,low,415164.9063,1,0.0,0.008807986456654223,3364.93,100.0
ET042004,Lege Tafo-Lege Dadi town,Oromia,621.77,19.23,7.165557579271177,low,33814.57031,1,0.0,0.1076001099636018,621.77,100.0
ET042005,Sululta town,Oromia,301.67,9.33,3.6548348845532814,low,23171.40234,1,0.0,0.014468970669952851,301.67,100.0
ET042006,Sebeta Hawas,Oromia,1844.94,57.06,7.573253323553682,low,314363.7813,1,0.0,0.11841531026618587,1844.94,100.0
ET042008,Dukem,Oromia,0.0,0.0,7.372831116500356,low,2955.287842,1,0.0,0.11309858487779009,0.0,
ET042009,Sebeta town,Oromia,646.99,20.009999999999998,7.129216929919748,low,380799.0625,1,0.0,0.10663607880219399,646.99,100.0
ET042011,Bereh,Oromia,5.82,0.18,7.463407919525036,low,75719.60938,1,0.0,0.11550137244969279,5.82,100.0
ET042012,Akaki,Oromia,135.8,4.2,7.407714393375582,low,87339.09375,1,0.0,0.11402395540693316,135.8,100.0
ET042013,Sululta,Oromia,1353.15,41.85,4.057556672564034,low,172850.5938,1,0.0,0.02515222371988664,1353.15,100.0
ET042014,Welmera,Oromia,193.03,5.97,3.766739340449916,low,194588.0313,1,0.0,0.017437530244700728,193.03,100.0
ET042016,Mulo,Oromia,3.88,0.12,4.869333906880399,low,30480.43164,1,0.0,0.04668674673940001,3.88,100.0
ET042018,Sendafa town,Oromia,56.26,1.74,7.652331169014701,low,9723.344727,1,0.0,0.12051305779029318,56.26,100.0
ET042020,Holeta town,Oromia,659.6,20.4,3.9914688770734648,low,38527.81641,1,0.0,0.023399071385553114,659.6,100.0
ET042098,Gelana (Finfine),Oromia,1853.67,57.33,7.131072124397085,low,24357.45508,1,0.0,0.106685292707794,1853.67,100.0
ET042102,Lege Hida,Oromia,236.68,7.319999999999999,18.548682365927608,low,331541.375,1,0.0,0.40956738915033747,236.68,100.0
ET042104,Rayitu,Oromia,164.9,5.1,19.839600104007623,low,45183.02344,1,0.0,0.44381237234501064,164.9,100.0
ET042105,Seweyna,Oromia,546.11,16.89,20.2864070969264,low,180498.2344,1,0.0,0.45566510123114634,546.11,100.0
ET042106,Dawe Ketchen,Oromia,191.09,5.91,19.49318539125858,low,61626.14453,1,0.0,0.43462281233933414,191.09,100.0
ET042107,Ginir town,Oromia,69.84,2.16,16.855894554793405,low,36121.21094,1,0.0,0.3646617468817166,69.84,100.0
ET050101,Ayisha,Somali,423.89,13.11,23.518613392613368,low,70890.92188,1,0.0,0.5414078616041984,423.89,100.0
ET050102,Dembel,Somali,331.74,10.26,21.734473820479412,low,160596.7813,1,0.0,0.494078873968201,331.74,100.0
ET050103,Shinile,Somali,1567.52,48.48,20.009747377707107,low,108670.9453,1,0.0,0.4483259756185425,1567.52,100.0
ET050104,Erer (SM),Somali,2368.7400000000002,73.25999999999999,21.49893728213226,moderate,241211.1406,2,236.87400000000002,0.4878306487254166,2368.74,100.0
ET050105,Afdem,Somali,2012.75,62.25,29.47673455040504,low,47883.21094,1,0.0,0.6994626724582699,2012.75,100.0
ET050106,Hadhagala,Somali,1154.3,35.7,22.139645495083634,low,75154.35156,1,0.0,0.5048271166938882,1154.3,100.0
ET050107,Miesso,Somali,648.9300000000001,20.07,24.583539763618564,low,54708.94922,1,0.0,0.5696578302914959,648.93,100.0
ET050198,Gota-Biki,Somali,1593.71,49.29,22.3771444512056,moderate,94796.22656,2,159.371,0.5111274002218268,1593.71,100.0
ET050199,Gablalu,Somali,182.35999999999999,5.64,30.572247148597555,low,26138.29492,1,0.0,0.7285240211468802,182.36,100.0
ET050202,Gursum (SM),Somali,302.64,9.36,24.608664671745643,low,72579.03906,1,0.0,0.5703243344622877,302.64,100.0
ET050203,Babile (SM),Somali,251.23000000000002,7.77,23.514145888748764,low,12192.585939999999,1,0.0,0.5412893493316867,251.23,100.0
ET050204,Shabeeley,Somali,8.73,0.27,24.992690536470334,low,131581.0938,1,0.0,0.5805116290480576,8.73,100.0
ET050205,Aw-Bare,Somali,17.46,0.54,25.19111613078916,low,439293.2813,1,0.0,0.5857753890401912,17.46,100.0
ET050206,Kebribeyah,Somali,94.09,2.91,24.974143073220283,low,138704.0156,1,0.0,0.5800196088762328,94.09,100.0
ET050207,Harshin,Somali,63.05,1.95,26.72045238883364,low,263756.4688,1,0.0,0.6263450496086723,63.05,100.0
ET050283,Tuliguled,Somali,149.38,4.62,23.71494922251136,low,26588.16406,1,0.0,0.5466161851069561,149.38,100.0
ET050293,Jigjiga town,Somali,84.39,2.6100000000000003,23.385054217011422,low,360313.1875,1,0.0,0.5378648537199117,84.39,100.0
ET050295,Wajale town,Somali,36.86,1.14,25.263249214689907,low,121380.2344,1,0.0,0.5876889085256659,36.86,100.0
ET050296,Kebribayah town,Somali,18.43,0.5699999999999998,24.82384687453669,low,35497.13672,1,0.0,0.5760326075001437,18.43,100.0
ET050297,Koran /Mulla,Somali,107.67,3.33,26.43988906429488,low,28694.71875,1,0.0,0.61890237061337,107.67,100.0
ET050299,Harawo,Somali,367.63,11.37,25.9692982368226,low,167469.0938,1,0.0,0.6064187130548921,367.63,100.0
ET050301,Degehamedo,Somali,41.71,1.29,29.03978065783116,low,75964.54688,1,0.0,0.687871322934872,41.71,100.0
ET050302,Degehabur,Somali,494.7,15.299999999999999,28.59715191508437,low,25335.99414,1,0.0,0.6761294331074169,494.7,100.0
ET050303,Aware,Somali,537.38,16.62,29.85250322097894,low,66184.30469,1,0.0,0.7094309232842495,537.38,100.0
ET050304,Gashamo,Somali,538.35,16.65,32.808180049425324,low,347319.125,1,0.0,0.7878380133204991,538.35,100.0
ET050305,Gunagado,Somali,1075.73,33.269999999999996,30.746063587872392,low,35094.14063,1,0.0,0.7331349586732152,1075.73,100.0
ET050306,Bilcil-Bur,Somali,157.14,4.859999999999999,29.091342295208847,low,8343.104492,1,0.0,0.6892391307768457,157.14,100.0
ET050307,Degahabur town,Somali,267.72,8.28,28.10509108482293,low,70393.75,1,0.0,0.6630762273407025,267.72,100.0
ET050382,Yocale,Somali,92.14999999999999,2.85,28.154475262217844,low,13003.780269999997,1,0.0,0.6643862723382148,92.15,100.0
ET050392,Daror,Somali,169.75,5.25,29.735876254613853,low,196230.6563,1,0.0,0.7063370867171277,169.75,100.0
ET050394,Burqod,Somali,404.49,12.51,30.559523014260183,low,29607.08594,1,0.0,0.7281864800676181,404.49,100.0
ET050395,Ararso,Somali,215.34,6.66,26.18124755119039,low,21536.06641,1,0.0,0.6120412252371498,215.34,100.0
ET050399,Dig,Somali,28.13,0.8699999999999999,31.39262567178591,low,21091.94727,1,0.0,0.7502867159423209,28.13,100.0
ET050402,Fik,Somali,146.47,4.53,28.9486234697204,low,181146.7188,1,0.0,0.685453139124361,146.47,100.0
ET050403,Salahad,Somali,132.89,4.109999999999999,32.73883752311688,low,483.7435303,1,0.0,0.7859985207036878,132.89,100.0
ET050404,Hamero,Somali,339.5,10.5,30.74713040065391,low,82002.78906,1,0.0,0.7331632586838954,339.5,100.0
ET050407,Lagahida,Somali,428.74,13.26,32.965667910961024,low,4517.768066,1,0.0,0.7920157924403958,428.74,100.0
ET050408,Meyumuluka,Somali,254.14,7.86,24.87471343945415,low,109729.7266,1,0.0,0.5773819767197191,254.14,100.0
ET050497,Qubi,Somali,145.5,4.5,27.957312327370875,low,9526.588867,1,0.0,0.6591560077045527,145.5,100.0
ET050498,Yahob,Somali,152.29,4.71,29.957649224094524,low,42707.91406,1,0.0,0.7122201971500154,152.29,100.0
ET050499,Wangey,Somali,99.91,3.09,31.515555347601268,low,12089.96191,1,0.0,0.7535477484297082,99.91,100.0
ET050501,Shaygosh,Somali,939.93,29.07,31.824682708941605,low,85025.57813,1,0.0,0.7617481635156905,939.93,100.0
ET050503,Shilabo,Somali,1041.78,32.22,38.49978952747272,moderate,120324.1641,2,104.178,0.9388229019596965,1041.78,100.0
ET050504,Debeweyin,Somali,964.18,29.82,36.60822083188096,low,40423.66797,1,0.0,0.8886440746949537,964.18,100.0
ET050586,Marsin,Somali,562.6,17.4,35.13372643260006,low,27182.35352,1,0.0,0.8495292384551834,562.6,100.0
ET050592,Kebridehar town,Somali,2040.8799999999999,63.12,34.032195710480366,moderate,143246.2656,2,204.088,0.8203082432246825,2040.88,100.0
ET050595,Goglo,Somali,538.35,16.65,35.12534226221483,low,12064.55957,1,0.0,0.8493068263173114,538.35,100.0
ET050596,Lasdhankayre,Somali,375.39,11.61,35.50231459135644,low,10861.30469,1,0.0,0.8593070073478326,375.39,100.0
ET050597,Higloley,Somali,564.54,17.46,38.53774551244794,low,23246.89844,1,0.0,0.9398297841406996,564.54,100.0
ET050598,El-Ogaden,Somali,263.84,8.16,35.21212388923738,low,11955.70508,1,0.0,0.8516089368789136,263.84,100.0
ET050599,Bodaley,Somali,731.38,22.62,33.017675613664096,low,8236.973633,1,0.0,0.7933954333365765,731.38,100.0
ET050601,East Imi,Somali,710.04,21.96,34.519328857988405,low,34182.98047,1,0.0,0.8332307292653439,710.04,100.0
ET050602,Adadle,Somali,1549.09,47.91,39.14579508471429,moderate,147092.3125,2,154.909,0.9559598958972851,1549.09,100.0
ET050603,Danan,Somali,1617.96,50.04,34.31483497733155,moderate,102295.4766,2,161.79600000000002,0.827805992041636,1617.96,100.0
ET050604,Gode,Somali,555.81,17.19,36.21827972309662,low,81223.53906,1,0.0,0.8782998627259612,555.81,100.0
ET050605,Kelafo,Somali,2589.9,80.1,39.17567033740384,moderate,301409.5938,2,258.99,0.9567524154328924,2589.9,100.0
ET050606,Mustahil,Somali,801.22,24.78,40.11327053276183,low,111885.8516,1,0.0,0.9816247229287296,801.22,100.0
ET050607,Ferfer,Somali,371.51,11.49,40.805955092675056,low,65863.90625,1,0.0,1.0,371.51,100.0
ET050608,Berocano,Somali,689.67,21.33,36.69331889765501,low,69859.39844,1,0.0,0.8909015243730917,689.67,100.0
ET050696,Godey town,Somali,1569.46,48.54,36.61097562170778,low,560648.125,1,0.0,0.8887171527297048,1569.46,100.0
ET050698,Elale,Somali,723.62,22.38,36.21903282769291,low,21126.73242,1,0.0,0.8783198408031715,723.62,100.0
ET050699,Aba-Korow,Somali,446.2,13.8,35.175784720159974,low,15764.29883,1,0.0,0.8506449449856617,446.2,100.0
ET050701,Danod,Somali,478.21,14.79,35.834251619967674,low,24050.5332,1,0.0,0.8681125087606398,478.21,100.0
ET050702,Bokh,Somali,237.65,7.35,37.20129919479463,low,74450.67188,1,0.0,0.9043770358062556,237.65,100.0
ET050703,Galadi,Somali,919.5600000000001,28.44,37.92111598133423,low,53996.99219,1,0.0,0.9234720664431066,919.56,100.0
ET050704,Warder,Somali,604.31,18.69,36.851159119204894,low,22093.87305,1,0.0,0.8950886507677281,604.31,100.0
ET050788,Daratole,Somali,258.99,8.01,34.95132379903825,low,760.0775146,1,0.0,0.8446905295764299,258.99,100.0
ET050798,Lehel-Yucub,Somali,51.41,1.5899999999999999,36.74465047698821,low,5109.145508,1,0.0,0.8922632293212598,51.41,100.0
ET050799,Galhamur,Somali,160.04999999999998,4.95,39.67893121738669,low,34356.75,1,0.0,0.9701027319318984,160.05,100.0
ET050802,Charati,Somali,1256.15,38.849999999999994,35.25117956199563,moderate,262256.1875,2,125.61500000000001,0.8526449911663478,1256.15,100.0
ET050804,Elkare /Serer,Somali,1011.71,31.29,37.43373907530658,low,276122.4063,1,0.0,0.9105431140675572,1011.71,100.0
ET050805,West Imi,Somali,1086.3999999999999,33.6,31.63468889703146,low,319487.6875,1,0.0,0.7567080786953891,1086.4,100.0
ET050806,Hargele,Somali,4412.53,136.47,36.44815131328114,moderate,208166.9375,2,441.253,0.8843978103415152,4412.53,100.0
ET050807,Barey,Somali,752.72,23.28,39.22689188237241,moderate,120656.09379999999,2,75.272,0.9581112014305679,752.72,100.0
ET050808,Dolobay,Somali,1286.22,39.78,32.13536434101031,moderate,79037.10156,2,128.622,0.7699898097145492,1286.22,100.0
ET050809,Raso,Somali,1435.6,44.4,35.820371673094606,low,190521.1406,1,0.0,0.8677443067184879,1435.6,100.0
ET050898,Kohle /Qoxle,Somali,558.72,17.28,39.46818912659106,low,33724.45703,1,0.0,0.9645122445252877,558.72,100.0
ET050899,God-God,Somali,1012.68,31.32,39.97767670371561,low,21668.72656,1,0.0,0.9780277405184519,1012.68,100.0
ET050901,Filtu,Somali,496.64,15.360000000000001,26.93193429045201,low,267524.875,1,0.0,0.6319551624402381,496.64,100.0
ET050902,Dolo Ado,Somali,2692.72,83.28,31.960365333189905,low,97025.67969,1,0.0,0.7653475014518962,2692.72,100.0
ET050903,Goro Baqaqsa,Somali,557.75,17.25,20.819208914068152,low,167373.7031,1,0.0,0.4697990686683338,557.75,100.0
ET050904,Guradamole,Somali,327.86,10.14,21.36773621852808,low,26552.43164,1,0.0,0.484350195954715,327.86,100.0
ET050991,Deka Suftu,Somali,319.13,9.87,24.50428624289669,low,85719.04688,1,0.0,0.5675554225197381,319.13,100.0
ET050999,Bokolmayo,Somali,1059.24,32.76,30.63783774540837,low,28549.02539,1,0.0,0.7302639839804962,1059.24,100.0
ET051001,Ayun,Somali,695.49,21.509999999999998,32.407599646299985,low,10007.0,1,0.0,0.7772115661283292,695.49,100.0
ET051002,Elwayne,Somali,229.89,7.109999999999999,34.991275364873005,low,23276.62891,1,0.0,0.8457503497805018,229.89,100.0
ET051003,Garbo,Somali,557.75,17.25,32.194927666405576,low,40746.41406,1,0.0,0.7715698833451227,557.75,100.0
ET051005,Sagag,Somali,457.84,14.16,31.16812925857756,low,125099.8125,1,0.0,0.7443313590122824,457.84,100.0
ET051006,Dihun,Somali,94.09,2.9099999999999997,32.76619650429822,low,24841.28516,1,0.0,0.7867242895293388,94.09,100.0
ET051095,Horshagah,Somali,429.71000000000004,13.29,32.9429296384306,low,9314.498047,1,0.0,0.7914126000465579,429.71,100.0
ET051096,Hararey,Somali,258.99,8.01,33.316828985392846,low,13645.75195,1,0.0,0.8013312621545441,258.99,100.0
ET051104,Hudet,Somali,1458.8799999999999,45.120000000000005,27.702002341727493,moderate,29803.19727,2,145.888,0.6523832398434546,1458.88,100.0
ET051187,Mubarek,Somali,2476.41,76.59,29.58414758066727,low,132176.7188,1,0.0,0.702312085172739,2476.41,100.0
ET051198,Qada Duma,Somali,4860.67,150.33,29.884023226060133,moderate,143656.6875,2,486.067,0.7102670741964733,4860.67,100.0
ET060200,Gilgel Beles town,Benishangul Gumz,23926.02,739.98,26.067535797767302,high,20257.36719,3,7177.806,0.6090247223492106,23926.02,100.0
ET060201,Dangur,Benishangul Gumz,15251.310000000001,471.69,26.834712078668936,high,119435.4141,3,4575.393,0.6293760879489293,15251.31,100.0
ET060202,Guba,Benishangul Gumz,19750.17,610.8299999999999,30.865618169203056,high,23020.24805,3,5925.0509999999995,0.736306457915765,19750.17,100.0
ET060203,Wembera,Benishangul Gumz,33949.03,1049.97,32.627979930264644,high,108912.7578,3,10184.708999999999,0.7830577319204512,10184.709,30.0
ET060204,Mandura,Benishangul Gumz,17624.9,545.1,26.63831364197987,high,61228.81641,3,5287.47,0.6241661036366212,17624.9,100.0
ET060205,Dibate,Benishangul Gumz,37311.05,1153.95,27.49820622612682,high,137710.75,3,11193.315,0.6469770126703237,11193.315,30.0
ET060206,Pawe,Benishangul Gumz,25461.53,787.4699999999999,26.112735317126397,very high,77197.32813,4,12730.765,0.6102237583026259,25461.53,100.0
ET060207,Bulen,Benishangul Gumz,34136.24,1055.76,27.87065827047227,high,121242.21879999999,3,10240.872,0.6568572812755112,10240.872,30.0
ET060301,Menge,Benishangul Gumz,15613.12,482.88,27.7251849010616,high,36946.4375,3,4683.936,0.6529982181115406,15613.12,100.0
ET060302,Kurmuk,Benishangul Gumz,7332.23,226.77,27.838615801361986,moderate,41112.70703,2,733.223,0.6560072706328273,7332.23,100.0
ET060303,Assosa,Benishangul Gumz,17123.41,529.59,26.46716501988566,very high,110291.625,4,8561.705,0.6196259369671905,17123.41,100.0
ET060304,Sherkole,Benishangul Gumz,35089.75,1085.25,28.546021796978227,very high,72506.46875,4,17544.875,0.6747730724473715,35089.75,100.0
ET060305,Bambasi,Benishangul Gumz,21432.15,662.8499999999999,26.81477962594215,high,154239.0,3,6429.645,0.628847327293992,21432.15,100.0
ET060306,Bilidigilu,Benishangul Gumz,27430.63,848.37,28.160680452756264,moderate,150173.3281,2,2743.063,0.6645508813132406,2743.063,10.0
ET060307,Homosha,Benishangul Gumz,5718.15,176.85,26.93763633491628,moderate,34057.80859,2,571.8149999999999,0.6321064241442912,5718.15,100.0
ET060308,Undulu,Benishangul Gumz,8258.58,255.42000000000002,28.404210180673427,moderate,21517.51172,2,825.8580000000001,0.6710111469009845,8258.58,100.0
ET060309,Assosa town Administration,Benishangul Gumz,27149.33,839.67,25.80836917379914,high,65327.07031,3,8144.799,0.602149647028292,27149.33,100.0
ET060400,Kamashi town,Benishangul Gumz,3464.8399999999997,107.16,22.7095064432974,moderate,25009.28906,2,346.484,0.5199441749069899,3464.84,100.0
ET060403,Kamashi,Benishangul Gumz,4374.7,135.3,20.173659229374696,moderate,32545.06055,2,437.47,0.4526741679472906,4374.7,100.0
ET060404,Dembe,Benishangul Gumz,5591.08,172.92,24.096557548250203,moderate,39368.62109,2,559.1080000000001,0.5567393481222156,5591.08,100.0
ET060405,Mizyiga,Benishangul Gumz,10155.9,314.1,16.772978464734564,moderate,190117.6719,2,1015.59,0.36246217983970186,10155.9,100.0
ET060508,Maokomo Special,Benishangul Gumz,22357.53,691.47,29.109257563645265,high,199307.9688,3,6707.258999999999,0.6897143803209768,22357.53,100.0
ET070101,Kebena,Central Ethiopia,7509.74,232.26,10.969594713890926,moderate,45356.87109,2,750.974,0.2085121850743797,7509.74,100.0
ET070102,Abeshege,Central Ethiopia,10284.91,318.09000000000003,11.610941872645771,moderate,90450.53125,2,1028.491,0.22552560275827999,10284.91,100.0
ET070103,Ezha,Central Ethiopia,3659.81,113.19,11.883417354310364,low,76087.10156,1,0.0,0.23275373048115283,3659.81,100.0
ET070104,Gedebano Gutazer Welene,Central Ethiopia,307.49,9.51,10.926089079095886,low,116458.0703,1,0.0,0.20735808385748453,307.49,100.0
ET070105,Sodo,Central Ethiopia,2766.44,85.56,10.013561085407527,low,110699.5156,1,0.0,0.1831508823552384,2766.44,100.0
ET070106,Meskan,Central Ethiopia,1412.32,43.68,10.381706797378174,low,112455.9844,1,0.0,0.19291691418494772,1412.32,100.0
ET070107,Mareko,Central Ethiopia,9201.42,284.58,12.36025996786692,moderate,65766.38281,2,920.142,0.24540323308387882,9201.42,100.0
ET070108,Endiguagn,Central Ethiopia,955.45,29.55,19.292620514915555,low,62383.72656,1,0.0,0.42930230227335275,955.45,100.0
ET070109,Gumer,Central Ethiopia,337.56,10.44,11.86671867124258,low,89187.85938,1,0.0,0.23231075405890617,337.56,100.0
ET070110,Cheha,Central Ethiopia,9609.789999999999,297.21000000000004,11.773729538752423,moderate,109522.78129999999,2,960.9789999999999,0.22984397311270208,9609.79,100.0
ET070111,Enemor Ener,Central Ethiopia,8836.7,273.3,11.98909266121732,moderate,131344.5938,2,883.6700000000001,0.23555704552003592,8836.7,100.0
ET070112,Muhur Na Aklil,Central Ethiopia,863.3,26.7,11.47814205478936,low,123092.375,1,0.0,0.22200273883240948,863.3,100.0
ET070113,Geta,Central Ethiopia,151.32,4.68,19.975724808612625,low,76127.45313,1,0.0,0.44742343762366377,151.32,100.0
ET070114,Welkite town,Central Ethiopia,18787.93,581.07,10.96998417467424,moderate,41104.36328,2,1878.7930000000001,0.20852251654445417,18787.93,100.0
ET070115,Butajira town,Central Ethiopia,4940.21,152.79,10.402601212372245,moderate,45823.60547,2,494.021,0.19347119341531813,4940.21,100.0
ET070116,Emdebir town,Central Ethiopia,1265.85,39.15,11.842724487986196,low,7637.288086,1,0.0,0.23167424533480507,1265.85,100.0
ET070117,Bui town,Central Ethiopia,337.56,10.44,9.488382646142316,low,10667.52344,1,0.0,0.1692191450366463,337.56,100.0
ET070118,Misrak Meskan,Central Ethiopia,1132.96,35.04,12.622638672113336,low,40681.92969,1,0.0,0.2523635172697033,1132.96,100.0
ET070119,Debub Sodo,Central Ethiopia,3698.61,114.39,12.097906720151466,moderate,61237.03906,2,369.86100000000005,0.23844362419939172,3698.61,100.0
ET070120,Enor Ener,Central Ethiopia,9463.32,292.67999999999995,12.338532020219125,moderate,73715.25,2,946.332,0.2448268422108553,9463.32,100.0
ET070201,Misha,Central Ethiopia,134.83,4.17,18.72989326653185,low,71376.76563,1,0.0,0.4143744841826773,134.83,100.0
ET070202,Gombora,Central Ethiopia,8783.35,271.65,19.217709873183253,moderate,134133.5625,2,878.335,0.42731510077200824,8783.35,100.0
ET070204,Shashogo,Central Ethiopia,9698.06,299.94,17.78903860344427,moderate,168228.4219,2,969.806,0.38941584338347013,9698.06,100.0
ET070205,Misrak Badawacho,Central Ethiopia,7052.87,218.13,17.0423203188464,moderate,179670.125,2,705.287,0.3696071798622441,7052.87,100.0
ET070206,Soro,Central Ethiopia,5847.16,180.84,19.14523611825941,moderate,198646.5,2,584.716,0.42539254409298,5847.16,100.0
ET070207,Duna,Central Ethiopia,427.77,13.23,18.496243779273488,low,210523.8281,1,0.0,0.40817631792577314,427.77,100.0
ET070208,Analemmo,Central Ethiopia,1612.14,49.86,16.435189438303375,low,102571.25,1,0.0,0.3535014388162765,1612.14,100.0
ET070209,Mirab Badowach,Central Ethiopia,7079.0599999999995,218.94,17.27900155300131,moderate,136493.875,2,707.906,0.37588577116751526,7079.06,100.0
ET070210,Gibe,Central Ethiopia,6988.849999999999,216.15,19.299578876975577,moderate,138837.6094,2,698.885,0.4294868911009587,6988.85,100.0
ET070211,Hosaena town,Central Ethiopia,11171.49,345.51,18.25553512117092,moderate,127719.5625,2,1117.1490000000001,0.40179088862351975,11171.49,100.0
ET070212,Shone Town,Central Ethiopia,6651.29,205.71,16.86199290942159,moderate,43241.82031,2,665.129,0.36482352175365224,6651.29,100.0
ET070213,Gimbichu town,Central Ethiopia,4954.76,153.24,18.780975178462896,low,13789.24414,1,0.0,0.4157295660473298,4954.76,100.0
ET070214,Jajura town,Central Ethiopia,3530.8,109.2,18.51827783306808,low,9073.595703,1,0.0,0.4087608290682326,3530.8,100.0
ET070216,Siraro Badawacho,Central Ethiopia,1053.42,32.58,15.355196506909005,low,21880.06836,1,0.0,0.3248517900470428,1053.42,100.0
ET070217,Mirab Soro,Central Ethiopia,3586.09,110.91,19.199229615926157,low,55277.96094,1,0.0,0.42682486341564213,3586.09,100.0
ET070301,Tembaro,Central Ethiopia,27156.12,839.88,18.893260495090622,high,181782.2344,3,8146.835999999999,0.4187082289531816,27156.12,100.0
ET070302,Angacha,Central Ethiopia,2044.76,63.239999999999995,17.520404015617626,low,130409.15629999999,1,0.0,0.3822896054565565,2044.76,100.0
ET070304,Kacha Bira,Central Ethiopia,25358.71,784.29,17.533332639102365,moderate,115435.0,2,2535.871,0.3826325711474794,2535.871,10.0
ET070305,Hadero Tunto,Central Ethiopia,12420.85,384.15,17.94239892354615,moderate,113945.3359,2,1242.085,0.39348412862713694,12420.85,100.0
ET070306,Doyogena,Central Ethiopia,527.6800000000001,16.32,18.098212690394856,low,128877.8984,1,0.0,0.39761749798897456,527.68,100.0
ET070307,Damboya,Central Ethiopia,2379.41,73.59,17.013642403348946,low,84276.33594,1,0.0,0.36884642284008934,2379.41,100.0
ET070308,Durame town,Central Ethiopia,18667.65,577.35,17.007153590562893,moderate,37006.875,2,1866.7650000000003,0.3686742900400999,18667.65,100.0
ET070309,Adilo,Central Ethiopia,6949.08,214.92000000000002,16.57877909286224,moderate,33861.78906,2,694.908,0.3573105314968145,6949.08,100.0
ET070310,Shinshincho town,Central Ethiopia,14928.3,461.7,17.477152323787088,moderate,23481.19727,2,1492.83,0.3811422407436966,14928.3,100.0
ET070312,Hadero town,Central Ethiopia,7839.54,242.46,17.872309286489113,moderate,37820.63281,2,783.9540000000001,0.3916248169356663,7839.54,100.0
ET070501,Wenago,Southern Ethiopi,3513.34,108.66,16.929506928473835,low,211375.5313,1,0.0,0.36661450841348975,3513.34,100.0
ET070502,Yirgachefe,Southern Ethiopi,504.4,15.6,17.399740048942764,low,248926.6719,1,0.0,0.379088676854298,504.4,100.0
ET070503,Kochere,Southern Ethiopi,1732.42,53.58,18.092089660818665,low,204187.1719,1,0.0,0.397455068549242,1732.42,100.0
ET070504,Bule,Southern Ethiopi,143.56,4.4399999999999995,17.23840957977827,low,92080.13281,1,0.0,0.3748089624756391,143.56,100.0
ET070505,Dila Zuria,Southern Ethiopi,2910.0,90.0,16.76174590091982,moderate,201417.6875,2,291.0,0.3621642065856964,2910.0,100.0
ET070506,Gedeb,Southern Ethiopi,554.84,17.16,19.01371035783677,low,186602.5156,1,0.0,0.421903477886454,554.84,100.0
ET070507,Dila town,Southern Ethiopi,13213.34,408.65999999999997,16.411818805631114,high,151709.1406,3,3964.002,0.35288147140898,13213.34,100.0
ET070508,Chelelektu town,Southern Ethiopi,8006.38,247.62,18.1593034661348,moderate,13250.6875,2,800.638,0.3992380912513117,8006.38,100.0
ET070509,Rape,Southern Ethiopi,115.42999999999999,3.57,17.75419435778366,low,91244.28906,1,0.0,0.3884915082597981,115.43,100.0
ET070510,Churso,Southern Ethiopi,130.95,4.05,17.768545626798563,low,146937.9375,1,0.0,0.38887221335954253,130.95,100.0
ET070511,Gedeb town,Southern Ethiopi,232.8,7.199999999999999,18.59888638449369,low,25810.29492,1,0.0,0.41089918258797165,232.8,100.0
ET070512,Yirgachefe town,Southern Ethiopi,857.48,26.52,17.486851903777605,low,26448.57227,1,0.0,0.38139954757586136,857.48,100.0
ET070602,Damot Gale,Southern Ethiopi,8454.52,261.48,17.3289971209396,moderate,141315.1406,2,845.4520000000001,0.3772120349048168,8454.52,100.0
ET070603,Damot Woide,Southern Ethiopi,4349.4800000000005,134.51999999999998,16.71410282019933,moderate,108749.9844,2,434.9480000000001,0.36090034874991966,4349.48,100.0
ET070604,Humbo,Southern Ethiopi,7120.77,220.23000000000002,21.105099550792183,moderate,97392.07813,2,712.0770000000001,0.47738306860987156,7120.77,100.0
ET070605,Sodo Zuria,Southern Ethiopi,9926.98,307.02,17.181975440851065,moderate,209060.9063,2,992.698,0.37331189873396153,9926.98,100.0
ET070606,Kindo Koyesha,Southern Ethiopi,13328.77,412.23,22.78413487971974,high,152886.2031,3,3998.631,0.5219238901713635,13328.77,100.0
ET070607,Ofa,Southern Ethiopi,21338.059999999998,659.9399999999999,21.611338460216555,moderate,108458.0547,2,2133.806,0.49081238516067777,21338.06,100.0
ET070608,Boloso Bombe,Southern Ethiopi,49872.549999999996,1542.45,18.669167821684283,high,130362.8359,3,14961.764999999998,0.41276358228168797,14961.765,30.0
ET070609,Damot Sore,Southern Ethiopi,12016.36,371.64,22.218565297198936,moderate,135442.1875,2,1201.6360000000002,0.506920671703199,12016.36,100.0
ET070610,Kindo Daddaye,Southern Ethiopi,25485.78,788.22,23.33183770948798,moderate,92734.82813,2,2548.578,0.5364531461013226,2548.578,10.0
ET070611,Damot Pullasa,Southern Ethiopi,23908.559999999998,739.4399999999999,17.401484879512502,high,145759.2813,3,7172.567999999999,0.37913496306741257,23908.56,100.0
ET070612,Duguna Fango,Southern Ethiopi,8049.0599999999995,248.94,17.163346669504975,moderate,141586.5625,2,804.906,0.37281772165135896,8049.06,100.0
ET070613,Sodo Town,Southern Ethiopi,34482.53,1066.47,21.682069272912614,high,107767.8047,3,10344.759,0.49268870571982093,10344.759,30.0
ET070614,Areka town,Southern Ethiopi,57577.26,1780.74,22.49242899651062,high,50723.51953,3,17273.178,0.5141856255448808,17273.178,30.0
ET070615,Boditi town,Southern Ethiopi,7987.950000000001,247.05,17.202554046104098,moderate,41021.82031,2,798.7950000000001,0.3738578002815753,7987.95,100.0
ET070616,Tebela town,Southern Ethiopi,3245.62,100.38,21.1941397232075,low,19315.88672,1,0.0,0.4797450930193807,3245.62,100.0
ET070617,Gesuba town,Southern Ethiopi,11396.529999999999,352.47,21.82330773895642,moderate,16403.63477,2,1139.653,0.496435426950335,11396.53,100.0
ET070618,Gununo Hamus town,Southern Ethiopi,7568.91,234.09,22.18456122164353,moderate,17632.25781,2,756.8910000000001,0.5060186242980117,7568.91,100.0
ET070619,Hobicha Abaya,Southern Ethiopi,11104.560000000001,343.44,21.834538120955195,moderate,62028.56641,2,1110.4560000000001,0.49673334232594196,11104.56,100.0
ET070620,Kawo Koisha,Southern Ethiopi,17541.48,542.52,22.74701809253729,moderate,93793.74219,2,1754.1480000000001,0.5209392699157044,17541.48,100.0
ET070621,Abela Abaya,Southern Ethiopi,5302.0199999999995,163.98,21.025795759025783,moderate,57259.12109,2,530.202,0.47527932726663663,5302.02,100.0
ET070622,Bayera Koisha,Southern Ethiopi,10570.09,326.90999999999997,22.1457444060396,moderate,43438.125,2,1057.009,0.5049889063238794,10570.09,100.0
ET070701,Salamago,Southern Ethiopi,47656.1,1473.9,25.780161828285017,very high,74017.92188,4,23828.05,0.60140137311075,23828.05,50.0
ET070702,South Ari,Southern Ethiopi,24330.51,752.49,24.323906789497077,moderate,244553.25,2,2433.051,0.5627703838080373,2433.051,10.0
ET070703,North Ari,Southern Ethiopi,8291.56,256.44,24.48931401022363,moderate,162171.7813,2,829.156,0.5671582447281941,8291.56,100.0
ET070704,Hamer,Southern Ethiopi,12060.98,373.02,26.204200945421697,high,128578.9609,3,3618.294,0.6126501242990536,12060.98,100.0
ET070705,Bena Tsemay,Southern Ethiopi,9321.699999999999,288.3,24.42630553904435,high,135822.3125,3,2796.5099999999998,0.5654867795581007,9321.7,100.0
ET070706,Dasenech /Kuraz,Southern Ethiopi,32606.55,1008.45,27.988063709730294,very high,96971.66406,4,16303.275,0.6599717688805341,32606.55,100.0
ET070707,Malie,Southern Ethiopi,4104.07,126.92999999999999,23.593138177467544,moderate,179877.0313,2,410.407,0.5433848272385181,4104.07,100.0
ET070708,Nyngatom,Southern Ethiopi,2651.98,82.02,23.900357691668454,moderate,34579.46484,2,265.19800000000004,0.5515346316687627,2651.98,100.0
ET070709,Jinka town,Southern Ethiopi,11996.96,371.03999999999996,23.97589404250884,moderate,77621.0625,2,1199.696,0.5535384317474286,11996.96,100.0
ET070711,Wub Ari,Southern Ethiopi,1516.1100000000001,46.89,25.345216904342717,low,53601.57031,1,0.0,0.5898633167562334,1516.11,100.0
ET071003,Selamber town,Southern Ethiopi,12393.69,383.31,22.100278082371105,moderate,11625.66797,2,1239.3690000000001,0.503782792685479,12393.69,100.0
ET071004,Boreda,Southern Ethiopi,30458.0,942.0,20.42288913820756,high,109810.4375,3,9137.4,0.4592856458035677,30458.0,100.0
ET071005,Mirab Abaya,Southern Ethiopi,12419.88,384.12,20.001054628443374,high,127015.65629999999,3,3725.9639999999995,0.44809537761553203,12419.88,100.0
ET071006,Chencha Zuriya,Southern Ethiopi,60.14,1.8599999999999999,19.39708644528844,low,102374.1172,1,0.0,0.43207353542362004,60.14,100.0
ET071007,Ezo /Kogota,Southern Ethiopi,574.24,17.76,19.74462175916299,low,40711.43359,1,0.0,0.4412928223170593,574.24,100.0
ET071008,Dita,Southern Ethiopi,765.3299999999999,23.669999999999998,20.56677331397259,low,119342.9219,1,0.0,0.4631025514325671,765.33,100.0
ET071009,Daramalo,Southern Ethiopi,17538.57,542.43,21.957489194415203,high,133404.3281,3,5261.571,0.4999949424420479,17538.57,100.0
ET071010,Chencha,Southern Ethiopi,192.06,5.9399999999999995,19.24499422414009,low,15173.50293,1,0.0,0.42803888983496136,192.06,100.0
ET071011,Kemba,Southern Ethiopi,3620.04,111.96,20.72595273421134,moderate,189995.0938,2,362.004,0.46732520358941276,3620.04,100.0
ET071012,Kemba town,Southern Ethiopi,897.25,27.75,20.514253850974484,low,6682.224121,1,0.0,0.4617093347505822,897.25,100.0
ET071013,Gerese,Southern Ethiopi,2498.72,77.28,20.136082255125302,moderate,192366.125,2,249.87199999999999,0.4516773400211432,2498.72,100.0
ET071014,Bonke,Southern Ethiopi,1193.1,36.9,19.99829796463568,low,83795.375,1,0.0,0.44802224986851674,1193.1,100.0
ET071015,Arba Minch Zuria,Southern Ethiopi,9941.53,307.46999999999997,18.74159538320783,high,214953.3438,3,2982.4590000000003,0.4146849135594609,9941.53,100.0
ET071016,Gacho Baba,Southern Ethiopi,1150.4199999999998,35.58,18.999111540892017,low,106308.3672,1,0.0,0.42151620592776295,1150.42,100.0
ET071017,Kucha Alpha,Southern Ethiopi,10854.3,335.7,21.94810990829576,moderate,58745.12109,2,1085.43,0.49974613224596515,10854.3,100.0
ET071018,Garda Marta,Southern Ethiopi,5023.63,155.37,21.54009774881684,moderate,54027.91406,2,502.36300000000006,0.48892253819933057,5023.63,100.0
ET071019,Kucha,Southern Ethiopi,16165.05,499.95,22.103994723292544,high,175578.875,3,4849.514999999999,0.5038813863465164,16165.05,100.0
ET071021,Arba Minch town,Southern Ethiopi,12069.71,373.29,18.409908779368543,high,180846.5313,3,3620.9129999999996,0.405886055321392,12069.71,100.0
ET071205,Alle Special,Southern Ethiopi,19335.01,597.99,22.67567798246406,moderate,113513.875,2,1933.501,0.5190467861435025,19335.01,100.0
ET071301,Karat town,Southern Ethiopi,9680.6,299.4,20.9347274462042,moderate,26741.99023,2,968.0600000000001,0.47286350110657416,9680.6,100.0
ET071302,Segen Zuria,Southern Ethiopi,3288.3,101.7,20.85382645036793,moderate,65503.25781,2,328.83000000000004,0.4707173897308285,3288.3,100.0
ET071303,Karat Zuria,Southern Ethiopi,9776.63,302.37,21.47360047318354,moderate,289388.625,2,977.663,0.48715852332883947,9776.63,100.0
ET071304,Kena,Southern Ethiopi,4563.849999999999,141.15,22.03770258027556,moderate,190384.125,2,456.385,0.5021228131573897,4563.85,100.0
ET071401,Kulito town,Central Ethiopia,12716.7,393.3,16.420949782381193,moderate,71325.21875,2,1271.67,0.3531236945469334,12716.7,100.0
ET071402,Wera,Central Ethiopia,9497.27,293.73,16.580672294294203,moderate,177163.4375,2,949.7270000000001,0.35736075363669934,9497.27,100.0
ET071403,Atote Ulo,Central Ethiopia,5829.7,180.3,16.213363101273345,moderate,90044.61719,2,582.97,0.3476169126689888,5829.7,100.0
ET071404,Wera Djo,Central Ethiopia,18856.8,583.1999999999999,16.446159556915042,moderate,132342.6563,2,1885.68,0.3537924500220399,18856.8,100.0
ET071501,Melekoza,Southern Ethiopi,37569.07,1161.93,27.608079157992456,high,194820.4844,3,11270.721,0.6498916807349863,11270.721,30.0
ET071502,Denba Gofa,Southern Ethiopi,6959.75,215.25,22.399562846848333,moderate,118143.28129999999,2,695.975,0.5117221070411619,6959.75,100.0
ET071503,Zala,Southern Ethiopi,4317.47,133.53,21.473619339437136,moderate,143661.4531,2,431.74700000000007,0.48715902380576237,4317.47,100.0
ET071504,Uba Debre Tsehay,Southern Ethiopi,5096.38,157.62,22.369772596112803,high,167877.5469,3,1528.914,0.5109318424056162,5096.38,100.0
ET071505,Gezei Gofa,Southern Ethiopi,3460.96,107.04,23.26865647859632,low,102690.7734,1,0.0,0.5347770980261588,3460.96,100.0
ET071506,O'yida,Southern Ethiopi,2170.86,67.14,22.776139265592747,moderate,51295.05078,2,217.086,0.5217117855086627,2170.86,100.0
ET071507,Sawla town,Southern Ethiopi,5409.69,167.31,22.380922326486814,high,38620.50391,3,1622.907,0.51122761828507,5409.69,100.0
ET071508,Bulike town,Southern Ethiopi,2694.66,83.34,22.842958663128822,low,10673.3457,1,0.0,0.5234843455085775,2694.66,100.0
ET071509,Melo Gada,Southern Ethiopi,9227.61,285.39,23.931252296793687,moderate,27960.50977,2,922.7610000000001,0.552354192204737,9227.61,100.0
ET071601,Basketo SP Woreda,Southern Ethiopi,18565.8,574.2,24.1999286859422,high,117600.1406,3,5569.74,0.5594815390214913,18565.8,100.0
ET072001,Alicho Woriro,Central Ethiopia,133.86,4.14,11.219621684157763,low,108904.03129999999,1,0.0,0.2151448070784258,133.86,100.0
ET072002,Siltie,Central Ethiopia,5064.37,156.63,11.08726713715632,moderate,188984.0,2,506.437,0.21163375513134808,5064.37,100.0
ET072003,Lanfero,Central Ethiopia,5461.1,168.9,18.332170645591603,moderate,96982.83594,2,546.11,0.40382384716803904,5461.1,100.0
ET072004,Mierab Azenet Berbere,Central Ethiopia,113.49,3.51,19.08639478273084,low,78799.53906,1,0.0,0.42383162313970135,113.49,100.0
ET072005,Dalocha,Central Ethiopia,17649.15,545.85,17.906944933661283,moderate,108427.78129999999,2,1764.9150000000002,0.39254361843661373,17649.15,100.0
ET072006,Sankura,Central Ethiopia,14651.85,453.15,17.21857213104656,high,153346.5469,3,4395.555,0.37428272205116947,14651.85,100.0
ET072007,Misrak Azenet Berbere,Central Ethiopia,2838.22,87.78,19.541434485289216,low,79661.75781,1,0.0,0.4359027462696671,2838.22,100.0
ET072008,Wulbareg,Central Ethiopia,6706.58,207.42,18.08997712563936,moderate,69442.17188,2,670.658,0.3973990280056974,6706.58,100.0
ET072009,Tora town,Central Ethiopia,8973.47,277.53,12.816964512139702,moderate,31002.20898,2,897.347,0.25751852051250573,8973.47,100.0
ET072010,Worabe town,Central Ethiopia,7322.53,226.47,18.41831061118936,moderate,64685.8125,2,732.253,0.40610893597522535,7322.53,100.0
ET072011,Kibet town,Central Ethiopia,957.39,29.61,10.790160323650056,low,70932.71094,1,0.0,0.2037522166448777,957.39,100.0
ET072012,Mito,Central Ethiopia,6978.179999999999,215.82,17.394921318828768,moderate,75621.10156,2,697.818,0.3789608473831351,6978.18,100.0
ET072013,Misrak Siltie,Central Ethiopia,4828.66,149.34,11.255041218888303,moderate,65733.85938,2,482.866,0.21608440325549474,4828.66,100.0
ET072102,Amaro,Southern Ethiopi,1434.6299999999999,44.370000000000005,24.715077954699005,moderate,277073.1875,2,143.463,0.5731472262538652,1434.63,100.0
ET072203,Burji Special,Southern Ethiopi,1471.49,45.51,23.262476804424036,low,90142.57813,1,0.0,0.5346131659397556,1471.49,100.0
ET072304,Derashe Special,Southern Ethiopi,8884.23,274.77,20.154397806185116,high,428889.125,3,2665.269,0.4521632081130771,8884.23,100.0
ET072401,Yem SP Woreda,Central Ethiopia,11221.93,347.07,18.09311721286103,moderate,60710.3125,2,1122.193,0.39748232706571013,11221.93,100.0
ET110101,Anderacha,South West Ethiopia,12364.59,382.41,31.89910993522772,moderate,53845.25391,2,1236.459,0.7637225411527853,12364.59,100.0
ET110102,Masha,South West Ethiopia,4398.95,136.04999999999998,33.04838332287677,low,36202.52344,1,0.0,0.7942100359676464,4398.95,100.0
ET110103,Yeki,South West Ethiopia,37643.76,1164.24,22.88362715080109,high,189734.875,3,11293.128,0.5245631839471606,11293.128,30.0
ET110104,Tepi,South West Ethiopia,57767.38,1786.62,22.790673899962144,very high,90133.05469,4,28883.69,0.5220973548559869,28883.69,50.0
ET110105,Masha town,South West Ethiopia,2826.58,87.42,31.85558166493265,low,638.2401123,1,0.0,0.7625678394698068,2826.58,100.0
ET110201,Saylem,South West Ethiopia,1196.98,37.019999999999996,32.44383904460898,low,82991.75,1,0.0,0.7781729113399322,1196.98,100.0
ET110202,Gesha,South West Ethiopia,2567.59,79.41,33.60412520619535,low,174916.4531,1,0.0,0.8089525489050907,2567.59,100.0
ET110203,Gewata,South West Ethiopia,24023.989999999998,743.01,34.101167872767526,high,128052.84379999999,3,7207.196999999999,0.8221379109631839,24023.99,100.0
ET110204,Gimbo,South West Ethiopia,45042.92,1393.08,18.96812323803497,high,144187.2188,3,13512.875999999998,0.4206941598133844,13512.876,30.0
ET110205,Adiyio,South West Ethiopia,6557.200000000001,202.8,20.473207576784027,moderate,183933.5156,2,655.7200000000001,0.46062047453246574,6557.2,100.0
ET110206,Tullo,South West Ethiopia,5690.0199999999995,175.98,20.14907487580146,moderate,85797.61719,2,569.002,0.45202200340563703,5690.02,100.0
ET110207,Cheta,South West Ethiopia,6203.15,191.85,25.41552561265236,moderate,53905.97266,2,620.315,0.5917284398880015,6203.15,100.0
ET110208,Decha,South West Ethiopia,26759.39,827.61,19.910116177322305,high,229553.5781,3,8027.816999999999,0.44568299637811687,26759.39,100.0
ET110209,Chena,South West Ethiopia,19754.05,610.95,21.16577699302756,high,132324.2656,3,5926.214999999999,0.47899269711550874,19754.05,100.0
ET110210,Bita,South West Ethiopia,16380.39,506.61,21.710220968638552,moderate,128388.0703,2,1638.039,0.4934355033805845,16380.39,100.0
ET110211,Bonga town,South West Ethiopia,44426.97,1374.03,19.012006130328476,high,42448.80469,3,13328.091,0.4218582687761754,13328.091,30.0
ET110212,Goba (SP),South West Ethiopia,2760.62,85.38,25.434487824825556,low,25633.80664,1,0.0,0.5922314623642212,2760.62,100.0
ET110213,Shisho Ande,South West Ethiopia,22520.489999999998,696.51,20.44212370259845,moderate,112339.8047,2,2252.049,0.4597958931376097,2252.049,10.0
ET110301,Sheko,South West Ethiopia,30320.26,937.74,23.29373729320893,high,194493.875,3,9096.078,0.5354424325006816,30320.26,100.0
ET110302,Gurafereda,South West Ethiopia,27446.15,848.8499999999999,24.122751229367037,high,124558.3359,3,8233.845,0.557434204303359,27446.15,100.0
ET110303,Debub Bench,South West Ethiopia,49480.67,1530.33,23.177964430965588,very high,232934.3438,4,24740.335,0.5323712532884267,24740.335,50.0
ET110304,Shay Bench,South West Ethiopia,21708.6,671.4,22.23615961271622,high,246577.0938,3,6512.579999999999,0.5073874071282675,21708.6,100.0
ET110305,Semen Bench,South West Ethiopia,23263.510000000002,719.49,22.1515763063477,high,152236.2031,3,6979.053000000001,0.5051436127952157,23263.51,100.0
ET110306,Gidi Bench,South West Ethiopia,16015.67,495.33,20.122069175144865,moderate,45704.74609,2,1601.567,0.4513056062736858,16015.67,100.0
ET110307,Mizan Aman town,South West Ethiopia,62810.409999999996,1942.59,22.46554441904317,very high,139534.6563,4,31405.204999999998,0.5134724415236139,31405.205,50.0
ET110308,Size town,South West Ethiopia,19816.13,612.87,22.01516021875081,moderate,21176.03125,2,1981.6130000000003,0.5015248178174764,19816.13,100.0
ET110401,Tocha,South West Ethiopia,5858.799999999999,181.2,19.555262576177302,moderate,189445.8594,2,585.88,0.4362695726956338,5858.8,100.0
ET110402,Mareka,South West Ethiopia,18052.67,558.3299999999999,20.301850687869216,moderate,125860.6797,2,1805.2669999999998,0.45607478303867094,18052.67,100.0
ET110403,Loma,South West Ethiopia,38135.55,1179.45,20.95448334256936,high,157396.6875,3,11440.665,0.4733875781403493,11440.665,30.0
ET110404,Gena,South West Ethiopia,32583.27,1007.73,20.602612506479257,high,63123.44531,3,9774.981,0.4640532801342479,32583.27,100.0
ET110405,Isara,South West Ethiopia,16385.239999999998,506.76,20.457242033247173,moderate,154515.6719,2,1638.524,0.4601969465616389,16385.24,100.0
ET110406,Kachi,South West Ethiopia,15948.74,493.26,19.123944581648537,moderate,38386.00391,2,1594.874,0.42482773016880804,15948.74,100.0
ET110407,Tercha Zuriya,South West Ethiopia,35265.32,1090.68,19.94252955525344,high,41011.42969,3,10579.596,0.44654284635135005,10579.596,30.0
ET110408,Mari Mansa,South West Ethiopia,5787.0199999999995,178.98,20.13069341906716,moderate,116909.96879999999,2,578.702,0.4515343869926068,5787.02,100.0
ET110409,Disa,South West Ethiopia,20263.3,626.6999999999999,21.527164963632327,moderate,77631.64844,2,2026.33,0.4885794621083918,20263.3,100.0
ET110410,Zabagazo,South West Ethiopia,43630.6,1349.4,18.475326471214714,high,109011.1875,3,13089.179999999998,0.40762143139674,13089.18,30.0
ET110411,Tercha town,South West Ethiopia,50181.979999999996,1552.02,20.04271958246511,high,30194.0957,3,15054.593999999997,0.4492006499409424,15054.594,30.0
ET110412,Gesa town,South West Ethiopia,5702.63,176.37,20.712220979610933,low,6795.793457,1,0.0,0.4669609327364739,5702.63,100.0
ET110501,Gachit,South West Ethiopia,28755.65,889.3499999999999,23.26225354185826,high,126503.3828,3,8626.695,0.534607243313869,28755.65,100.0
ET110502,Menit Goldiye,South West Ethiopia,15331.82,474.18,22.99345041513052,high,178688.1406,3,4599.545999999999,0.5274765344499891,15331.82,100.0
ET110503,Gori Gesha,South West Ethiopia,4259.2699999999995,131.73,24.27651143075846,moderate,60602.58594,2,425.92699999999996,0.5615130974483942,4259.27,100.0
ET110504,Menit Shasha,South West Ethiopia,28315.27,875.73,24.47295336894703,high,135559.9844,3,8494.581,0.5667242357522198,28315.27,100.0
ET110505,Bero,South West Ethiopia,8977.35,277.65,25.724609708711963,high,30984.99023,3,2693.205,0.5999277072487896,8977.35,100.0
ET110506,Surma,South West Ethiopia,6202.18,191.82,27.7476142968087,moderate,26661.85156,2,620.2180000000001,0.6535932167375325,6202.18,100.0
ET110507,Maji,South West Ethiopia,12128.880000000001,375.12,28.928442721712265,moderate,87871.0,2,1212.8880000000001,0.6849177917850159,12128.88,100.0
ET110601,Konta,South West Ethiopia,84441.41,2611.59,19.95674809683117,very high,196334.2188,4,42220.705,0.4469200305072563,42220.705,50.0
ET120101,Akobo,Gambela,1496.71,46.29,32.1105563426393,low,58831.74219,1,0.0,0.7693317124073016,1496.71,100.0
ET120102,Lare,Gambela,3886.79,120.21,28.272956677865185,moderate,51199.65234,2,388.67900000000003,0.66752930304268,3886.79,100.0
ET120103,Jikawo,Gambela,4009.0099999999998,123.99,29.934433023528165,moderate,49130.35156,2,400.901,0.7116043264598957,4009.01,100.0
ET120104,Wantawo,Gambela,5430.0599999999995,167.94,30.81512932174727,moderate,52922.32813,2,543.006,0.7349671086438173,5430.06,100.0
ET120105,Makuey,Gambela,5998.48,185.51999999999998,29.30580682405745,moderate,51280.32813,2,599.848,0.6949283656286319,5998.48,100.0
ET120201,Abobo,Gambela,20084.82,621.18,27.524319724924474,high,20267.48047,3,6025.446,0.6476697418048771,20084.82,100.0
ET120202,Gambela Zuria,Gambela,8385.65,259.35,26.713125354810657,high,37839.05859,3,2515.6949999999997,0.6261506807890471,8385.65,100.0
ET120203,Gog,Gambela,6999.5199999999995,216.48,29.069716478959613,high,23852.9043,3,2099.8559999999998,0.6886654492073853,6999.52,100.0
ET120204,Jore,Gambela,1682.95,52.05,30.62544570262936,moderate,12799.54785,2,168.29500000000002,0.7299352525019545,1682.95,100.0
ET120205,Dima (GM),Gambela,13851.6,428.4,27.376502660271665,high,16354.35645,3,4155.48,0.6437485059696255,13851.6,100.0
ET120206,Gambela town,Gambela,40975.71,1267.29,26.0572408426232,very high,108626.84379999999,4,20487.855,0.6087516216275302,40975.71,100.0
ET120308,Mengesh,Gambela,46600.74,1441.26,24.879921726984776,very high,29653.39844,4,23300.37,0.5775201402244089,23300.37,50.0
ET120407,Itang,Gambela,15287.2,472.8,27.61985903616268,high,55951.25391,3,4586.16,0.650204172939621,15287.2,100.0
ET130101,Sofi,Harari,2113.63,65.37,20.87744034944919,low,41422.26172,1,0.0,0.47134381041848694,2113.63,100.0
ET130102,Shenkor,Harari,338.53,10.469999999999999,20.6268878781715,low,26440.29883,1,0.0,0.46469724812006374,338.53,100.0
ET130103,Jinela,Harari,2853.74,88.26,20.4359812198141,low,21364.1582,1,0.0,0.45963294765044294,2853.74,100.0
ET130104,Hakim,Harari,199.82,6.18,20.633488618834612,low,18511.4375,1,0.0,0.46487235010093575,199.82,100.0
ET130105,Erer (HR),Harari,1106.77,34.23,20.92877250815221,low,32769.50781,1,0.0,0.47270553073596094,1106.77,100.0
ET130107,Amir Nur,Harari,989.4,30.6,20.642181702460164,low,8525.810547,1,0.0,0.4651029569737716,989.4,100.0
ET130108,Aboker,Harari,260.93,8.07,20.53426141545656,low,15224.36816,1,0.0,0.4622400879420861,260.93,100.0
ET130109,Abadir,Harari,4.85,0.15,20.479582571260373,low,113798.8594,1,0.0,0.460789588002882,4.85,100.0
ET140101,Akaki Kality,Addis Ababa,3311.58,102.42,7.175276939025358,low,508863.7813,1,0.0,0.10785794150594308,3311.58,100.0
ET140102,Nifas Silk Lafto,Addis Ababa,2655.86,82.14,6.830289626004411,low,558849.1875,1,0.0,0.09870624702667369,2655.86,100.0
ET140103,Kolfe Keraniyo,Addis Ababa,2063.19,63.809999999999995,3.406792187148618,low,585367.125,1,0.0,0.007888986714648645,2063.19,100.0
ET140104,Bole,Addis Ababa,2347.4,72.6,6.872500023490662,low,446444.9688,1,0.0,0.09982598867241717,2347.4,100.0
ET140105,Lideta,Addis Ababa,1122.29,34.71,3.265702469245821,low,204821.0156,1,0.0,0.004146211419215379,1122.29,100.0
ET140106,Kirkos,Addis Ababa,1352.18,41.82,3.2299920848308914,low,209505.9531,1,0.0,0.003198899690442168,1352.18,100.0
ET140107,Yeka,Addis Ababa,1711.08,52.92,6.873049820891834,low,477874.3125,1,0.0,0.09984057349235433,1711.08,100.0
ET140108,Addis Ketema,Addis Ababa,2224.21,68.78999999999999,3.109404601132759,low,305723.9375,1,0.0,0.0,2224.21,100.0
ET140109,Arada,Addis Ababa,1623.78,50.22,3.132726567503124,low,145816.875,1,0.0,0.0006186764058318107,1623.78,100.0
ET140110,Gulele,Addis Ababa,1517.0800000000002,46.92,3.247631238220015,low,309110.4063,1,0.0,0.003666824557813817,1517.08,100.0
ET140111,Lemi Kura,Addis Ababa,2682.05,82.95,6.9878988912851465,low,524422.375,1,0.0,0.10288724669973655,2682.05,100.0
ET150103,Sabian,Dire Dawa,10605.01,327.99,19.09771847581744,moderate,146242.4375,2,1060.501,0.42413201383696536,10605.01,100.0
ET150104,Malka Jabti /M.Jebdu),Dire Dawa,3519.16,108.84,19.191070102784444,low,80393.89063,1,0.0,0.4266084109011463,3519.16,100.0
ET150105,Legehare,Dire Dawa,3474.54,107.46,19.07404952637315,moderate,16690.80078,2,347.454,0.4235041327938551,3474.54,100.0
ET150109,Addis Ketema (DD),Dire Dawa,1937.09,59.91,19.040573133237764,low,177673.2656,1,0.0,0.42261608355065183,1937.09,100.0
ET150110,Gende Kore,Dire Dawa,3243.68,100.32,18.98906378470558,low,14238.416019999999,1,0.0,0.42124966280762544,3243.68,100.0
ET150206,Jeldessa,Dire Dawa,415.16,12.84,20.07081069729576,low,10305.7334,1,0.0,0.4499458405343616,415.16,100.0
ET150207,Wahil,Dire Dawa,693.5500000000001,21.45,19.234476702635536,low,71303.84375,1,0.0,0.4277598849560689,693.55,100.0
ET150208,Biyoawale,Dire Dawa,612.0699999999999,18.93,19.55085607226743,low,106722.25,1,0.0,0.4361526786071187,612.07,100.0
ET160001,Shebe Dino,Sidama,3800.46,117.53999999999999,14.735028368876108,low,240215.75,1,0.0,0.3084002015078729,3800.46,100.0
ET160002,Hawassa Zuria,Sidama,28442.34,879.6600000000001,14.727894236001278,high,255136.4688,3,8532.702,0.308210949897797,28442.34,100.0
ET160003,Arbegona,Sidama,279.36,8.64,16.19099454538081,low,186472.7813,1,0.0,0.3470235279799162,279.36,100.0
ET160005,Aleta Wendo,Sidama,849.72,26.28,15.830233785018898,low,231522.4219,1,0.0,0.3374534013858965,849.72,100.0
ET160006,Dara,Sidama,3328.0699999999997,102.93,16.696844908745177,moderate,136663.0625,2,332.807,0.36044253732608594,3328.07,100.0
ET160007,Hulla,Sidama,258.99,8.01,16.736564948643956,low,142440.2031,1,0.0,0.3614962156966756,258.99,100.0
ET160008,Bensa,Sidama,655.72,20.28,17.431208797209173,low,401928.0313,1,0.0,0.37992346804489957,655.72,100.0
ET160009,Aroresa,Sidama,291.0,9.0,18.18633340209552,low,234838.4219,1,0.0,0.39995513128835125,291.0,100.0
ET160010,Boricha,Sidama,22531.16,696.84,14.726759736336891,high,152374.4219,3,6759.348,0.30818085431479025,22531.16,100.0
ET160011,Gorche,Sidama,322.04,9.959999999999999,15.351663606572014,low,157429.5938,1,0.0,0.3247580705875452,322.04,100.0
ET160012,Malga,Sidama,266.75,8.25,14.885239747414994,low,237606.8281,1,0.0,0.31238495280687006,266.75,100.0
ET160013,Wonosho,Sidama,299.73,9.27,15.330806758082996,low,115840.3828,1,0.0,0.324204787907378,299.73,100.0
ET160014,Chire,Sidama,1213.47,37.53,19.138777929550585,low,167390.2031,1,0.0,0.4252212236770635,1213.47,100.0
ET160015,Bursa,Sidama,331.74,10.26,16.731478831825626,low,127975.6953,1,0.0,0.3613612930909727,331.74,100.0
ET160016,Aleta Chuko,Sidama,8049.06,248.94,15.805095782219098,moderate,245213.3906,2,804.9060000000001,0.3367865498445217,8049.06,100.0
ET160017,Bona Zuria,Sidama,1212.5,37.5,16.92997619201097,low,189461.0,1,0.0,0.3666269568611863,1212.5,100.0
ET160018,Hawasa town,Sidama,72742.23999999999,2249.76,14.215142982662655,very high,567783.4375,4,36371.119999999995,0.29460887632202876,36371.12,50.0
ET160019,Wondo-Genet,Sidama,25934.89,802.11,14.77117002902287,high,328164.5625,3,7780.467,0.30935895395804386,25934.89,100.0
ET160020,Yirgalem town,Sidama,13602.31,420.69,15.15454024276309,high,74072.82813,3,4080.6929999999998,0.3195288556795883,13602.31,100.0
ET160021,Aleta Wondo town,Sidama,690.64,21.36,15.353948219876006,low,42788.97266,1,0.0,0.3248186759552566,690.64,100.0
ET160022,Leku town,Sidama,4559.0,141.0,14.613142714725246,moderate,30675.04883,2,455.90000000000003,0.30516686443693297,4559.0,100.0
ET160023,Hawela,Sidama,969.03,29.97,14.426595650579536,low,136426.0781,1,0.0,0.30021821365288937,969.03,100.0
ET160024,Bura,Sidama,88.27,2.73,16.88388136556652,low,69003.0,1,0.0,0.36540417053608765,88.27,100.0
ET160025,Dara Otilicho,Sidama,710.04,21.96,15.731510788764645,low,115237.2891,1,0.0,0.33483451464514813,710.04,100.0
ET160026,Teticha,Sidama,185.27,5.7299999999999995,16.14586260930802,low,112843.8906,1,0.0,0.3458262848506564,185.27,100.0
ET160027,Chirone,Sidama,49.47,1.53,16.975788156031676,low,52554.91797,1,0.0,0.36784223951764544,49.47,100.0
ET160028,Shafamo,Sidama,20.37,0.63,16.439869142348314,low,93940.78125,1,0.0,0.353625580255849,20.37,100.0
ET160029,Chabe Gambeltu,Sidama,703.25,21.75,17.51680139134806,low,96016.86719,1,0.0,0.3821940363866393,703.25,100.0
ET160030,Daye town,Sidama,1309.5,40.5,17.090213194062123,low,43860.75391,1,0.0,0.37087766415301415,1309.5,100.0
ET160031,Hokko,Sidama,2214.51,68.49,18.257046245545386,low,237177.2656,1,0.0,0.4018309751660485,2214.51,100.0
ET160032,Bilate Zuria,Sidama,26920.41,832.5899999999999,15.218192683078978,moderate,130355.3906,2,2692.041,0.3212174038222139,2692.041,10.0
ET160033,Darara,Sidama,14999.11,463.89,15.374830801631614,moderate,162774.8125,2,1499.911,0.3253726412779005,14999.11,100.0
ET160034,Daella,Sidama,4.85,0.15,18.296798435156184,low,90814.21094,1,0.0,0.4028855063921806,4.85,100.0
ET160035,Chuko town,Sidama,0.0,0.0,15.67316848087203,low,19224.62109,1,0.0,0.33328683171045353,0.0,
ET160036,Wondo-Genet town,Sidama,7895.8,244.2,14.801311977260648,moderate,9395.916992,2,789.58,0.31015854829346035,7895.8,100.0
ET160037,Loka Abaya,Sidama,17737.42,548.5799999999999,16.125801444259796,high,150365.7969,3,5321.226,0.3452941097633703,17737.42,100.0
